guarani_word,transitivity,spanish_headword,spanish_sense
heja,Transitive,abandonar,Heja
peju,Transitive,abanicar,Peju
mokangy,Transitive,abatir,Mokangy
mohu'ũ,Transitive,ablandar,Mohu’ũ
mombe,Transitive,abollar,Mombe
mboyvykyra,Transitive,abonar,"Mboyvykyra, yvy moporã, yvy
mboavevo"
añuã,Transitive,abrazar,"Añuã, ñañuvã"
ñañuvã,Transitive,abrazar,"Añuã, ñañuvã"
mombyky,Transitive,abreviar,Mombyky
jaho'i,Transitive,abrigar,Jaho’i
pe'a,Transitive,abrir,Pe’a
jora,Transitive,absolver,"Jora, moñyrõ"
moñyrõ,Transitive,absolver,"Jora, moñyrõ"
pyte,Transitive,absorber,Pyte
mbotuicha,Transitive,abultar,Mbotuicha
monguerái,Transitive,aburrir,"Monguerái, mbyaju"
mbyaju,Transitive,aburrir,"Monguerái, mbyaju"
momba,Transitive,acabar,"Momba, mohu’ã"
mohu'ã,Transitive,acabar,"Momba, mohu’ã"
mokiriri,Transitive,acallar,Mokiriri
mbyaku,Transitive,acalorar,"Mbyaku, mombyry’ái"
mombyry'ái,Transitive,acalorar,"Mbyaku, mombyry’ái"
havi'u,Transitive,acariciar,"Havi’u, mokunu’ũ"
mokunu'ũ,Transitive,acariciar,"Havi’u, mokunu’ũ"
roja,Transitive,acarrear,"Roja, rova, guerova"
rova,Transitive,acarrear,"Roja, rova, guerova"
guerova,Transitive,acarrear,"Roja, rova, guerova"
jaivy,Transitive,acatar,"Jaivy, ñakãity"
ñakãity,Transitive,acatar,"Jaivy, ñakãity"
neĩ,Intransitive,acceder,"Neĩ, moñeĩ, mboaje"
moñeĩ,Intransitive,acceder,"Neĩ, moñeĩ, mboaje"
mboaje,Intransitive,acceder,"Neĩ, moñeĩ, mboaje"
moñuhã,Transitive,acechar,"Ma’ẽ ma’ẽ, maña ñemi, moñuhã,
hapera’arõ"
hapera'arõ,Transitive,acechar,"Ma’ẽ ma’ẽ, maña ñemi, moñuhã,
hapera’arõ"
mbopya'e,Transitive,acelerar,"Mbopya’e, myagẽ"
myagẽ,Transitive,acelerar,"Mbopya’e, myagẽ"
momuanduhe,Transitive,acentuar,Momuanduhe
mboja,Transitive,acercar,"Mboja, moaguĩ, roja"
moaguĩ,Transitive,acercar,"Mboja, moaguĩ, roja"
roja,Transitive,acercar,"Mboja, moaguĩ, roja"
mboja,Transitive,achacar,"Mboja, jopy.
88"
mbope,Transitive,achatar,"Mbope, mombe"
mombe,Transitive,achatar,"Mbope, mombe"
momichĩ,Transitive,achicar,Momichĩ
moka'ẽ,Transitive,achicharrar,Moka’ẽ
moporã,Transitive,acicalar,"Moporã, mbojegua.
acidez. Py’ahái"
myesakã,Transitive,aclarar,"Myesakã, mohesakã, muesakã,
mosakã"
mohesakã,Transitive,aclarar,"Myesakã, mohesakã, muesakã,
mosakã"
muesakã,Transitive,aclarar,"Myesakã, mohesakã, muesakã,
mosakã"
mosakã,Transitive,aclarar,"Myesakã, mohesakã, muesakã,
mosakã"
mongyhyje,Transitive,acobardar,"Mongyhyje, mondýi, ñemomirĩ"
mondýi,Transitive,acobardar,"Mongyhyje, mondýi, ñemomirĩ"
ñemomirĩ,Transitive,acobardar,"Mongyhyje, mondýi, ñemomirĩ"
moguahẽ,Transitive,acoger,Moguahẽ
taky,Transitive,acometer,"Taky, jepoi, guahẽmba,
ñembojapaite"
jepoi,Transitive,acometer,"Taky, jepoi, guahẽmba,
ñembojapaite"
guahẽmba,Transitive,acometer,"Taky, jepoi, guahẽmba,
ñembojapaite"
ñembojapaite,Transitive,acometer,"Taky, jepoi, guahẽmba,
ñembojapaite"
mohenda,Transitive,acomodar,Mohenda
moirũ,Transitive,acompañar,Moirũ
hekombo'e,Transitive,aconsejar,Hekombo’e
jehu,Intransitive,acontecer,Jehu
ñemoñe'ẽpeteĩ,Transitive,acordar,Ñemoñe’ẽpeteĩ
mongora,Transitive,acorralar,Mongora
mombyky,Transitive,acortar,Mombyky
moñeno,Transitive,acostar,Moñeno
pokuaha,Transitive,acostumbrar,Pokuaha
mboheta,Transitive,acrecentar,Mboheta
je'ói,Intransitive,acudir,"Je’ói, hua’ĩ, ko’i, u, ju"
hua'ĩ,Intransitive,acudir,"Je’ói, hua’ĩ, ko’i, u, ju"
ko'i,Intransitive,acudir,"Je’ói, hua’ĩ, ko’i, u, ju"
u,Intransitive,acudir,"Je’ói, hua’ĩ, ko’i, u, ju"
ju,Intransitive,acudir,"Je’ói, hua’ĩ, ko’i, u, ju"
mbyaty,Transitive,acumular,"Mbyaty, mbojo’a"
mbojo'a,Transitive,acumular,"Mbyaty, mbojo’a"
torore,Transitive,acunar,Torore
mombe'u,Transitive,acusar,Mombe’u
motenonde,Transitive,adelantar,Motenonde
ñembopo'i,Intransitive,adelgazar,"Ñembopo’i, ñembopiru"
ñembopiru,Intransitive,adelgazar,"Ñembopo’i, ñembopiru"
mboja,Transitive,adherir,Mboja
mbokatupyry,Transitive,adiestrar,Mbokatupyry
moangapyhy,Transitive,administrar,"Moangapyhy, ñangareko,
sãmbyhy"
ñangareko,Transitive,administrar,"Moangapyhy, ñangareko,
sãmbyhy"
sãmbyhy,Transitive,administrar,"Moangapyhy, ñangareko,
sãmbyhy"
momorã,Transitive,admirar,"Momorã, momba’e, porãngareko,
hecharamo"
momba'e,Transitive,admirar,"Momorã, momba’e, porãngareko,
hecharamo"
porãngareko,Transitive,admirar,"Momorã, momba’e, porãngareko,
hecharamo"
hecharamo,Transitive,admirar,"Momorã, momba’e, porãngareko,
hecharamo"
moneĩ,Transitive,admitir,Moneĩ
monge,Transitive,adormecer,Monge
moporã,Transitive,adornar,"Moporã, mbojegua"
mbojegua,Transitive,adornar,"Moporã, mbojegua"
jogua,Transitive,adquirir,Jogua
juruhe'ẽ,Transitive,adular,"Juruhe’ẽ, mbojuruhe’ẽ"
mbojuruhe'ẽ,Transitive,adular,"Juruhe’ẽ, mbojuruhe’ẽ"
momarandu,Transitive,advertir,Momarandu
haimbe'e,Transitive,afilar,"Haimbe’e, mohaimbe"
mohaimbe,Transitive,afilar,"Haimbe’e, mohaimbe"
mbojoja,Transitive,afinar,"Mbojoja, mosỹi"
mosỹi,Transitive,afinar,"Mbojoja, mosỹi"
moañete,Transitive,afirmar,Moañete
mbojahe'o,Transitive,afligir,"Mbojahe’o, moangata, mbopy’atyai"
moangata,Transitive,afligir,"Mbojahe’o, moangata, mbopy’atyai"
mbopy'atyai,Transitive,afligir,"Mbojahe’o, moangata, mbopy’atyai"
mongu'e,Transitive,aflojar,"Mongu’e, poi"
poi,Transitive,aflojar,"Mongu’e, poi"
hovake,Transitive,afrontar,"Hovake, mbohovái"
mbohovái,Transitive,afrontar,"Hovake, mbohovái"
mokarapã,Transitive,agachar,"Mokarapã, mboyvy"
mboyvy,Transitive,agachar,"Mokarapã, mboyvy"
pyhy,Transitive,agarrar,"Pyhy, japyhy, pojái"
japyhy,Transitive,agarrar,"Pyhy, japyhy, pojái"
pojái,Transitive,agarrar,"Pyhy, japyhy, pojái"
mbovy'a,Transitive,agasajar,"Mbovy’a, rohory, guerohory"
rohory,Transitive,agasajar,"Mbovy’a, rohory, guerohory"
guerohory,Transitive,agasajar,"Mbovy’a, rohory, guerohory"
mbovava,Transitive,agitar,"Mbovava, mbojehe’a"
mbojehe'a,Transitive,agitar,"Mbovava, mbojehe’a"
mbyaty,Transitive,aglomerar,Mbyaty. 2 prnl. Ko’i
manombota,Intransitive,agonizar,Manombota
momba,Transitive,agotar,Momba
mbovy'a,Transitive,agradar,Mbovy’a
mbotuicha,Transitive,agrandar,"Mbotuicha, momba’eguasu"
momba'eguasu,Transitive,agrandar,"Mbotuicha, momba’eguasu"
mbovaive,Transitive,agravar,Mbovaive
ja'o,Transitive,agraviar,Ja’o
rairõ,Transitive,agredir,Rairõ
mbojo'a,Transitive,agregar,"Mbojo’a, mbojoapy, moĩve"
mbojoapy,Transitive,agregar,"Mbojo’a, mbojoapy, moĩve"
moĩve,Transitive,agregar,"Mbojo’a, mbojoapy, moĩve"
mbyaty,Transitive,agrupar,Mbyaty
jojoko,Transitive,aguantar,"Jojoko, pytaso"
pytaso,Transitive,aguantar,"Jojoko, pytaso"
mbokua,Transitive,agujerear,Mbokua
juvy,Transitive,ahorcar,Juvy
ñongatu,Transitive,ahorrar,"Ñongatu, mohemby, mono’õ"
mohemby,Transitive,ahorrar,"Ñongatu, mohemby, mono’õ"
mono'õ,Transitive,ahorrar,"Ñongatu, mohemby, mono’õ"
mopyko'ẽ,Transitive,ahuecar,"Mopyko’ẽ, mbokua"
mbokua,Transitive,ahuecar,"Mopyko’ẽ, mbokua"
mohatatĩ,Transitive,ahumar,"Mohatatĩ, motimbo"
motimbo,Transitive,ahumar,"Mohatatĩ, motimbo"
mondýi,Transitive,ahuyentar,"Mondýi, mosarambi"
mosarambi,Transitive,ahuyentar,"Mondýi, mosarambi"
mboyvytu,Transitive,airear,"Mboyvytu, peju"
peju,Transitive,airear,"Mboyvytu, peju"
moha'eño,Transitive,aislar,Moha’eño
mbyai,Transitive,ajar,"Mbyai, javyky vai"
momorã,Transitive,alabar,"Momorã, momba’e, mboaguara"
momba'e,Transitive,alabar,"Momorã, momba’e, mboaguara"
mboaguara,Transitive,alabar,"Momorã, momba’e, mboaguara"
mbopuku,Transitive,alargar,"Mbopuku, vyso, pojái, ropojái"
vyso,Transitive,alargar,"Mbopuku, vyso, pojái, ropojái"
pojái,Transitive,alargar,"Mbopuku, vyso, pojái, ropojái"
ropojái,Transitive,alargar,"Mbopuku, vyso, pojái, ropojái"
moguahẽ,Transitive,albergar,"Moguahẽ, mbohupa"
mbohupa,Transitive,albergar,"Moguahẽ, mbohupa"
ayvu,Intransitive,alborotar,"Ayvu, ayvuapo,"
ayvuapo,Intransitive,alborotar,"Ayvu, ayvuapo,"
mosarambi,Transitive,alborotar,Mosarambi
hupyty,Transitive,alcanzar,"Hupyty, guahẽ, moingo, pojái"
guahẽ,Transitive,alcanzar,"Hupyty, guahẽ, moingo, pojái"
moingo,Transitive,alcanzar,"Hupyty, guahẽ, moingo, pojái"
pojái,Transitive,alcanzar,"Hupyty, guahẽ, moingo, pojái"
mbohory,Transitive,alegrar,"Mbohory, mbovy’a.
alegría. Tory, vy’a"
momombyry,Transitive,alejar,Momombyry
pepe,Intransitive,aletear,"Pepe, perere.
alfabeto"
mongaru,Transitive,alimentar,"Mongaru, hembi’ume’ẽ"
hembi'ume'ẽ,Transitive,alimentar,"Mongaru, hembi’ume’ẽ"
mbohysýi,Transitive,alinear,Mbohysýi
mosỹi,Transitive,alisar,"Mosỹi, mopesỹi, moapesỹi"
mopesỹi,Transitive,alisar,"Mosỹi, mopesỹi, moapesỹi"
moapesỹi,Transitive,alisar,"Mosỹi, mopesỹi, moapesỹi"
mbosako'ĩ,Transitive,alistar,Mbosako’ĩ
mompytu'u,Transitive,aliviar,Mompytu’u
mbope,Transitive,allanar,"Mbope, moapesỹi"
moapesỹi,Transitive,allanar,"Mbope, moapesỹi"
rambosa,Intransitive,almorzar,"Rambosa, karu"
karu,Intransitive,almorzar,"Rambosa, karu"
mbohupa,Transitive,alojar,"Mbohupa, moguahẽ"
moguahẽ,Transitive,alojar,"Mbohupa, moguahẽ"
moambue,Transitive,alterar,"Moambue, mbopy’atarova"
mbopy'atarova,Transitive,alterar,"Moambue, mbopy’atarova"
mopa'ũ,Transitive,alternar,"Mopa’ũ, mbojopyru"
mbojopyru,Transitive,alternar,"Mopa’ũ, mbojopyru"
ñe'ẽreity,Transitive,aludir,Ñe’ẽreity
hupi,Transitive,alzar,"Hupi, mopu’ã"
mopu'ã,Transitive,alzar,"Hupi, mopu’ã"
há'anga,Transitive,amagar,Há’anga
mokambu,Transitive,amamantar,Mokambu
ko'ẽ,Intransitive,amanecer,Ko’ẽ
mbopy'aguapy,Transitive,amansar,"Mbopy’aguapy, momymba"
momymba,Transitive,amansar,"Mbopy’aguapy, momymba"
hayhu,Transitive,amar,Hayhu
jokua,Transitive,amarrar,"Jokua, ñapytĩ"
ñapytĩ,Transitive,amarrar,"Jokua, ñapytĩ"
mbojehe'a,Transitive,amasar,Mbojehe’a
mongyhyje,Transitive,amedrentar,"Mongyhyje, mopy’amirĩ"
mopy'amirĩ,Transitive,amedrentar,"Mongyhyje, mopy’amirĩ"
ha'anga,Transitive,amenazar,"Ha’anga, ja’o"
ja'o,Transitive,amenazar,"Ha’anga, ja’o"
momarandu,Transitive,amonestar,"Momarandu, ñemoñe’ẽ"
ñemoñe'ẽ,Transitive,amonestar,"Momarandu, ñemoñe’ẽ"
mbyaty,Transitive,amontonar,"Mbyaty, mbojo’a"
mbojo'a,Transitive,amontonar,"Mbyaty, mbojo’a"
jurujokua,Transitive,amordazar,"Jurujokua, jurumboty"
jurumboty,Transitive,amordazar,"Jurujokua, jurumboty"
mombegue,Transitive,amortiguar,"Mombegue, mbovevúi"
mbovevúi,Transitive,amortiguar,"Mombegue, mbovevúi"
mopu'ã,Transitive,amotinar,Mopu’ã
mbotuichave,Transitive,ampliar,"Mbotuichave, pyso, mbopy"
pyso,Transitive,ampliar,"Mbotuichave, pyso, mbopy"
mbopy,Transitive,ampliar,"Mbotuichave, pyso, mbopy"
mboapiru'a,Transitive,ampollar,Mboapiru’a
mongora,Transitive,amurallar,Mongora
guata,Intransitive,andar,"Guata, ho, ha, japi, pykúi. 2. Iko, jeiko"
ho,Intransitive,andar,"Guata, ho, ha, japi, pykúi. 2. Iko, jeiko"
ha,Intransitive,andar,"Guata, ho, ha, japi, pykúi. 2. Iko, jeiko"
japi,Intransitive,andar,"Guata, ho, ha, japi, pykúi. 2. Iko, jeiko"
pykúi,Intransitive,andar,"Guata, ho, ha, japi, pykúi. 2. Iko, jeiko"
ñandupe'a,Transitive,anestesiar,Ñandupe’a
pota,Transitive,anhelar,"Pota, se"
se,Transitive,anhelar,"Pota, se"
jehaitypo,Intransitive,anidar,"Jehaitypo, jaitypo, haitypo"
jaitypo,Intransitive,anidar,"Jehaitypo, jaitypo, haitypo"
haitypo,Intransitive,anidar,"Jehaitypo, jaitypo, haitypo"
moingove,Transitive,animar,Moingove
mbopaha,Transitive,aniquilar,Mbopaha
ñembopyhare,Intransitive,anochecer,"Ñembopyhare,
ñemopytũ, pytũma"
ñemopytũ,Intransitive,anochecer,"Ñembopyhare,
ñemopytũ, pytũma"
pytũma,Intransitive,anochecer,"Ñembopyhare,
ñemopytũ, pytũma"
ñapytĩ,Transitive,anudar,"Ñapytĩ, moapokytã, mbojoaju,
mbojoapy"
moapokytã,Transitive,anudar,"Ñapytĩ, moapokytã, mbojoaju,
mbojoapy"
mbojoaju,Transitive,anudar,"Ñapytĩ, moapokytã, mbojoaju,
mbojoapy"
mbojoapy,Transitive,anudar,"Ñapytĩ, moapokytã, mbojoaju,
mbojoapy"
pe'a,Transitive,anular,"Pe’a, momba"
momba,Transitive,anular,"Pe’a, momba"
kuahauka,Transitive,anunciar,"Kuahauka, momarandu, ñanduka,
marandu"
momarandu,Transitive,anunciar,"Kuahauka, momarandu, ñanduka,
marandu"
ñanduka,Transitive,anunciar,"Kuahauka, momarandu, ñanduka,
marandu"
marandu,Transitive,anunciar,"Kuahauka, momarandu, ñanduka,
marandu"
mbojo'a,Transitive,añadir,"Mbojo’a, mbojuapy, moĩve, joapy,
jokuapy"
mbojuapy,Transitive,añadir,"Mbojo’a, mbojuapy, moĩve, joapy,
jokuapy"
moĩve,Transitive,añadir,"Mbojo’a, mbojuapy, moĩve, joapy,
jokuapy"
joapy,Transitive,añadir,"Mbojo’a, mbojuapy, moĩve, joapy,
jokuapy"
jokuapy,Transitive,añadir,"Mbojo’a, mbojuapy, moĩve, joapy,
jokuapy"
mbotuja,Transitive,añejar,Mbotuja
hechaga'u,Transitive,añorar,"Hechaga’u, ãho, nga’u"
ãho,Transitive,añorar,"Hechaga’u, ãho, nga’u"
nga'u,Transitive,añorar,"Hechaga’u, ãho, nga’u"
mbopy'aguapy,Transitive,apaciguar,Mbopy’aguapy
mbojoja,Transitive,aparear,"Mbojoja, moirũ"
moirũ,Transitive,aparear,"Mbojoja, moirũ"
jekuaha,Intransitive,aparecer,"Jekuaha, sẽ, ñapysẽ, jechauka"
sẽ,Intransitive,aparecer,"Jekuaha, sẽ, ñapysẽ, jechauka"
ñapysẽ,Intransitive,aparecer,"Jekuaha, sẽ, ñapysẽ, jechauka"
jechauka,Intransitive,aparecer,"Jekuaha, sẽ, ñapysẽ, jechauka"
jejapo,Transitive,aparentar,Jejapo
mboyke,Transitive,apartar,"Mboyke, moha’eño, momonbyry,
mbova, pe’a"
moha'eño,Transitive,apartar,"Mboyke, moha’eño, momonbyry,
mbova, pe’a"
momonbyry,Transitive,apartar,"Mboyke, moha’eño, momonbyry,
mbova, pe’a"
mbova,Transitive,apartar,"Mboyke, moha’eño, momonbyry,
mbova, pe’a"
pe'a,Transitive,apartar,"Mboyke, moha’eño, momonbyry,
mbova, pe’a"
moakãraku,Transitive,apasionar,Moakãraku
mbopy'apy,Transitive,apenar,"Mbopy’apy, mombyasy"
mombyasy,Transitive,apenar,"Mbopy’apy, mombyasy"
momarandu,Transitive,apercibir,Momarandu
ne,Intransitive,apestar,"Ne, pyti’u"
pyti'u,Intransitive,apestar,"Ne, pyti’u"
pota,Transitive,apetecer,"Pota, hi’ã"
hi'ã,Transitive,apetecer,"Pota, hi’ã"
mbyaty,Transitive,apilar,"Mbyaty, mbojo’a"
mbojo'a,Transitive,apilar,"Mbyaty, mbojo’a"
mbope,Transitive,aplanar,"Mbope, mombe"
mombe,Transitive,aplanar,"Mbope, mombe"
mombe,Transitive,aplastar,"Mombe, mbope, jopy"
mbope,Transitive,aplastar,"Mombe, mbope, jopy"
jopy,Transitive,aplastar,"Mombe, mbope, jopy"
jepopete,Intransitive,aplaudir,Jepopete
mboare,Transitive,aplazar,Mboare
moĩ,Transitive,aplicar,"Moĩ, jopy"
jopy,Transitive,aplicar,"Moĩ, jopy"
ñe'ẽkytĩ,Transitive,apocopar,Ñe’ẽkytĩ
hero,Transitive,apodar,"Hero, mbohero, mbohéra.
apoderado, da. m y f. Terekua"
mbohero,Transitive,apodar,"Hero, mbohero, mbohéra.
apoderado, da. m y f. Terekua"
da,Transitive,apodar,"Hero, mbohero, mbohéra.
apoderado, da. m y f. Terekua"
me'ẽ,Transitive,aportar,"Me’ẽ, gueru"
gueru,Transitive,aportar,"Me’ẽ, gueru"
ha'ã,Transitive,apostar,"Ha’ã, para, ñembosarái"
para,Transitive,apostar,"Ha’ã, para, ñembosarái"
ñembosarái,Transitive,apostar,"Ha’ã, para, ñembosarái"
mbojeko,Transitive,apoyar,"Mbojeko, pytyvõ"
pytyvõ,Transitive,apoyar,"Mbojeko, pytyvõ"
mbohepy,Transitive,apreciar,"Mbohepy, momba’e, ayhu"
momba'e,Transitive,apreciar,"Mbohepy, momba’e, ayhu"
ayhu,Transitive,apreciar,"Mbohepy, momba’e, ayhu"
pyhy,Transitive,aprehender,Pyhy
myagẽ,Transitive,apremiar,Myagẽ
pyhy,Transitive,apresar,"Pyhy, monambi, moka’irãi"
monambi,Transitive,apresar,"Pyhy, monambi, moka’irãi"
moka'irãi,Transitive,apresar,"Pyhy, monambi, moka’irãi"
myagẽ,Transitive,apresurar,"Myagẽ, moagẽ"
moagẽ,Transitive,apresurar,"Myagẽ, moagẽ"
jopy,Transitive,apretar,"Jopy, humbiri"
humbiri,Transitive,apretar,"Jopy, humbiri"
moneĩ,Transitive,aprobar,"Moneĩ, momorã"
momorã,Transitive,aprobar,"Moneĩ, momorã"
mboja,Transitive,aproximar,"Mboja, roja, moaguĩ"
roja,Transitive,aproximar,"Mboja, roja, moaguĩ"
moaguĩ,Transitive,aproximar,"Mboja, roja, moaguĩ"
ñepyta'ã,Transitive,apuntalar,Ñepyta’ã
kutu,Transitive,apuñalar,Kutu
mbopya'e,Transitive,apurar,Mbopya’e
mbopy'aguapy,Transitive,aquietar,Mbopy’aguapy
karãi,Transitive,arañar,Karãi
jo'o,Transitive,arar,"Jo’o , yvyjo’o, yvy mondoro, yvyjo’ope’a"
yvyjo'o,Transitive,arar,"Jo’o , yvyjo’o, yvy mondoro, yvyjo’ope’a"
yvyjo'ope'a,Transitive,arar,"Jo’o , yvyjo’o, yvy mondoro, yvyjo’ope’a"
ñongatu,Transitive,archivar,Ñongatu
rendy,Intransitive,arder,"Rendy, rataindy"
rataindy,Intransitive,arder,"Rendy, rataindy"
pepy,Transitive,arquear,"Pepy, mokarẽ, mokarapã"
mokarẽ,Transitive,arquear,"Pepy, mokarẽ, mokarapã"
mokarapã,Transitive,arquear,"Pepy, mokarẽ, mokarapã"
ñembohapo,Intransitive,arraigar,Ñembohapo
mondyryry,Transitive,arrancar,"Mondyryry, hapo’o, ku’e, po’o, hekýi"
hapo'o,Transitive,arrancar,"Mondyryry, hapo’o, ku’e, po’o, hekýi"
ku'e,Transitive,arrancar,"Mondyryry, hapo’o, ku’e, po’o, hekýi"
po'o,Transitive,arrancar,"Mondyryry, hapo’o, ku’e, po’o, hekýi"
hekýi,Transitive,arrancar,"Mondyryry, hapo’o, ku’e, po’o, hekýi"
mbotyryry,Transitive,arrastrar,Mbotyryry
pe'a,Transitive,arrebatar,"Pe’a, po’o, hekýi hatã"
po'o,Transitive,arrebatar,"Pe’a, po’o, hekýi hatã"
myatyrõ,Transitive,arreglar,Myatyrõ
jepoi,Intransitive,arremeter,"Jepoi, ndyry, syry"
ndyry,Intransitive,arremeter,"Jepoi, ndyry, syry"
syry,Intransitive,arremeter,"Jepoi, ndyry, syry"
mboguejy,Transitive,arriar,Mboguejy
guahẽ,Intransitive,arribar,Guahẽ
mboja,Transitive,arrimar,"Mboja, roja, moaguĩ"
roja,Transitive,arrimar,"Mboja, roja, moaguĩ"
moaguĩ,Transitive,arrimar,"Mboja, roja, moaguĩ"
mbohugua,Transitive,arrinconar,Mbohugua
mombo,Transitive,arrojar,Mombo
japakua,Transitive,arrollar,"Japakua, mboapakua"
mboapakua,Transitive,arrollar,"Japakua, mboapakua"
jaho'i,Transitive,arropar,"Jaho’i, ñuã"
ñuã,Transitive,arropar,"Jaho’i, ñuã"
mocha'ĩ,Transitive,arrugar,Mocha’ĩ
mbosogue,Transitive,arruinar,"Mbosogue, mbovaikue.
95"
moka'e,Transitive,asar,"Moka’e, mbichy, hesy"
mbichy,Transitive,asar,"Moka’e, mbichy, hesy"
hesy,Transitive,asar,"Moka’e, mbichy, hesy"
jupi,Intransitive,ascender,Jupi
mopotĩ,Transitive,asear,Mopotĩ
mombarete,Transitive,asegurar,"Mombarete, mohatã, moañete"
mohatã,Transitive,asegurar,"Mombarete, mohatã, moañete"
moañete,Transitive,asegurar,"Mombarete, mohatã, moañete"
mboaguapy,Transitive,asentar,Mboaguapy
neĩ,Intransitive,asentir,"Neĩ, moneĩ, ñakãity"
moneĩ,Intransitive,asentir,"Neĩ, moneĩ, ñakãity"
ñakãity,Intransitive,asentir,"Neĩ, moneĩ, ñakãity"
juka,Transitive,asesinar,Juka
pytyvõ,Transitive,asesorar,"Pytyvõ, moñe’ẽ"
moñe'ẽ,Transitive,asesorar,"Pytyvõ, moñe’ẽ"
moañete,Transitive,aseverar,Moañete
mbo'itayku,Transitive,asfaltar,Mbo’itayku
mbopytupa,Transitive,asfixiar,"Mbopytupa, mbopytujoko"
mbopytujoko,Transitive,asfixiar,"Mbopytupa, mbopytujoko"
moirũ,Transitive,asociar,"Moirũ, mbyaty"
mbyaty,Transitive,asociar,"Moirũ, mbyaty"
mbokuarahy,Transitive,asolear,Mbokuarahy
apysẽ,Intransitive,asomar,Apysẽ
mondýi,Transitive,asustar,"Mondýi, mongyhyje"
mongyhyje,Transitive,asustar,"Mondýi, mongyhyje"
rairõ,Transitive,atacar,"Rairõ, ndyry, kaguai"
ndyry,Transitive,atacar,"Rairõ, ndyry, kaguai"
kaguai,Transitive,atacar,"Rairõ, ndyry, kaguai"
joko,Transitive,atajar,"Joko, mombyta"
mombyta,Transitive,atajar,"Joko, mombyta"
ñapytĩ,Transitive,atar,"Ñapytĩ, jokua, mosã"
jokua,Transitive,atar,"Ñapytĩ, jokua, mosã"
mosã,Transitive,atar,"Ñapytĩ, jokua, mosã"
mopa'ã,Transitive,atascar,Mopa’ã
mongyhyje,Transitive,atemorizar,"Mongyhyje, mondýi"
mondýi,Transitive,atemorizar,"Mongyhyje, mondýi"
japysaka,Transitive,atender,"Japysaka, jesape’a, jesareko, hecha,
ñangareko.
96"
jesape'a,Transitive,atender,"Japysaka, jesape’a, jesareko, hecha,
ñangareko.
96"
jesareko,Transitive,atender,"Japysaka, jesape’a, jesareko, hecha,
ñangareko.
96"
hecha,Transitive,atender,"Japysaka, jesape’a, jesareko, hecha,
ñangareko.
96"
momichĩ,Transitive,atenuar,Momichĩ
guejy,Intransitive,aterrizar,Guejy
mohenyhẽ,Transitive,atestar,Mohenyhẽ
mombe'u,Transitive,atestiguar,"Mombe’u, moañete"
moañete,Transitive,atestiguar,"Mombe’u, moañete"
ñatõi,Transitive,atizar,"Ñatõi, hatapyña"
hatapyña,Transitive,atizar,"Ñatõi, hatapyña"
hapy,Transitive,atormentar,"Hapy, nupã, mbuepoti"
nupã,Transitive,atormentar,"Hapy, nupã, mbuepoti"
mbuepoti,Transitive,atormentar,"Hapy, nupã, mbuepoti"
mboahy'opa'ã,Transitive,atragantar,"Mboahy’opa’ã, mbopyty"
mbopyty,Transitive,atragantar,"Mboahy’opa’ã, mbopyty"
pyhy,Transitive,atrapar,"Pyhy, japyhy, jura"
japyhy,Transitive,atrapar,"Pyhy, japyhy, jura"
jura,Transitive,atrapar,"Pyhy, japyhy, jura"
mbotapykue,Transitive,atrasar,"Mbotapykue, mbotakykue, mboare,
mombegue"
mbotakykue,Transitive,atrasar,"Mbotapykue, mbotakykue, mboare,
mombegue"
mboare,Transitive,atrasar,"Mbotapykue, mbotakykue, mboare,
mombegue"
mombegue,Transitive,atrasar,"Mbotapykue, mbotakykue, mboare,
mombegue"
da,Transitive,atravesar,"Hasa.
atrevido, da. Hova’atã"
ja,Transitive,atribuir,"Ja, mboja"
mboja,Transitive,atribuir,"Ja, mboja"
mbota,Transitive,atropellar,Mbota
moakãnga'u,Transitive,aturdir,"Moakãnga’u, moakãtavy"
moakãtavy,Transitive,aturdir,"Moakãnga’u, moakãtavy"
ha'uvõ,Transitive,augurar,Ha’uvõ
pytyvo,Transitive,auspiciar,Pytyvo
moañete,Transitive,autenticar,Moañete
renonde,Intransitive,avanzar,"Renonde, ñemotenonde"
ñemotenonde,Intransitive,avanzar,"Renonde, ñemotenonde"
ñemotenonde,Transitive,aventajar,"Ñemotenonde, hasa ambuépe"
mboyvytu,Transitive,aventar,"Mboyvytu, mboveve, peju"
mboveve,Transitive,aventar,"Mboyvytu, mboveve, peju"
peju,Transitive,aventar,"Mboyvytu, mboveve, peju"
motĩ,Transitive,avergonzar,"Motĩ, motindy"
motindy,Transitive,avergonzar,"Motĩ, motindy"
jetypeka,Transitive,averiguar,"Jetypeka, porandu, jyvykói, hecha,
kundaha"
porandu,Transitive,averiguar,"Jetypeka, porandu, jyvykói, hecha,
kundaha"
jyvykói,Transitive,averiguar,"Jetypeka, porandu, jyvykói, hecha,
kundaha"
hecha,Transitive,averiguar,"Jetypeka, porandu, jyvykói, hecha,
kundaha"
kundaha,Transitive,averiguar,"Jetypeka, porandu, jyvykói, hecha,
kundaha"
momarandu,Transitive,avisar,"Momarandu, ñatói"
ñatói,Transitive,avisar,"Momarandu, ñatói"
mbokatupyry,Transitive,avispar,"Mbokatupyry, hesape’a, momarandu"
hesape'a,Transitive,avispar,"Mbokatupyry, hesape’a, momarandu"
momarandu,Transitive,avispar,"Mbokatupyry, hesape’a, momarandu"
hecha,Transitive,avistar,Hecha
mborari,Transitive,avivar,Mborari
karu'i,Intransitive,ayunar,"Karu’i, karu’ỹ.
ayunas. Py’anandi"
moirũ,Transitive,ayuntar,Moirũ
nupã,Transitive,azotar,"Nupã, mbuepoti, havira, mbyape"
mbuepoti,Transitive,azotar,"Nupã, mbuepoti, havira, mbyape"
havira,Transitive,azotar,"Nupã, mbuepoti, havira, mbyape"
mbyape,Transitive,azotar,"Nupã, mbuepoti, havira, mbyape"
hendyvapo,Intransitive,babear,"Hendyvapo, hendysyry"
hendysyry,Intransitive,babear,"Hendyvapo, hendysyry"
jeroky,Intransitive,bailar,Jeroky
guejy,Intransitive,bajar,"Guejy, rojy, jepoi"
rojy,Intransitive,bajar,"Guejy, rojy, jepoi"
jepoi,Intransitive,bajar,"Guejy, rojy, jepoi"
mbovava,Transitive,balancear,Mbovava
ñe'ẽtavy,Intransitive,balbucear,"Ñe’ẽtavy, ñe’epyta, ñe’ẽpa’ã,
kumbe"
ñe'epyta,Intransitive,balbucear,"Ñe’ẽtavy, ñe’epyta, ñe’ẽpa’ã,
kumbe"
ñe'ẽpa'ã,Intransitive,balbucear,"Ñe’ẽtavy, ñe’epyta, ñe’ẽpa’ã,
kumbe"
kumbe,Intransitive,balbucear,"Ñe’ẽtavy, ñe’epyta, ñe’ẽpa’ã,
kumbe"
mbojahu,Transitive,bañar,Mbojahu
pyvu,Transitive,batir,Pyvu
mongarai,Transitive,bautizar,Mongarai
syryku,Intransitive,beber,"Syryku, jopy, ñatõi"
jopy,Intransitive,beber,"Syryku, jopy, ñatõi"
ñatõi,Intransitive,beber,"Syryku, jopy, ñatõi"
hovasa,Transitive,bendecir,"Hovasa, mbohovasa, mongarai"
mbohovasa,Transitive,bendecir,"Hovasa, mbohovasa, mongarai"
mongarai,Transitive,bendecir,"Hovasa, mbohovasa, mongarai"
pojopy,Transitive,beneficiar,"Japo porã, pojopy"
hetũ,Transitive,besar,Hetũ
momorotĩ,Transitive,blanquear,Momorotĩ
mongora,Transitive,bloquear,"Mongora, mbojoko"
mbojoko,Transitive,bloquear,"Mongora, mbojoko"
aojegua,Intransitive,bordar,"Aojegua, ao mbojegua"
mbogue,Transitive,borrar,"Mbogue, mboje’o, pe’a"
mboje'o,Transitive,borrar,"Mbogue, mboje’o, pe’a"
pe'a,Transitive,borrar,"Mbogue, mboje’o, pe’a"
jurupe'a,Intransitive,bostezar,"Jurupe’a, jurupeka"
jurupeka,Intransitive,bostezar,"Jurupe’a, jurupeka"
poi,Transitive,botar,"Poi, mombo"
mombo,Transitive,botar,"Poi, mombo"
jepoyru,Intransitive,bracear,"Jepoyru, jepokuita, jyva momýi"
jepokuita,Intransitive,bracear,"Jepoyru, jepokuita, jyva momýi"
vera,Intransitive,brillar,"Vera, mimbi"
mimbi,Intransitive,brillar,"Vera, mimbi"
popo,Intransitive,brincar,Popo
ñembohory,Intransitive,bromear,Ñembohory
hoky,Intransitive,brotar,"Hoky, hokypu, heñoi"
hokypu,Intransitive,brotar,"Hoky, hokypu, heñoi"
heñoi,Intransitive,brotar,"Hoky, hokypu, heñoi"
mburea,Intransitive,bufar,Mburea
hyjúi,Intransitive,burbujear,Hyjúi
ñembohory,Transitive,burlar,Ñembohory
heka,Transitive,buscar,Heka
pirakutu,Intransitive,cabecear,"Pirakutu, akãmbovava"
akãmbovava,Intransitive,cabecear,"Pirakutu, akãmbovava"
ike,Intransitive,caber,Ike
‘a,Intransitive,caer,"‘A, kúi, kukúi"
kúi,Intransitive,caer,"‘A, kúi, kukúi"
kukúi,Intransitive,caer,"‘A, kúi, kukúi"
há'ã,Transitive,calcar,Há’ã
hapy,Transitive,calcinar,Hapy
papa,Transitive,calcular,Papa
mbyaku,Transitive,calentar,"Mbyaku, mboaku, jope"
mboaku,Transitive,calentar,"Mbyaku, mboaku, jope"
jope,Transitive,calentar,"Mbyaku, mboaku, jope"
rokirirĩ,Transitive,callar,Rokirirĩ
mombytu'u,Transitive,calmar,"Mombytu’u, mbopy’aguapy"
mbopy'aguapy,Transitive,calmar,"Mombytu’u, mbopy’aguapy"
mbosapatu,Transitive,calzar,Mbosapatu
moambue,Transitive,cambiar,"Moambue, jerova, myengovia"
jerova,Transitive,cambiar,"Moambue, jerova, myengovia"
myengovia,Transitive,cambiar,"Moambue, jerova, myengovia"
guata,Intransitive,caminar,"Guata, pykúi"
pykúi,Intransitive,caminar,"Guata, pykúi"
mbohape,Transitive,canalizar,"Mbohape, mbo’yrape"
mbo'yrape,Transitive,canalizar,"Mbohape, mbo’yrape"
myengovia,Transitive,canjear,Myengovia
momarangatu,Transitive,canonizar,Momarangatu
mokane'õ,Transitive,cansar,"Mokane’õ, monguerái"
monguerái,Transitive,cansar,"Mokane’õ, monguerái"
purahéi,Intransitive,cantar,Purahéi
mbokatupyry,Transitive,capacitar,Mbokatupyry
pyhy,Transitive,captar,Pyhy
pyhy,Transitive,capturar,Pyhy
ñapi'ũ,Transitive,carcomer,Ñapi’ũ
guereko'ỹ,Intransitive,carecer,Guereko’ỹ
hupi,Transitive,cargar,Hupi
ka'api,Transitive,carpir,Ka’api
mbojoaju,Transitive,casar,"Mbojoaju, momenda"
momenda,Transitive,casar,"Mbojoaju, momenda"
nupã,Transitive,castigar,"Nupã, mbyepoti"
mbyepoti,Transitive,castigar,"Nupã, mbyepoti"
ha'ỹi'o,Transitive,castrar,Ha’ỹi’o
ha'ã,Transitive,catar,"Ha’ã, pyteha’ã"
pyteha'ã,Transitive,catar,"Ha’ã, pyteha’ã"
mo,Transitive,causar,"Mo, mbo, my, mby, um, mbu, mbojehu"
mbo,Transitive,causar,"Mo, mbo, my, mby, um, mbu, mbojehu"
my,Transitive,causar,"Mo, mbo, my, mby, um, mbu, mbojehu"
mby,Transitive,causar,"Mo, mbo, my, mby, um, mbu, mbojehu"
um,Transitive,causar,"Mo, mbo, my, mby, um, mbu, mbojehu"
mbu,Transitive,causar,"Mo, mbo, my, mby, um, mbu, mbojehu"
mbojehu,Transitive,causar,"Mo, mbo, my, mby, um, mbu, mbojehu"
hapy,Transitive,cauterizar,Hapy
jura,Transitive,cautivar,"Jura, moĩ poguýpe. 2. Py’areraha"
jo'o,Transitive,cavar,"Jo’o, yvyjo’o, jatyka"
yvyjo'o,Transitive,cavar,"Jo’o, yvyjo’o, jatyka"
jatyka,Transitive,cavar,"Jo’o, yvyjo’o, jatyka"
japi,Transitive,cazar,"Japi, tymba api, guyra api, mymbajuka"
mymbajuka,Transitive,cazar,"Japi, tymba api, guyra api, mymbajuka"
mohesatũ,Transitive,cegar,Mohesatũ
rohory,Transitive,celebrar,"Rohory, guerohory"
guerohory,Transitive,celebrar,"Rohory, guerohory"
mombyte,Transitive,centrar,Mombyte
jopy,Transitive,ceñir,Jopy
mongora,Transitive,cercar,Mongora
mombyky,Transitive,cercenar,"Mombyky, kytĩ"
kytĩ,Transitive,cercenar,"Mombyky, kytĩ"
mboty,Transitive,cerrar,Mboty
pa,Intransitive,cesar,Pa
hovere,Transitive,chamuscar,Hovere
ñe'ẽ,Intransitive,charlar,"Ñe’ẽ, mongeta, ñemongeta"
mongeta,Intransitive,charlar,"Ñe’ẽ, mongeta, ñemongeta"
ñemongeta,Intransitive,charlar,"Ñe’ẽ, mongeta, ñemongeta"
nupã,Transitive,chicotear,"Nupã, mbyepoti"
mbyepoti,Transitive,chicotear,"Nupã, mbyepoti"
sapukái,Intransitive,chillar,"Sapukái, ñembyahy’opo’i"
ñembyahy'opo'i,Intransitive,chillar,"Sapukái, ñembyahy’opo’i"
mbota,Transitive,chocar,"Mbota, topeta. 2. Ñembota"
topeta,Transitive,chocar,"Mbota, topeta. 2. Ñembota"
tororõ,Intransitive,chorrear,Tororõ
pyte,Transitive,chupar,"Pyte, kambu"
kambu,Transitive,chupar,"Pyte, kambu"
ñemboty,Intransitive,cicatrizar,Ñemboty
syry,Intransitive,circular,"Syry, guata, jere, mýi"
guata,Intransitive,circular,"Syry, guata, jere, mýi"
jere,Intransitive,circular,"Syry, guata, jere, mýi"
mýi,Intransitive,circular,"Syry, guata, jere, mýi"
mongora,Transitive,circundar,"Mongora, mbojere"
mbojere,Transitive,circundar,"Mongora, mbojere"
myesakã,Transitive,clarificar,Myesakã
mbohysýi,Transitive,clasificar,Mbohysýi
mboty,Transitive,clausurar,Mboty
kutu,Transitive,clavar,"Kutu, jatyka"
jatyka,Transitive,clavar,"Kutu, jatyka"
ñuvã,Transitive,cobijar,"Ñuvã, jaho’i"
jaho'i,Transitive,cobijar,"Ñuvã, jaho’i"
mbojy,Transitive,cocer,Mbojy
tembi'u'apo,Transitive,cocinar,"Tembi’u’apo, mbojy"
mbojy,Transitive,cocinar,"Tembi’u’apo, mbojy"
pota,Transitive,codiciar,"Pota, taryrýi.
106"
joja,Transitive,coincidir,"Joja, ñe’ẽjoja"
ñe'ẽjoja,Transitive,coincidir,"Joja, ñe’ẽjoja"
pari,Intransitive,cojear,"Pari, guata karẽ"
ñopytuvõ,Intransitive,colaborar,"Ñopytuvõ, pytyvõ"
pytyvõ,Intransitive,colaborar,"Ñopytuvõ, pytyvõ"
mbogua,Transitive,colar,"Mbogua, mbohasa, ku’i mbovava"
mbohasa,Transitive,colar,"Mbogua, mbohasa, ku’i mbovava"
saingo,Intransitive,colgar,"Saingo, ñasaingo"
ñasaingo,Intransitive,colgar,"Saingo, ñasaingo"
myenyhẽ,Transitive,colmar,"Myenyhẽ, mohenyhẽ"
mohenyhẽ,Transitive,colmar,"Myenyhẽ, mohenyhẽ"
moĩ,Transitive,colocar,Moĩ
mbosa'y,Transitive,colorear,Mbosa’y
myatymói,Transitive,columpiar,Myatymói
karu,Intransitive,comer,Karu
ñemu,Intransitive,comerciar,"Ñemu, jeheka"
jeheka,Intransitive,comerciar,"Ñemu, jeheka"
mbyasy,Transitive,compadecer,"Mbyasy, ñembyasy"
ñembyasy,Transitive,compadecer,"Mbyasy, ñembyasy"
mbojoja,Transitive,comparar,Mbojoja
mboja'o,Transitive,compartir,Mboja’o
mbojoaju,Transitive,compilar,"Mbojoaju, mbyaty, moño’õ"
mbyaty,Transitive,compilar,"Mbojoaju, mbyaty, moño’õ"
moño'õ,Transitive,compilar,"Mbojoaju, mbyaty, moño’õ"
japopa,Transitive,completar,"Japopa, moĩmba, momba,
myenyhẽ"
moĩmba,Transitive,completar,"Japopa, moĩmba, momba,
myenyhẽ"
momba,Transitive,completar,"Japopa, moĩmba, momba,
myenyhẽ"
myenyhẽ,Transitive,completar,"Japopa, moĩmba, momba,
myenyhẽ"
mbohasy,Transitive,complicar,"Mbohasy, mbojehe’a"
mbojehe'a,Transitive,complicar,"Mbohasy, mbojehe’a"
moporã,Transitive,componer,"Moporã, myatyrõ, pyaha"
myatyrõ,Transitive,componer,"Moporã, myatyrõ, pyaha"
pyaha,Transitive,componer,"Moporã, myatyrõ, pyaha"
jogua,Transitive,comprar,Jogua
mba'ejogua,Intransitive,comprar,Mba’ejogua
kuaha,Transitive,comprender,"Kuaha, hechakuaha"
hechakuaha,Transitive,comprender,"Kuaha, hechakuaha"
poroapytĩ,Transitive,comprometer,Poroapytĩ
papa,Transitive,computar,Papa
momarandu,Transitive,comunicar,"Momarandu, kuahauka"
kuahauka,Transitive,comunicar,"Momarandu, kuahauka"
hechakuaha,Transitive,concebir,"Hechakuaha. 2. Moingove ypy,
puru’a, ryeguasu"
me'ẽ,Transitive,conceder,"Me’ẽ, moñeĩ"
moñeĩ,Transitive,conceder,"Me’ẽ, moñeĩ"
japopa,Transitive,concluir,"Japopa, momba"
momba,Transitive,concluir,"Japopa, momba"
há,Intransitive,concurrir,"Há, ho, ko’i, je’ói"
ho,Intransitive,concurrir,"Há, ho, ko’i, je’ói"
ko'i,Intransitive,concurrir,"Há, ho, ko’i, je’ói"
je'ói,Intransitive,concurrir,"Há, ho, ko’i, je’ói"
mbojeguaka,Transitive,condecorar,Mbojeguaka
mbovai,Transitive,condenar,"Mbovai, mbopaga angaipa"
momichĩ,Transitive,condensar,"Momichĩ, mombyky, mbohypy’ũ"
mombyky,Transitive,condensar,"Momichĩ, mombyky, mbohypy’ũ"
mbohypy'ũ,Transitive,condensar,"Momichĩ, mombyky, mbohypy’ũ"
mbohe,Transitive,condimentar,"Mbohe, myatyrõ.
108"
sãmbyhy,Transitive,conducir,"Sãmbyhy, mboguata"
mboguata,Transitive,conducir,"Sãmbyhy, mboguata"
mbojoapy,Transitive,conectar,"Mbojoapy, moinge pype"
japo,Transitive,confeccionar,Japo
mombe'u,Transitive,confesar,"Mombe’u. moneĩ, jepy’ambi"
rovia,Intransitive,confiar,"Rovia, jerovia"
jerovia,Intransitive,confiar,"Rovia, jerovia"
moañete,Transitive,confirmar,Moañete
mbojavy,Transitive,confundir,"Mbojavy, mbojehe’a, moapañuãi,
mbojavo’ói"
mbojehe'a,Transitive,confundir,"Mbojavy, mbojehe’a, moapañuãi,
mbojavo’ói"
moapañuãi,Transitive,confundir,"Mbojavy, mbojehe’a, moapañuãi,
mbojavo’ói"
mbojavo'ói,Transitive,confundir,"Mbojavy, mbojehe’a, moapañuãi,
mbojavo’ói"
mbohypy'a,Transitive,congelar,"Mbohypy’a, javo’ói"
javo'ói,Transitive,congelar,"Mbohypy’a, javo’ói"
mosusũ,Transitive,conjugar,Mosusũ
mopirĩ,Transitive,conmover,Mopirĩ
hechaukavy,Transitive,connotar,"Mombe’u nunga, hechauka mo’ã,
hechaukavy"
kuaha,Transitive,conocer,"Kuaha, hecha"
hecha,Transitive,conocer,"Kuaha, hecha"
mongarai,Transitive,consagrar,Mongarai
hupyty,Transitive,conseguir,"Hupyty, ikokatu, moingo, mbopu,
pojái"
ikokatu,Transitive,conseguir,"Hupyty, ikokatu, moingo, mbopu,
pojái"
moingo,Transitive,conseguir,"Hupyty, ikokatu, moingo, mbopu,
pojái"
mbopu,Transitive,conseguir,"Hupyty, ikokatu, moingo, mbopu,
pojái"
pojái,Transitive,conseguir,"Hupyty, ikokatu, moingo, mbopu,
pojái"
neĩ,Transitive,consentir,"Neĩ, moneĩ, mbokatu"
moneĩ,Transitive,consentir,"Neĩ, moneĩ, mbokatu"
mbokatu,Transitive,consentir,"Neĩ, moneĩ, mbokatu"
ñongatu,Transitive,conservar,"Ñongatu, ñangareko"
ñangareko,Transitive,conservar,"Ñongatu, ñangareko"
jogapo,Intransitive,construir,Jogapo
japo,Transitive,construir,"Japo, mopu’ã"
mopu'ã,Transitive,construir,"Japo, mopu’ã"
mbohavái,Transitive,contradecir,Mbohavái
pyhy,Transitive,contraer,"Pyhy, reko"
reko,Transitive,contraer,"Pyhy, reko"
ñakãrapu'ã,Intransitive,convalecer,"Ñakãrapu’ã, kuéra"
kuéra,Intransitive,convalecer,"Ñakãrapu’ã, kuéra"
ñe'ẽ,Intransitive,conversar,"Ñe’ẽ, mongeta, ñomongeta"
mongeta,Intransitive,conversar,"Ñe’ẽ, mongeta, ñomongeta"
ñomongeta,Intransitive,conversar,"Ñe’ẽ, mongeta, ñomongeta"
moambue,Transitive,convertir,Moambue
kuave'ẽ,Transitive,convidar,Kuave’ẽ
ñopytyvõ,Intransitive,cooperar,Ñopytyvõ
ñani,Intransitive,correr,Ñani
mbyai,Transitive,corromper,"Mbyai, mbotuju, mbohekovi"
mbotuju,Transitive,corromper,"Mbyai, mbotuju, mbohekovi"
mbohekovi,Transitive,corromper,"Mbyai, mbotuju, mbohekovi"
kytῖ,Transitive,cortar,Kytῖ
mongeta,Transitive,cortejar,Mongeta
mono'õ,Transitive,cosechar,"Mono’õ, mbyaty, po’o"
mbyaty,Transitive,cosechar,"Mono’õ, mbyaty, po’o"
po'o,Transitive,cosechar,"Mono’õ, mbyaty, po’o"
mbovyvy,Transitive,coser,Mbovyvy
hepyme'ẽ,Transitive,costear,Hepyme’ẽ
mbohepy,Transitive,cotizar,Mbohepy
japo,Transitive,crear,Japo
kakuaha,Intransitive,crecer,Kakuaha
rovia,Transitive,creer,"Rovia, jerovía, imo’ã.
110"
jerovía,Transitive,creer,"Rovia, jerovía, imo’ã.
110"
pororo,Intransitive,crepitar,Pororo
mongakuaha,Transitive,criar,Mongakuaha
ñarõ,Transitive,criticar,"Ñarõ, jatapy, kaguai"
jatapy,Transitive,criticar,"Ñarõ, jatapy, kaguai"
kaguai,Transitive,criticar,"Ñarõ, jatapy, kaguai"
jaho'i,Transitive,cubrir,"Jaho’i, mo’ã"
mo'ã,Transitive,cubrir,"Jaho’i, mo’ã"
ñe'ẽmbegue,Intransitive,cuchichear,"Ñe’ẽmbegue, ñe’ẽguyguy"
ñe'ẽguyguy,Intransitive,cuchichear,"Ñe’ẽmbegue, ñe’ẽguyguy"
ñangareko,Transitive,cuidar,"Ñangareko, ñongatu"
ñongatu,Transitive,cuidar,"Ñangareko, ñongatu"
ja,Transitive,culpar,"Ja, mboja"
mboja,Transitive,culpar,"Ja, mboja"
ñotỹ,Transitive,cultivar,"Ñotỹ, ñemitỹ"
ñemitỹ,Transitive,cultivar,"Ñotỹ, ñemitỹ"
mboaje,Transitive,cumplir,"Mboaje, mboty"
mboty,Transitive,cumplir,"Mboaje, mboty"
pohano,Transitive,curar,Pohano
maña,Intransitive,curiosear,"Maña, kuahase"
kuahase,Intransitive,curiosear,"Maña, kuahase"
ñangareko,Transitive,custodiar,Ñangareko
mboguapy,Transitive,decantar,"Mboguapy, mboyke’a"
mboyke'a,Transitive,decantar,"Mboguapy, mboyke’a"
akão,Transitive,decapitar,"Akão, ñakã’o"
ñakã'o,Transitive,decapitar,"Akão, ñakã’o"
‘e,Transitive,decir,"‘E, ‘i"
‘i,Transitive,decir,"‘E, ‘i"
guejy,Intransitive,declinar,Guejy
mbotove,Transitive,declinar,Mbotove
mboje'o,Transitive,decolorar,Mboje’o
nyñýi,Intransitive,decrecer,"Nyñýi, ñemomichĩ"
ñemomichĩ,Intransitive,decrecer,"Nyñýi, ñemomichĩ"
me'ẽ,Transitive,dedicar,"Me’ẽ, kuave’ẽ"
kuave'ẽ,Transitive,dedicar,"Me’ẽ, kuave’ẽ"
nohẽ,Transitive,deducir,Nohẽ
pysyrõ,Transitive,defender,"Pysyrõ, pytyvõ, mo’ã"
pytyvõ,Transitive,defender,"Pysyrõ, pytyvõ, mo’ã"
mo'ã,Transitive,defender,"Pysyrõ, pytyvõ, mo’ã"
mbyai,Transitive,deformar,Mbyai
hekombyai,Transitive,damnificar,Hekombyai
jeroky,Intransitive,danzar,Jeroky
mbyai,Transitive,dañar,"Mbyai, momarã"
momarã,Transitive,dañar,"Mbyai, momarã"
me'ẽ,Transitive,dar,Me’ẽ
mbo'ára,Transitive,datar,Mbo’ára
ñe'embohovai,Intransitive,debatir,Ñe’embohovai
mokangy,Transitive,debilitar,Mokangy
mbotove,Transitive,denegar,Mbotove
momirĩ,Transitive,denigrar,"Mongy’a héra, momirĩ"
mbohéra,Transitive,denominar,Mbohéra
kuahauka,Transitive,denunciar,Kuahauka
ñomongeta,Intransitive,departir,Ñomongeta
jepoka,Intransitive,depender,Jepoka
hague'o,Transitive,depilar,Hague’o
mbyasy,Transitive,deplorar,Mbyasy
mosẽ,Transitive,deportar,"Mosẽ, mosẽ tetãgui"
moĩ,Transitive,depositar,"Moĩ, mboguapy, ñongatu"
mboguapy,Transitive,depositar,"Moĩ, mboguapy, ñongatu"
ñongatu,Transitive,depositar,"Moĩ, mboguapy, ñongatu"
mboguejy,Transitive,deprimir,"Mboguejy, mokangy"
mokangy,Transitive,deprimir,"Mboguejy, mokangy"
mopotĩ,Transitive,depurar,Mopotĩ
mbotavy,Transitive,defraudar,"Mbotavy, monda"
monda,Transitive,defraudar,"Mbotavy, monda"
akã'o,Transitive,degollar,Akã’o
heja,Transitive,dejar,Heja
mombe'u,Transitive,delatar,Mombe’u
mbovy'a,Transitive,deleitar,Mbovy’a
ity,Transitive,demoler,"Ity, jeka"
jeka,Transitive,demoler,"Ity, jeka"
are,Intransitive,demorar,Are
mbo'are,Transitive,demorar,"Mbo’are, mombuku,
mbopuku, mbyaje"
mombuku,Transitive,demorar,"Mbo’are, mombuku,
mbopuku, mbyaje"
mbopuku,Transitive,demorar,"Mbo’are, mombuku,
mbopuku, mbyaje"
mbyaje,Transitive,demorar,"Mbo’are, mombuku,
mbopuku, mbyaje"
hechauka,Transitive,demostrar,Hechauka
pe'a,Transitive,derogar,"Pe’a, momba’eve"
momba'eve,Transitive,derogar,"Pe’a, momba’eve"
ñohẽ,Transitive,derramar,Ñohẽ
mbohyku,Transitive,derretir,Mbohyku
ity,Transitive,derribar,"Ity, mongúi"
mongúi,Transitive,derribar,"Ity, mongúi"
mongúi,Transitive,derrocar,"Mongúi, ityka"
ityka,Transitive,derrocar,"Mongúi, ityka"
motimbo,Transitive,derrotar,"Motimbo, mbojevy"
mbojevy,Transitive,derrotar,"Motimbo, mbojevy"
ity,Transitive,derrumbar,Ity
mombia,Transitive,desaconsejar,Mombia
mbojereroviave'ỹ,Transitive,desacreditar,Mbojereroviave’ỹ
hatapyña,Transitive,desafiar,"Hatapyña, mbopochy, moñarõ,
poroheka"
mbopochy,Transitive,desafiar,"Hatapyña, mbopochy, moñarõ,
poroheka"
moñarõ,Transitive,desafiar,"Hatapyña, mbopochy, moñarõ,
poroheka"
poroheka,Transitive,desafiar,"Hatapyña, mbopochy, moñarõ,
poroheka"
moñyrõ,Transitive,desagraviar,Moñyrõ
mombytu'u,Transitive,desahogar,Mombytu’u
mbojoavy,Transitive,desajustar,"Mbojoavy, mbyai"
mbyai,Transitive,desajustar,"Mbojoavy, mbyai"
mokangy,Transitive,desalentar,"Mokangy, motíndy"
motíndy,Transitive,desalentar,"Mokangy, motíndy"
mosẽ,Transitive,desalojar,Mosẽ
jora,Transitive,desamarrar,Jora
motyre'ỹ,Transitive,desamparar,"Heja rei, motyre’ỹ"
motindy,Intransitive,desanimar,"Motindy, moambue ojaposéva"
kañy,Intransitive,desaparecer,"Kañy, ñemi"
ñemi,Intransitive,desaparecer,"Kañy, ñemi"
mbotove,Transitive,desaprobar,Mbotove
hapo'o,Transitive,desarraigar,Hapo’o
mongakuaha,Transitive,desarrollar,"Mongakuaha, mopu’ã"
mopu'ã,Transitive,desarrollar,"Mongakuaha, mopu’ã"
jora,Transitive,desatar,Jora
hechagi,Transitive,desatender,"Hechagi, heja rei, momarã"
momarã,Transitive,desatender,"Hechagi, heja rei, momarã"
rambosa,Intransitive,desayunar,Rambosa
mosarambi,Transitive,desbaratar,"Mosarambi, mbyai"
mbyai,Transitive,desbaratar,"Mosarambi, mbyai"
juruka,Transitive,desbocar,Juruka
ñehẽ,Intransitive,desbordar,"Ñehẽ, sẽmba"
sẽmba,Intransitive,desbordar,"Ñehẽ, sẽmba"
akã'o,Transitive,descabezar,Akã’o
pytu'u,Intransitive,descansar,Pytu’u
mboguejy,Transitive,descargar,"Mboguejy, monandi"
monandi,Transitive,descargar,"Mboguejy, monandi"
ro'okue'o,Transitive,descarnar,Ro’okue’o
mombia,Transitive,descarriar,"Mombia, nohẽ tape porãgui"
pe'a,Transitive,descartar,"Pe’a, nohẽ, mosẽ"
nohẽ,Transitive,descartar,"Pe’a, nohẽ, mosẽ"
mosẽ,Transitive,descartar,"Pe’a, nohẽ, mosẽ"
piro,Transitive,descascarar,"Piro, pire’o"
pire'o,Transitive,descascarar,"Piro, pire’o"
guejy,Intransitive,descender,Guejy
jekuahave,Intransitive,descollar,"Jekuahave, jepu’ãve,
ñemotenonde"
jepu'ãve,Intransitive,descollar,"Jekuahave, jepu’ãve,
ñemotenonde"
ñemotenonde,Intransitive,descollar,"Jekuahave, jepu’ãve,
ñemotenonde"
mbyai,Transitive,descomponer,"Mbyai, momarã"
momarã,Transitive,descomponer,"Mbyai, momarã"
hesarea,Transitive,desconcertar,Hesarea
kuaha'ỹ,Transitive,desconocer,kuaha’ỹ
moangapyhy,Transitive,desconsolar,Moangapyhy
mokyre'ỹjera,Transitive,descorazonar,"Mokyre’ỹjera, motindy"
motindy,Transitive,descorazonar,"Mokyre’ỹjera, motindy"
juru'o,Transitive,descorchar,Juru’o
vyvyhara,Transitive,descoser,"Vyvyhara, jora mbovyvypyre"
juhu,Transitive,descubrir,"Juhu, topa. 2. Ñuãhara, ñuão,
jaho’i’o, pepi"
topa,Transitive,descubrir,"Juhu, topa. 2. Ñuãhara, ñuão,
jaho’i’o, pepi"
hechagi,Transitive,descuidar,Hechagi
ñe'ẽmbogue,Intransitive,desdecir,Ñe’ẽmbogue
pyso,Transitive,desdoblar,"Pyso, mboja’ohára"
mboja'ohára,Transitive,desdoblar,"Pyso, mboja’ohára"
pota,Transitive,desear,"Pota, se, ãho"
se,Transitive,desear,"Pota, se, ãho"
ãho,Transitive,desear,"Pota, se, ãho"
mombo,Transitive,desechar,"Mombo, ity"
ity,Transitive,desechar,"Mombo, ity"
jokuapoi,Transitive,desembalar,"Jokuapoi, jokuajora, pe’a ryrúgui"
jokuajora,Transitive,desembalar,"Jokuapoi, jokuajora, pe’a ryrúgui"
virume'ẽ,Transitive,desembolsar,"Virume’ẽ, hepyrãme’e"
hepyrãme'e,Transitive,desembolsar,"Virume’ẽ, hepyrãme’e"
joja'o,Intransitive,desempatar,"Joja’o, ñembojojahara"
ñembojojahara,Intransitive,desempatar,"Joja’o, ñembojojahara"
timbo'o,Transitive,desempolvar,Timbo’o
itasã'o,Transitive,desencadenar,"Itasã’o, itasãpe’a. 2. Mboiko"
itasãpe'a,Transitive,desencadenar,"Itasã’o, itasãpe’a. 2. Mboiko"
hekýi,Transitive,desenfundar,Hekýi
mbotavy'o,Transitive,desengañar,"Mbotavy’o, mbotavyhára"
mbotavyhára,Transitive,desengañar,"Mbotavy’o, mbotavyhára"
mosãso,Transitive,desenlazar,Mosãso
jora,Transitive,desenredar,Jora
ñotỹhara,Transitive,desenterrar,"Ñotỹhara, ñemomandu’a,
jevyka"
ñemomandu'a,Transitive,desenterrar,"Ñotỹhara, ñemomandu’a,
jevyka"
jevyka,Transitive,desenterrar,"Ñotỹhara, ñemomandu’a,
jevyka"
hykue'o,Transitive,desentrañar,"Hykue’o, myesakã, mohesakã"
myesakã,Transitive,desentrañar,"Hykue’o, myesakã, mohesakã"
mohesakã,Transitive,desentrañar,"Hykue’o, myesakã, mohesakã"
piã,Intransitive,desertar,Piã
py'amano,Intransitive,desfallecer,"Py’amano, py’akangy"
py'akangy,Intransitive,desfallecer,"Py’amano, py’akangy"
momeguã,Transitive,desfigurar,"Momeguã, mbyai"
mbyai,Transitive,desfigurar,"Momeguã, mbyai"
mondoro,Transitive,desgarrar,Mondoro
mbyai,Transitive,desgraciar,"Mbyai, haru"
haru,Transitive,desgraciar,"Mbyai, haru"
jykýi,Transitive,desgranar,"Jykýi, joka, ta’ỹi’o"
joka,Transitive,desgranar,"Jykýi, joka, ta’ỹi’o"
ta'ỹi'o,Transitive,desgranar,"Jykýi, joka, ta’ỹi’o"
jera,Transitive,deshacer,"Jera, mbyai, mongu’i, hara"
mbyai,Transitive,deshacer,"Jera, mbyai, mongu’i, hara"
mongu'i,Transitive,deshacer,"Jera, mbyai, mongu’i, hara"
hara,Transitive,deshacer,"Jera, mbyai, mongu’i, hara"
mokã,Transitive,deshidratar,"Mokã, mboypi, y’o"
mboypi,Transitive,deshidratar,"Mokã, mboypi, y’o"
y'o,Transitive,deshidratar,"Mokã, mboypi, y’o"
hovykã'o,Transitive,deshilachar,Hovykã’o
hyvi,Transitive,deshilar,"Hyvi, hyvinohẽ, poekýi"
hyvinohẽ,Transitive,deshilar,"Hyvi, hyvinohẽ, poekýi"
poekýi,Transitive,deshilar,"Hyvi, hyvinohẽ, poekýi"
ruru'o,Transitive,deshinchar,Ruru’o
hogue'o,Transitive,deshojar,Hogue’o
herakuã'o,Transitive,deshonrar,"Mongy’a tapicha réra, herakuã’o"
mopotĩ,Transitive,desinfectar,Mopotĩ
heja,Intransitive,desistir,Heja
syry,Intransitive,deslizarse,"Syry, syryry, pysyry"
syryry,Intransitive,deslizarse,"Syry, syryry, pysyry"
pysyry,Intransitive,deslizarse,"Syry, syryry, pysyry"
mbohesamimbi,Transitive,deslumbrar,"Mbohesamimbi, myesakã"
myesakã,Transitive,deslumbrar,"Mbohesamimbi, myesakã"
kopi,Transitive,desmalezar,Kopi
nembyaive,Intransitive,desmejorar,"Nembyaive, rasy aigue jey"
mbosa'i,Transitive,desmenuzar,"Mbosa’i, mbo’i"
mbo'i,Transitive,desmenuzar,"Mbosa’i, mbo’i"
yvyrareity,Transitive,desmontar,"Yvyrareity, yvype’a. 2. Guejy
tenda árigui"
yvype'a,Transitive,desmontar,"Yvyrareity, yvype’a. 2. Guejy
tenda árigui"
ha'ỹijo,Transitive,desmotar,"Ha’ỹijo, hesa’ỹi’o"
hesa'ỹi'o,Transitive,desmotar,"Ha’ỹijo, hesa’ỹi’o"
jajuvoka,Transitive,desnucar,"Jajuvoka, atua’o, mboatuapẽ"
atua'o,Transitive,desnucar,"Jajuvoka, atua’o, mboatuapẽ"
mboatuapẽ,Transitive,desnucar,"Jajuvoka, atua’o, mboatuapẽ"
mboi,Transitive,desnudar,Mboi
monandi,Transitive,desocupar,"Monandi, jehekýi, ñembogua"
jehekýi,Transitive,desocupar,"Monandi, jehekýi, ñembogua"
ñembogua,Transitive,desocupar,"Monandi, jehekýi, ñembogua"
mboje'o,Transitive,despintar,Mboje’o
pyso,Transitive,desplegar,Pyso
hague'o,Transitive,desplumar,Hague’o
monda,Transitive,despojar,Monda
royrõ,Transitive,despreciar,"Royrõ, jahéi"
jahéi,Transitive,despreciar,"Royrõ, jahéi"
motenonde,Transitive,destacar,Motenonde
pe'a,Transitive,destapar,"Pe’a, jaho’ï’o, ñuã’o, hoja’o, juru’o"
jaho'ï'o,Transitive,destapar,"Pe’a, jaho’ï’o, ñuã’o, hoja’o, juru’o"
ñuã'o,Transitive,destapar,"Pe’a, jaho’ï’o, ñuã’o, hoja’o, juru’o"
hoja'o,Transitive,destapar,"Pe’a, jaho’ï’o, ñuã’o, hoja’o, juru’o"
juru'o,Transitive,destapar,"Pe’a, jaho’ï’o, ñuã’o, hoja’o, juru’o"
vera,Intransitive,destellar,"Vera, mimbi"
mimbi,Intransitive,destellar,"Vera, mimbi"
mboje'o,Transitive,desteñir,Mboje’o
mose,Transitive,desterrar,"Mose, ity tetãgui"
mondyky,Transitive,destilar,Mondyky
pe'a,Transitive,destituir,"Pe’a, mosẽ, mbokúi"
mosẽ,Transitive,destituir,"Pe’a, mosẽ, mbokúi"
mbokúi,Transitive,destituir,"Pe’a, mosẽ, mbokúi"
hykue'o,Transitive,destripar,"Hykue’o, japytere’o"
japytere'o,Transitive,destripar,"Hykue’o, japytere’o"
mbyai,Transitive,destruir,"Mbyai, mongu’i"
mongu'i,Transitive,destruir,"Mbyai, mongu’i"
jora,Transitive,desunir,"Jora, joyvyhára"
joyvyhára,Transitive,desunir,"Jora, joyvyhára"
mosarambi,Transitive,desordenar,Mosarambi
hesarea,Transitive,desorientar,"Hesarea, mokañy"
mokañy,Transitive,desorientar,"Hesarea, mokañy"
mbo'a,Intransitive,desovar,Mbo’a
myasãi,Transitive,desparramar,"Myasãi, mosarambi"
mosarambi,Transitive,desparramar,"Myasãi, mosarambi"
mombo'o,Transitive,despechar,Mombo’o
pehẽ'ã,Transitive,despedazar,"Pehẽ’ã, mondyryry"
mondyryry,Transitive,despedazar,"Pehẽ’ã, mondyryry"
jupi,Intransitive,despegar,"Jupi, pu’ã, yvyreja"
pu'ã,Intransitive,despegar,"Jupi, pu’ã, yvyreja"
yvyreja,Intransitive,despegar,"Jupi, pu’ã, yvyreja"
pe'o,Transitive,despellejar,"Pe’o, pire’o, piro, pimboi"
pire'o,Transitive,despellejar,"Pe’o, pire’o, piro, pimboi"
piro,Transitive,despellejar,"Pe’o, pire’o, piro, pimboi"
pimboi,Transitive,despellejar,"Pe’o, pire’o, piro, pimboi"
mombáy,Transitive,despertar,Mombáy
ha'ỹi'o,Transitive,desvainar,"Ha’ỹi’o, joka, haryvo"
joka,Transitive,desvainar,"Ha’ỹi’o, joka, haryvo"
haryvo,Transitive,desvainar,"Ha’ỹi’o, joka, haryvo"
kerape'a,Transitive,desvelar,Kerape’a
mboi,Transitive,desvestir,Mboi
mombia,Transitive,desviar,"Mombia, mbovã, mbojere"
mbovã,Transitive,desviar,"Mombia, mbovã, mbojere"
mbojere,Transitive,desviar,"Mombia, mbovã, mbojere"
mombyta,Transitive,detener,"Mombyta, joko, mboare"
joko,Transitive,detener,"Mombyta, joko, mboare"
mboare,Transitive,detener,"Mombyta, joko, mboare"
mbotuja,Transitive,deteriorar,"Mbotuja, mbyai"
mbyai,Transitive,deteriorar,"Mbotuja, mbyai"
tekome'ẽ,Transitive,determinar,Tekome’ẽ
mbopu,Transitive,detonar,"Mbopu, mombu, mbokapu"
mombu,Transitive,detonar,"Mbopu, mombu, mbokapu"
mbokapu,Transitive,detonar,"Mbopu, mombu, mbokapu"
mbyaipaite,Transitive,devastar,Mbyaipaite
mbojevy,Transitive,devolver,"Mbojevy, me’ẽ jey"
mokõkõ,Transitive,devorar,Mokõkõ
moha'anga,Transitive,dibujar,"Moha’anga, japo ta’anga"
kaguai,Transitive,difamar,"Kaguai, moherakuãvai, ñe’ẽmeguã"
moherakuãvai,Transitive,difamar,"Kaguai, moherakuãvai, ñe’ẽmeguã"
ñe'ẽmeguã,Transitive,difamar,"Kaguai, moherakuãvai, ñe’ẽmeguã"
mbojuavy,Transitive,diferenciar,"Mbojuavy, moingoe"
moingoe,Transitive,diferenciar,"Mbojuavy, moingoe"
joavy,Intransitive,diferir,"Joavy, juavy, ikoe"
juavy,Intransitive,diferir,"Joavy, juavy, ikoe"
ikoe,Intransitive,diferir,"Joavy, juavy, ikoe"
mbohasa,Transitive,diferir,Mbohasa
myasãi,Transitive,difundir,Myasãi
momarangatu,Transitive,dignificar,"Momarangatu, momba’eguasu.
118"
mombo,Transitive,dilapidar,"Mombo, puru vai"
mbo'are,Transitive,dilatar,"Mbo’are, pyso, mbopuku, mombuku"
pyso,Transitive,dilatar,"Mbo’are, pyso, mbopuku, mombuku"
mbopuku,Transitive,dilatar,"Mbo’are, pyso, mbopuku, mombuku"
mombuku,Transitive,dilatar,"Mbo’are, pyso, mbopuku, mombuku"
ha'ỹijo,Transitive,dilucidar,Ha’ỹijo
mbohyku,Transitive,diluir,Mbohyku
sãmbyhy,Transitive,dirigir,"Sãmbyhy, mboguata"
mboguata,Transitive,dirigir,"Sãmbyhy, mboguata"
moñyrõ,Transitive,disculpar,Moñyrõ
ñombohovái,Transitive,discutir,"Ñombohovái, jua’o"
jua'o,Transitive,discutir,"Ñombohovái, jua’o"
mbopiru,Transitive,disecar,"Mbopiru, mokã"
mokã,Transitive,disecar,"Mbopiru, mokã"
mosarambi,Transitive,diseminar,"Mosarambi, myasãi"
myasãi,Transitive,diseminar,"Mosarambi, myasãi"
joavy,Intransitive,disentir,"Joavy, juavy, joavy oñondive"
juavy,Intransitive,disentir,"Joavy, juavy, joavy oñondive"
mbopochy,Transitive,disgustar,"Mbopochy, moñeko’õi"
moñeko'õi,Transitive,disgustar,"Mbopochy, moñeko’õi"
mo'ã,Transitive,disimular,"Mo’ã, ñembotavy"
ñembotavy,Transitive,disimular,"Mo’ã, ñembotavy"
mosarambi,Transitive,disipar,"Mosarambi, mbogue"
mbogue,Transitive,disipar,"Mosarambi, mbogue"
mongaráu,Transitive,dislocar,"Mongaráu, mbokaráu. 2. pml. Karáu"
mbokaráu,Transitive,dislocar,"Mongaráu, mbokaráu. 2. pml. Karáu"
momichĩ,Transitive,disminuir,"Momichĩ, mboguejy"
mboguejy,Transitive,disminuir,"Momichĩ, mboguejy"
mbohyku,Transitive,disolver,Mbohyku
mbokapu,Transitive,disparar,"Mbokapu, kapu, japi, ha’ã"
kapu,Transitive,disparar,"Mbokapu, kapu, japi, ha’ã"
japi,Transitive,disparar,"Mbokapu, kapu, japi, ha’ã"
ha'ã,Transitive,disparar,"Mbokapu, kapu, japi, ha’ã"
moĩ,Transitive,disponer,"Moĩ, myatyrõ"
myatyrõ,Transitive,disponer,"Moĩ, myatyrõ"
jua'o,Intransitive,disputar,Jua’o
ime,Transitive,distar,"Ime, pyta, mombyry"
pyta,Transitive,distar,"Ime, pyta, mombyry"
mombyry,Transitive,distar,"Ime, pyta, mombyry"
mbojoavy,Transitive,distinguir,"Mbojoavy, moingoe"
moingoe,Transitive,distinguir,"Mbojoavy, moingoe"
ñe'ẽrei,Intransitive,divagar,Ñe’ẽrei
mbohory,Transitive,divertir,Mbohory
mbosa'i,Transitive,dividir,Mbosa’i
hecha,Transitive,divisar,Hecha
myasãi,Transitive,divulgar,Myasãi
jo'a,Transitive,doblar,Jo’a
mbojayvy,Transitive,doblegar,"Mbojayvy, mo’akãguejy"
mo'akãguejy,Transitive,doblegar,"Mbojayvy, mo’akãguejy"
hasy,Transitive,doler,Hasy
hekovai'o,Transitive,domar,"Hekovai’o, hesaite’o, sarigue’o"
hesaite'o,Transitive,domar,"Hekovai’o, hesaite’o, sarigue’o"
sarigue'o,Transitive,domar,"Hekovai’o, hesaite’o, sarigue’o"
saite'o,Transitive,domesticar,"Saite’o, sarigue’o"
sarigue'o,Transitive,domesticar,"Saite’o, sarigue’o"
pu'aka,Transitive,dominar,"Pu’aka, ikokatu"
ikokatu,Transitive,dominar,"Pu’aka, ikokatu"
mboapeju,Transitive,dorar,"Mboapeju, mbosa’yju"
mbosa'yju,Transitive,dorar,"Mboapeju, mbosa’yju"
ke,Intransitive,dormir,Ke
ropevy,Intransitive,dormitar,"Ropevy, pirakutu"
pirakutu,Intransitive,dormitar,"Ropevy, pirakutu"
py'aheta,Intransitive,dudar,"Py’aheta, py’amokõi"
py'amokõi,Intransitive,dudar,"Py’aheta, py’amokõi"
momokõi,Transitive,duplicar,"Momokõi, mbojoyvy"
mbojoyvy,Transitive,duplicar,"Momokõi, mbojoyvy"
are,Intransitive,durar,Are
kuatiañe'ẽnohe,Transitive,editar,Kuatiañe’ẽnohe
porombo'e,Intransitive,educar,"Porombo’e,"
mbo'e,Transitive,educar,"Mbo’e, hekombo’e"
hekombo'e,Transitive,educar,"Mbo’e, hekombo’e"
japo,Transitive,efectuar,"Japo, mboaje"
mboaje,Transitive,efectuar,"Japo, mboaje"
japo,Transitive,ejecutar,"Japo. 2. Juka, mbopu"
ity,Transitive,echar,"Ity, poí, mombo"
poí,Transitive,echar,"Ity, poí, mombo"
mombo,Transitive,echar,"Ity, poí, mombo"
mbogue,Transitive,eclipsar,Mbogue
mba'eñongatu,Intransitive,economizar,Mba’eñongatu
nongatu,Transitive,economizar,"Nongatu,
mohemby, rakate’ỹ"
mohemby,Transitive,economizar,"Nongatu,
mohemby, rakate’ỹ"
rakate'ỹ,Transitive,economizar,"Nongatu,
mohemby, rakate’ỹ"
ógapo,Intransitive,edificar,"Ógapo, jaitypo, japo óga"
jaitypo,Intransitive,edificar,"Ógapo, jaitypo, japo óga"
mopu'ã,Transitive,edificar,Mopu’ã
momba'apo,Transitive,ejercitar,Momba’apo
poravo,Transitive,elegir,Poravo
hupi,Transitive,elevar,"Hupi, mopu’ã, mboyvate"
mopu'ã,Transitive,elevar,"Hupi, mopu’ã, mboyvate"
mboyvate,Transitive,elevar,"Hupi, mopu’ã, mboyvate"
mosẽ,Transitive,eliminar,"Mosẽ, pe’a. 2. Juka"
pe'a,Transitive,eliminar,"Mosẽ, pe’a. 2. Juka"
guerohory,Transitive,elogiar,Guerohory
pyaha,Transitive,elucubrar,"Pyaha, imo’ã"
imo'ã,Transitive,elucubrar,"Pyaha, imo’ã"
jehekýi,Transitive,eludir,Jehekýi
ryakuã,Transitive,emanar,"Ryakuã. 2. Ypy, ñepyrũ, ou ypy"
sãso,Transitive,emancipar,Sãso
mboapakua,Transitive,embalar,Mboapakua
mbopoivi,Transitive,embanderar,Mbopoivi
joko,Transitive,embargar,"Joko, mbohepyjoko, pe’a"
mbohepyjoko,Transitive,embargar,"Joko, mbohepyjoko, pe’a"
pe'a,Transitive,embargar,"Joko, mbohepyjoko, pe’a"
mbotuju,Transitive,embarrar,Mbotuju
mbojurujái,Transitive,embelesar,"Mbojurujái, mbotavy"
mbotavy,Transitive,embelesar,"Mbojurujái, mbotavy"
moporã,Transitive,embellecer,Moporã
taky,Transitive,embestir,"Taky, ndyry, topeta"
ndyry,Transitive,embestir,"Taky, ndyry, topeta"
topeta,Transitive,embestir,"Taky, ndyry, topeta"
mbohyru,Transitive,embolsar,"Mbohyru, mbovosa"
mbovosa,Transitive,embolsar,"Mbohyru, mbovosa"
monga'u,Transitive,emborrachar,Monga’u
mbohyru,Transitive,embotellar,Mbohyru
moñarõ,Transitive,embravecer,"Moñarõ, mbopochy"
mbopochy,Transitive,embravecer,"Moñarõ, mbopochy"
monga'u,Transitive,embriagar,Monga’u
mbotavy,Transitive,embromar,"Mbotavy, myangekói"
myangekói,Transitive,embromar,"Mbotavy, myangekói"
mbopaje,Transitive,embrujar,Mbopaje
mbopy'akyrỹi,Transitive,emocionar,"Mbopy’akyrỹi, mopirĩ"
mopirĩ,Transitive,emocionar,"Mbopy’akyrỹi, mopirĩ"
moakỹ,Transitive,empapar,"Moakỹ, myakỹ"
myakỹ,Transitive,empapar,"Moakỹ, myakỹ"
mbohyru,Transitive,empaquetar,Mbohyru
mbojoja,Transitive,emparejar,Mbojoja
joja,Intransitive,empatar,Joja
vaive,Intransitive,empeorar,Vaive
nepurũ,Intransitive,empezar,Nepurũ
nepurũ,Transitive,empezar,"Nepurũ, moñeрurũ"
moñeрurũ,Transitive,empezar,"Nepurũ, moñeрurũ"
mbojupi,Transitive,empinar,"Mbojupi, mopu’ã"
mopu'ã,Transitive,empinar,"Mbojupi, mopu’ã"
poru,Transitive,emplear,"Poru. 2. Momba’apo, mohenda,
jokuái"
momboriahu,Transitive,empobrecer,Momboriahu
mуaña,Transitive,empujar,"Mуaña, muaña"
muaña,Transitive,empujar,"Mуaña, muaña"
ha'ã,Transitive,emular,Ha’ã
mbotuicha,Transitive,enaltecer,"Mbotuicha, mboyvate"
mboyvate,Transitive,enaltecer,"Mbotuicha, mboyvate"
moakãraku,Transitive,enamorar,"Moakãraku. 2. Mborayhu
oñandukáva"
motenonde,Transitive,encabezar,"Motenonde, myakã"
myakã,Transitive,encabezar,"Motenonde, myakã"
mboitasã,Transitive,encadenar,"Mboitasã, mosã"
mosã,Transitive,encadenar,"Mboitasã, mosã"
mbohyru,Transitive,encajar,"Mbohyru, moinge"
moinge,Transitive,encajar,"Mbohyru, moinge"
mbohyru,Transitive,encajonar,Mbohyru
mbohape,Transitive,encaminar,Mbohape
myesakã,Transitive,encandilar,"Myesakã, mbohesamimbi"
mbohesamimbi,Transitive,encandilar,"Myesakã, mbohesamimbi"
mbovy'a,Transitive,encantar,Mbovy’a
moka'irãi,Transitive,encarcelar,Moka’irãi
hepyve,Intransitive,encarecer,Hepyve
moinge,Transitive,encastrar,Moinge
myendy,Transitive,encender,Myendy
mboty,Transitive,encerrar,"Mboty, mongora"
mongora,Transitive,encerrar,"Mboty, mongora"
mbojo'a,Transitive,encimar,Mbojo’a
kuruchĩ,Intransitive,encoger,"Kuruchĩ, cha’ĩ, ñуñýi"
cha'ĩ,Intransitive,encoger,"Kuruchĩ, cha’ĩ, ñуñýi"
ñуñýi,Intransitive,encoger,"Kuruchĩ, cha’ĩ, ñуñýi"
moakuruchĩ,Transitive,encoger,"Moakuruchĩ, mocha’ĩ, moñуñуi, mombyky"
mocha'ĩ,Transitive,encoger,"Moakuruchĩ, mocha’ĩ, moñуñуi, mombyky"
moñуñуi,Transitive,encoger,"Moakuruchĩ, mocha’ĩ, moñуñуi, mombyky"
mombyky,Transitive,encoger,"Moakuruchĩ, mocha’ĩ, moñуñуi, mombyky"
moñangareko,Transitive,encomendar,"Moñangareko, ñangarekouka,
japouka"
ñangarekouka,Transitive,encomendar,"Moñangareko, ñangarekouka,
japouka"
japouka,Transitive,encomendar,"Moñangareko, ñangarekouka,
japouka"
juhu,Transitive,encontrar,Juhu
movã,Transitive,encorvar,"Movã, pepy, mokarapã"
pepy,Transitive,encorvar,"Movã, pepy, mokarapã"
mokarapã,Transitive,encorvar,"Movã, pepy, mokarapã"
ñomi,Transitive,encubrir,"Ñomi, mo’ã, mokañy"
mo'ã,Transitive,encubrir,"Ñomi, mo’ã, mokañy"
mokañy,Transitive,encubrir,"Ñomi, mo’ã, mokañy"
moñembo'y,Transitive,enderezar,Moñembo’y
mohe'ẽ,Transitive,endulzar,Mohe’ẽ
mohatã,Transitive,endurecer,Mohatã
mbohysýi,Transitive,enfilar,Mbohysýi
mbohovái,Transitive,enfrentar,Mbohovái
moro'ysã,Transitive,enfriar,Moro’ysã
mbopochy,Transitive,enfurecer,Mbopochy
mbotavy,Transitive,engañar,Mbotavy
moñemoña,Transitive,engendrar,Moñemoña
mongyra,Transitive,engordar,Mongyra
mbotuicha,Transitive,engrandecer,"Mbotuicha, momba’eguasu"
momba'eguasu,Transitive,engrandecer,"Mbotuicha, momba’eguasu"
moñandy,Transitive,engrasar,"Moñandy, mongyra"
mongyra,Transitive,engrasar,"Moñandy, mongyra"
kyrave,Intransitive,engrosar,"Kyrave, poguasuve"
poguasuve,Intransitive,engrosar,"Kyrave, poguasuve"
mongyrave,Transitive,engrosar,"Mongyrave, mbopoguasuve"
mbopoguasuve,Transitive,engrosar,"Mongyrave, mbopoguasuve"
mokõ,Transitive,engullir,Mokõ
mosã,Transitive,enhebrar,Mosã
mohavõ,Transitive,enjabonar,Mohavõ
johéi,Transitive,enjuagar,Johéi
mokã,Transitive,enjugar,"Mokã, mohykuejei"
mohykuejei,Transitive,enjugar,"Mokã, mohykuejei"
jura,Transitive,enlazar,"Jura, joaju, mosã"
joaju,Transitive,enlazar,"Jura, joaju, mosã"
mosã,Transitive,enlazar,"Jura, joaju, mosã"
mbotarova,Transitive,enloquecer,Mbotarova
mbojavo',Transitive,enmarañar,Mbojavo’
kirirĩ,Intransitive,enmudecer,Kirirĩ
mbopochy,Transitive,enojar,"Mbopochy, moñeko’õi"
moñeko'õi,Transitive,enojar,"Mbopochy, moñeko’õi"
mbovu,Transitive,enorgullecer,Mbovu
mbojehe'a,Transitive,enredar,"Mbojehe’a, moapañuãi"
moapañuãi,Transitive,enredar,"Mbojehe’a, moapañuãi"
momba'eheta,Transitive,enriquecer,Momba’eheta
mopytã,Transitive,enrojecer,Mopytã
ñopẽ,Transitive,enrular,Ñopẽ
momba'eguasu,Transitive,ensalzar,"Momba’eguasu, mongele’e"
mongele'e,Transitive,ensalzar,"Momba’eguasu, mongele’e"
mbopyve,Transitive,ensanchar,"Mbopyve, pysove"
pysove,Transitive,ensanchar,"Mbopyve, pysove"
mbohuguy,Transitive,ensangrentar,Mbohuguy
ha'ã,Transitive,ensayar,Ha’ã
porombo'e,Intransitive,enseñar,Porombo’e
mbo'e,Transitive,enseñar,"Mbo’e, kuahauka,
moarandu, hekombo’e"
kuahauka,Transitive,enseñar,"Mbo’e, kuahauka,
moarandu, hekombo’e"
moarandu,Transitive,enseñar,"Mbo’e, kuahauka,
moarandu, hekombo’e"
hekombo'e,Transitive,enseñar,"Mbo’e, kuahauka,
moarandu, hekombo’e"
apysakuamboty,Transitive,ensordecer,Apysakuamboty
mongy'a,Transitive,ensuciar,"Mongy’a, momarã"
momarã,Transitive,ensuciar,"Mongy’a, momarã"
kumby,Transitive,entender,"Kumby, kuaha, rendu, jekopyty,
hechakuaha"
kuaha,Transitive,entender,"Kumby, kuaha, rendu, jekopyty,
hechakuaha"
rendu,Transitive,entender,"Kumby, kuaha, rendu, jekopyty,
hechakuaha"
jekopyty,Transitive,entender,"Kumby, kuaha, rendu, jekopyty,
hechakuaha"
hechakuaha,Transitive,entender,"Kumby, kuaha, rendu, jekopyty,
hechakuaha"
kuahauka,Transitive,enterar,"Kuahauka, momarandu"
momarandu,Transitive,enterar,"Kuahauka, momarandu"
mbopy'akyrỹi,Transitive,enternecer,"Mbopy’akyrỹi, py’añopũ"
py'añopũ,Transitive,enternecer,"Mbopy’akyrỹi, py’añopũ"
ñotỹ,Transitive,enterrar,"Ñotỹ, jaty, ñemitỹ, jatyka, mboguy,
mboyvyguy"
jaty,Transitive,enterrar,"Ñotỹ, jaty, ñemitỹ, jatyka, mboguy,
mboyvyguy"
ñemitỹ,Transitive,enterrar,"Ñotỹ, jaty, ñemitỹ, jatyka, mboguy,
mboyvyguy"
jatyka,Transitive,enterrar,"Ñotỹ, jaty, ñemitỹ, jatyka, mboguy,
mboyvyguy"
mboguy,Transitive,enterrar,"Ñotỹ, jaty, ñemitỹ, jatyka, mboguy,
mboyvyguy"
mboyvyguy,Transitive,enterrar,"Ñotỹ, jaty, ñemitỹ, jatyka, mboguy,
mboyvyguy"
ike,Intransitive,entrar,Ike
juruvy,Transitive,entreabrir,Juruvy
me'ẽ,Transitive,entregar,Me’ẽ
henduvy,Transitive,entreoir,"Henduvy, hendú vai vai"
hechavy,Transitive,entrever,"Hechavy, hesaho, hecha vai vai"
hesaho,Transitive,entrever,"Hechavy, hesaho, hecha vai vai"
mbojehe'a,Transitive,entreverar,Mbojehe’a
mongeta,Transitive,entrevistar,"Mongeta, hecha"
hecha,Transitive,entrevistar,"Mongeta, hecha"
momba'embyasy,Transitive,entristecer,Momba’embyasy
mbotyai,Transitive,enturbiar,Mbotyai
moakãraku,Transitive,entusiasmar,Moakãraku
papa,Transitive,enumerar,Papa
ñoña,Transitive,envasar,"Ñoña, mbohyru"
mbohyru,Transitive,envasar,"Ñoña, mbohyru"
tuja,Intransitive,envejecer,Tuja
mbopohãjuka,Transitive,envenenar,Mbopohãjuka
rahauka,Transitive,enviar,"Rahauka, jokuái, mondo, mbou"
jokuái,Transitive,enviar,"Rahauka, jokuái, mondo, mbou"
mondo,Transitive,enviar,"Rahauka, jokuái, mondo, mbou"
mbou,Transitive,enviar,"Rahauka, jokuái, mondo, mbou"
mboapakua,Transitive,envolver,Mboapakua
mbosako'i,Transitive,equipar,"Mbosako’i, me’ẽ oikotevẽva"
mbojoja,Transitive,equiparar,Mbojoja
mopu'ã,Transitive,erguir,Mopu’ã
urẽ,Intransitive,eructar,"Urẽ, gue’ẽ, éu"
gue'ẽ,Intransitive,eructar,"Urẽ, gue’ẽ, éu"
éu,Intransitive,eructar,"Urẽ, gue’ẽ, éu"
jupi,Transitive,escalar,Jupi
pi,Intransitive,escampar,"Pi, pa ama"
mondýi,Intransitive,escandalizar,"Mba’e vai (tie’ỹ) hechauka,
mondýi"
typeka,Transitive,escarbar,"Typeka, guyguy, havyka"
guyguy,Transitive,escarbar,"Typeka, guyguy, havyka"
havyka,Transitive,escarbar,"Typeka, guyguy, havyka"
mohesakã,Transitive,esclarecer,"Mohesakã, hesape"
hesape,Transitive,esclarecer,"Mohesakã, hesape"
poravo,Transitive,escoger,Poravo
ñomi,Transitive,esconder,"Ñomi, mokañy, ñongatu"
mokañy,Transitive,esconder,"Ñomi, mokañy, ñongatu"
ñongatu,Transitive,esconder,"Ñomi, mokañy, ñongatu"
japysaka,Intransitive,escuchar,Japysaka. tr. Hendu
povyvy,Transitive,escudriñar,"Maña asy, povyvy"
moha'anga,Transitive,esculpir,Moha’anga
mbosyryry,Transitive,escurrir,Mbosyryry
mopokã,Transitive,espaciar,"Mopokã, mopa’ũ"
mopa'ũ,Transitive,espaciar,"Mopokã, mopa’ũ"
mondýi,Transitive,espantar,"Mondýi, mongyhyje"
mongyhyje,Transitive,espantar,"Mondýi, mongyhyje"
myasãi,Transitive,esparcir,"Myasãi, sarambi"
sarambi,Transitive,esparcir,"Myasãi, sarambi"
kañyhápe,Transitive,espiar,Kañyhápe
ñapi,Transitive,esquilar,"Ñapi, hague’o"
hague'o,Transitive,esquilar,"Ñapi, hague’o"
hekỹi,Transitive,esquivar,"Hekỹi, piã, jei"
piã,Transitive,esquivar,"Hekỹi, piã, jei"
jei,Transitive,esquivar,"Hekỹi, piã, jei"
moĩ,Transitive,establecer,"Moĩ, mohenda"
mohenda,Transitive,establecer,"Moĩ, mohenda"
mbotavy,Transitive,estafar,"Mbotavy, poro’u"
poro'u,Transitive,estafar,"Mbotavy, poro’u"
pu,Intransitive,estallar,"Pu, soro"
soro,Intransitive,estallar,"Pu, soro"
moĩ,Transitive,estampar,"Moĩ, moha’anga, mbopara"
moha'anga,Transitive,estampar,"Moĩ, moha’anga, mbopara"
mbopara,Transitive,estampar,"Moĩ, moha’anga, mbopara"
mombyta,Transitive,estancar,Mombyta
i,Intransitive,estar,"I, iko, ime"
iko,Intransitive,estar,"I, iko, ime"
ime,Intransitive,estar,"I, iko, ime"
jepokuaha,Transitive,estilar,Jepokuaha
hayhu,Transitive,estimar,"Hayhu, mbohepy, jerovia, mboaje,
porangareko, mbojerovia"
mbohepy,Transitive,estimar,"Hayhu, mbohepy, jerovia, mboaje,
porangareko, mbojerovia"
jerovia,Transitive,estimar,"Hayhu, mbohepy, jerovia, mboaje,
porangareko, mbojerovia"
mboaje,Transitive,estimar,"Hayhu, mbohepy, jerovia, mboaje,
porangareko, mbojerovia"
porangareko,Transitive,estimar,"Hayhu, mbohepy, jerovia, mboaje,
porangareko, mbojerovia"
mbojerovia,Transitive,estimar,"Hayhu, mbohepy, jerovia, mboaje,
porangareko, mbojerovia"
mokyre'ỹ,Transitive,estimular,"Mokyre’ỹ, mbohetia’e"
mbohetia'e,Transitive,estimular,"Mokyre’ỹ, mbohetia’e"
myangekói,Transitive,estorbar,"Myangekói, joko, mopa’ã"
joko,Transitive,estorbar,"Myangekói, joko, mopa’ã"
mopa'ã,Transitive,estorbar,"Myangekói, joko, mopa’ã"
atĩa,Intransitive,estornudar,Atĩa
juvy,Transitive,estrangular,Juvy
mbopo'i,Transitive,estrechar,"Mbopo’i, mbopyka’i"
mbopyka'i,Transitive,estrechar,"Mbopo’i, mbopyka’i"
mombu,Transitive,estrellar,"Mombu, joka, mbota"
joka,Transitive,estrellar,"Mombu, joka, mbota"
mbota,Transitive,estrellar,"Mombu, joka, mbota"
mopirĩ,Transitive,estremecer,Mopirĩ
jepytaso,Intransitive,estribar,"Jepytaso, ñepyta’ã"
ñepyta'ã,Intransitive,estribar,"Jepytaso, ñepyta’ã"
mbyai,Transitive,estropear,Mbyai
jopy,Transitive,estrujar,"Jopy, ñami, hykue’o"
ñami,Transitive,estrujar,"Jopy, ñami, hykue’o"
hykue'o,Transitive,estrujar,"Jopy, ñami, hykue’o"
jehekýi,Transitive,evacuar,"Jehekýi, monandi, ha, ho"
monandi,Transitive,evacuar,"Jehekýi, monandi, ha, ho"
ha,Transitive,evacuar,"Jehekýi, monandi, ha, ho"
ho,Transitive,evacuar,"Jehekýi, monandi, ha, ho"
mbohepy,Transitive,evaluar,Mbohepy
mbogue,Transitive,evaporar,"Mbogue, motimbo"
motimbo,Transitive,evaporar,"Mbogue, motimbo"
joko,Transitive,evitar,"Joko, pia, ñemombia, ñemboyke"
pia,Transitive,evitar,"Joko, pia, ñemombia, ñemboyke"
ñemombia,Transitive,evitar,"Joko, pia, ñemombia, ñemboyke"
ñemboyke,Transitive,evitar,"Joko, pia, ñemombia, ñemboyke"
mandu'a,Transitive,evocar,Mandu’a
mohatã,Transitive,exacerbar,Mohatã
momorã,Transitive,exaltar,"Momorã, mbotuicha"
mbotuicha,Transitive,exaltar,"Momorã, mbotuicha"
kuahara'ã,Transitive,examinar,Kuahara’ã
jo'o,Transitive,excavar,Jo’o
hemby,Intransitive,exceder,"Hemby, hasa"
hasa,Intransitive,exceder,"Hemby, hasa"
ime,Intransitive,existir,"Ime, ĩ, iko, ikove"
ĩ,Intransitive,existir,"Ime, ĩ, iko, ikove"
iko,Intransitive,existir,"Ime, ĩ, iko, ikove"
ikove,Intransitive,existir,"Ime, ĩ, iko, ikove"
poi,Transitive,expeler,"Poi, ity.
128"
ha'ã,Transitive,experimentar,Ha’ã. 2. Ñandu
pytupa,Intransitive,expirar,"Pytupa, jehekýi, angakýi, mano"
jehekýi,Intransitive,expirar,"Pytupa, jehekýi, angakýi, mano"
angakýi,Intransitive,expirar,"Pytupa, jehekýi, angakýi, mano"
mano,Intransitive,expirar,"Pytupa, jehekýi, angakýi, mano"
mohesakã,Transitive,explicar,"Mohesakã, mombe’u, ha’ỹijo,
mosakã"
mombe'u,Transitive,explicar,"Mohesakã, mombe’u, ha’ỹijo,
mosakã"
ha'ỹijo,Transitive,explicar,"Mohesakã, mombe’u, ha’ỹijo,
mosakã"
mosakã,Transitive,explicar,"Mohesakã, mombe’u, ha’ỹijo,
mosakã"
pu,Transitive,explotar,"Pu, kapu"
kapu,Transitive,explotar,"Pu, kapu"
mombe'u,Transitive,exponer,"Mombe’u, hechauka"
hechauka,Transitive,exponer,"Mombe’u, hechauka"
mombe'u,Transitive,expresar,Mombe’u
ñami,Transitive,exprimir,"Ñami, hykue’o, poka, mondyky"
hykue'o,Transitive,exprimir,"Ñami, hykue’o, poka, mondyky"
poka,Transitive,exprimir,"Ñami, hykue’o, poka, mondyky"
mondyky,Transitive,exprimir,"Ñami, hykue’o, poka, mondyky"
mosẽ,Transitive,expulsar,Mosẽ
pyso,Transitive,extender,"Pyso, mosarambi, myasãi"
mosarambi,Transitive,extender,"Pyso, mosarambi, myasãi"
myasãi,Transitive,extender,"Pyso, mosarambi, myasãi"
mokane'õ,Transitive,extenuar,Mokane’õ
jukapa,Transitive,exterminar,"Jukapa, momba, pe’apaite"
momba,Transitive,exterminar,"Jukapa, momba, pe’apaite"
pe'apaite,Transitive,exterminar,"Jukapa, momba, pe’apaite"
mbogue,Transitive,extinguir,Mbogue
hapo'o,Transitive,extirpar,"Hapo’o, nohẽ"
nohẽ,Transitive,extirpar,"Hapo’o, nohẽ"
‘o,Transitive,extraer,"‘O, hekýi"
hekýi,Transitive,extraer,"‘O, hekýi"
hechanga'u,Transitive,extrañar,Hechanga’u
mokañy,Transitive,extraviar,Mokañy
ry'ái,Transitive,exudar,Ry’ái
momba,Intransitive,eyacular,"Momba,"
japo,Transitive,fabricar,"Japo, japouka"
japouka,Transitive,fabricar,"Japo, japouka"
mbohape,Transitive,facilitar,"Mbohape, pytyvõ"
pytyvõ,Transitive,facilitar,"Mbohape, pytyvõ"
javy,Intransitive,fallar,"Javy, poti"
poti,Intransitive,fallar,"Javy, poti"
mano,Intransitive,fallecer,"Mano, pa, pytupa, poti"
pa,Intransitive,fallecer,"Mano, pa, pytupa, poti"
pytupa,Intransitive,fallecer,"Mano, pa, pytupa, poti"
poti,Intransitive,fallecer,"Mano, pa, pytupa, poti"
jejavy,Intransitive,faltar,"Jejavy, já’yvere"
já'yvere,Intransitive,faltar,"Jejavy, já’yvere"
moñeko'oĩ,Transitive,fastidiar,"Moñeko’oĩ, mbyaju, mboaju,
mombyaju, monguerái"
mbyaju,Transitive,fastidiar,"Moñeko’oĩ, mbyaju, mboaju,
mombyaju, monguerái"
mboaju,Transitive,fastidiar,"Moñeko’oĩ, mbyaju, mboaju,
mombyaju, monguerái"
mombyaju,Transitive,fastidiar,"Moñeko’oĩ, mbyaju, mboaju,
mombyaju, monguerái"
monguerái,Transitive,fastidiar,"Moñeko’oĩ, mbyaju, mboaju,
mombyaju, monguerái"
moñeko'õi,Transitive,fastidiar,"Moñeko’õi, mbyaju, mboaju,
monguerái"
mokane'õ,Transitive,fatigar,Mokane’õ
pytyvõ,Transitive,favorecer,"Pytyvõ, japo porã"
mombo'a,Transitive,fecundar,"Mombo’a, mbohyeguasu,
mbopuru’a, momuña"
mbohyeguasu,Transitive,fecundar,"Mombo’a, mbohyeguasu,
mbopuru’a, momuña"
mbopuru'a,Transitive,fecundar,"Mombo’a, mbohyeguasu,
mbopuru’a, momuña"
momuña,Transitive,fecundar,"Mombo’a, mbohyeguasu,
mbopuru’a, momuña"
mopeteĩ,Transitive,federar,"Mopeteĩ, mbyaty"
mbyaty,Transitive,federar,"Mopeteĩ, mbyaty"
rohory,Transitive,felicitar,"Rohory, guerohory, momorã"
guerohory,Transitive,felicitar,"Rohory, guerohory, momorã"
momorã,Transitive,felicitar,"Rohory, guerohory, momorã"
haguino,Intransitive,fermentar,Haguino
guerohory,Transitive,festejar,Guerohory
herakuã,Intransitive,figurar,Herakuã
moĩ,Transitive,fijar,"Moĩ, jatyka, mombyta"
jatyka,Transitive,fijar,"Moĩ, jatyka, mombyta"
mombyta,Transitive,fijar,"Moĩ, jatyka, mombyta"
yga,Intransitive,filtrar,"Yga, mbogua"
mbogua,Intransitive,filtrar,"Yga, mbogua"
pa,Intransitive,finalizar,Pa
japopa,Transitive,finalizar,"Japopa, momba,"
momba,Transitive,finalizar,"Japopa, momba,"
hepyme'ẽ,Transitive,financiar,Hepyme’ẽ
jejapo,Intransitive,fingir,"Jejapo, japo"
japo,Intransitive,fingir,"Jejapo, japo"
japopa,Transitive,finiquitar,Japopa
teraguapy,Intransitive,firmar,"Moĩ téra kuatiápe, teraguapy"
mohenda,Transitive,fiscalizar,Mohenda
nupã,Transitive,flagelar,"Nupã, mbyepoti"
mbyepoti,Transitive,flagelar,"Nupã, mbyepoti"
veve,Intransitive,flamear,Veve
mbohu'y,Transitive,flechar,"Mbohu’y, japi"
japi,Transitive,flechar,"Mbohu’y, japi"
moñe'ẽ,Intransitive,flexión,"Moñe’ẽ, ñemboki"
ñemboki,Intransitive,flexión,"Moñe’ẽ, ñemboki"
poty,Intransitive,florecer,"Poty, poty jera"
vevúi,Intransitive,flotar,Vevúi
py'aheta,Intransitive,fluctuar,"Py’aheta, py’amokõi"
py'amokõi,Intransitive,fluctuar,"Py’aheta, py’amokõi"
syry,Intransitive,fluir,Syry
ñepia'ã,Intransitive,forcejear,Ñepia’ã
japo,Transitive,forjar,Japo
moha'anga,Transitive,formar,"Moha’anga, japo, pyaha"
japo,Transitive,formar,"Moha’anga, japo, pyaha"
pyaha,Transitive,formar,"Moha’anga, japo, pyaha"
mombe'u,Transitive,formular,"Mombe’u, moñe’ẽ"
moñe'ẽ,Transitive,formular,"Mombe’u, moñe’ẽ"
mbyapeha,Transitive,forrar,Mbyapeha
mohatã,Transitive,fortalecer,"Mohatã, mombarete"
mombarete,Transitive,fortalecer,"Mohatã, mombarete"
myaña,Transitive,forzar,"Myaña, rairõ"
rairõ,Transitive,forzar,"Myaña, rairõ"
ta'anga'o,Transitive,fotografiar,Ta’anga’o
javy,Intransitive,fracasar,Javy
mboja'o,Transitive,fraccionar,"Mboja’o, mbovo, pehẽ’a"
mbovo,Transitive,fraccionar,"Mboja’o, mbovo, pehẽ’a"
pehẽ'a,Transitive,fraccionar,"Mboja’o, mbovo, pehẽ’a"
japo,Transitive,fraguar,"Japo, moheñói akãme, ñemohatã"
ñemohatã,Transitive,fraguar,"Japo, moheñói akãme, ñemohatã"
ñopehẽngue,Intransitive,fraternizar,"Ñopehẽngue, joayhu"
joayhu,Intransitive,fraternizar,"Ñopehẽngue, joayhu"
kyty,Transitive,fregar,Kyty
mbochyryry,Transitive,freir,"Mbochyryry, hesy"
hesy,Transitive,freir,"Mbochyryry, hesy"
pyta,Intransitive,frenar,Pyta
joko,Transitive,frenar,"Joko, jurujoko, juruka,
mombyta"
jurujoko,Transitive,frenar,"Joko, jurujoko, juruka,
mombyta"
juruka,Transitive,frenar,"Joko, jurujoko, juruka,
mombyta"
mombyta,Transitive,frenar,"Joko, jurujoko, juruka,
mombyta"
pichy,Transitive,friccionar,"Pichy, popichy"
popichy,Transitive,friccionar,"Pichy, popichy"
pichy,Transitive,frotar,"Pichy, kyty, japichy, pokyty"
kyty,Transitive,frotar,"Pichy, kyty, japichy, pokyty"
japichy,Transitive,frotar,"Pichy, kyty, japichy, pokyty"
pokyty,Transitive,frotar,"Pichy, kyty, japichy, pokyty"
‘a,Intransitive,fructificar,‘A
timbo,Intransitive,fumar,"Timbo, pita"
pita,Intransitive,fumar,"Timbo, pita"
motimbo,Transitive,fumar,Motimbo
guata,Intransitive,funcionar,"Guata, mba’apo"
mba'apo,Intransitive,funcionar,"Guata, mba’apo"
mboyku,Transitive,fundir,"Mboyku, mbohyku, membe.
furia. Tarovaite, ñemyrõ, pochy guasu, tuguy
raku"
mbohyku,Transitive,fundir,"Mboyku, mbohyku, membe.
furia. Tarovaite, ñemyrõ, pochy guasu, tuguy
raku"
mbojehe'a,Transitive,fusionar,Mbojehe’a
havira,Transitive,fustigar,"Havira, mbuepoti"
mbuepoti,Transitive,fustigar,"Havira, mbuepoti"
henonde'a,Transitive,ganar,Henonde’a
poru,Transitive,gastar,Poru
poñy,Intransitive,gatear,Poñy
hepyme'ẽ,Transitive,galardonar,"Hepyme’ẽ, porepy"
porepy,Transitive,galardonar,"Hepyme’ẽ, porepy"
jehekýi,Intransitive,gambetear,"Jehekýi, ñembogua"
ñembogua,Intransitive,gambetear,"Jehekýi, ñembogua"
pyahẽ,Intransitive,gemir,Pyahẽ
heñói,Intransitive,germinar,"Heñói, hokypu"
hokypu,Intransitive,germinar,"Heñói, hokypu"
jere,Intransitive,girar,"Jere, pyryrỹi"
pyryrỹi,Intransitive,girar,"Jere, pyryrỹi"
moherakuã,Transitive,glorificar,"Moherakuã, mbotuvicha"
mbotuvicha,Transitive,glorificar,"Moherakuã, mbotuvicha"
jokuái,Transitive,gobernar,"Jokuái, mboguata, sãmbyhy"
mboguata,Transitive,gobernar,"Jokuái, mboguata, sãmbyhy"
sãmbyhy,Transitive,gobernar,"Jokuái, mboguata, sãmbyhy"
pete,Transitive,golpear,"Pete, mbota, nupã"
mbota,Transitive,golpear,"Pete, mbota, nupã"
nupã,Transitive,golpear,"Pete, mbota, nupã"
tyky'ẽ,Intransitive,gotear,Tyky’ẽ
hory,Intransitive,gozar,"Hory, rory, vy’a"
rory,Intransitive,gozar,"Hory, rory, vy’a"
vy'a,Intransitive,gozar,"Hory, rory, vy’a"
karãi,Transitive,grabar,Karãi
hepyme'ẽ,Transitive,gratificar,Hepyme’ẽ
sapukái,Intransitive,gritar,Sapukái
ngururu,Intransitive,gruñir,"Ngururu, kororõ, mburea"
kororõ,Intransitive,gruñir,"Ngururu, kororõ, mburea"
mburea,Intransitive,gruñir,"Ngururu, kororõ, mburea"
ñongatu,Transitive,guardar,"Ñongatu, ñangareko, mbohyru"
ñangareko,Transitive,guardar,"Ñongatu, ñangareko, mbohyru"
mbohyru,Transitive,guardar,"Ñongatu, ñangareko, mbohyru"
sãmbyhy,Transitive,guiar,"Sãmbyhy, mboguata"
mboguata,Transitive,guiar,"Sãmbyhy, mboguata"
ñesapymi,Intransitive,guiñar,"Ñesapymi, ñembohesamichĩ,
ñemotĩcha’ĩ"
ñembohesamichĩ,Intransitive,guiñar,"Ñesapymi, ñembohesamichĩ,
ñemotĩcha’ĩ"
ñemotĩcha'ĩ,Intransitive,guiñar,"Ñesapymi, ñembohesamichĩ,
ñemotĩcha’ĩ"
momimói,Transitive,guisar,"Momimói, mbojy"
mbojy,Transitive,guisar,"Momimói, mbojy"
ha'ã,Transitive,gustar,"Ha’ã, kumby"
kumby,Transitive,gustar,"Ha’ã, kumby"
mboaguara,Transitive,halagar,"Mboaguara, mongele’e, mbojuruhe’ẽ,
pichy"
mongele'e,Transitive,halagar,"Mboaguara, mongele’e, mbojuruhe’ẽ,
pichy"
mbojuruhe'ẽ,Transitive,halagar,"Mboaguara, mongele’e, mbojuruhe’ẽ,
pichy"
pichy,Transitive,halagar,"Mboaguara, mongele’e, mbojuruhe’ẽ,
pichy"
juhu,Transitive,hallar,"Juhu, johu, topa"
johu,Transitive,hallar,"Juhu, johu, topa"
topa,Transitive,hallar,"Juhu, johu, topa"
myatymói,Transitive,hamacar,Myatymói
jaguajuka,Intransitive,haraganear,"Iko rei, jaguajuka"
mbyaju,Transitive,hartar,"Mbyaju, mohyguatã"
mohyguatã,Transitive,hartar,"Mbyaju, mohyguatã"
monguerái,Transitive,hastiar,"Monguerái, mbojy"
mbojy,Transitive,hastiar,"Monguerái, mbojy"
iko,Intransitive,habitar,"Iko, ĩ, ime, ikove"
ĩ,Intransitive,habitar,"Iko, ĩ, ime, ikove"
ime,Intransitive,habitar,"Iko, ĩ, ime, ikove"
ikove,Intransitive,habitar,"Iko, ĩ, ime, ikove"
mbojepokuaha,Intransitive,habituar,"Mbojepokuaha, mbo’e"
mbo'e,Intransitive,habituar,"Mbojepokuaha, mbo’e"
japo,Transitive,hacer,"Japo, mboaje, mbo, mbu, mby, mo,
mu, my, uka.
137"
mboaje,Transitive,hacer,"Japo, mboaje, mbo, mbu, mby, mo,
mu, my, uka.
137"
mbo,Transitive,hacer,"Japo, mboaje, mbo, mbu, mby, mo,
mu, my, uka.
137"
mbu,Transitive,hacer,"Japo, mboaje, mbo, mbu, mby, mo,
mu, my, uka.
137"
mby,Transitive,hacer,"Japo, mboaje, mbo, mbu, mby, mo,
mu, my, uka.
137"
mo,Transitive,hacer,"Japo, mboaje, mbo, mbu, mby, mo,
mu, my, uka.
137"
mu,Transitive,hacer,"Japo, mboaje, mbo, mbu, mby, mo,
mu, my, uka.
137"
my,Transitive,hacer,"Japo, mboaje, mbo, mbu, mby, mo,
mu, my, uka.
137"
pohano,Transitive,hechizar,"Pohano, mbopaje"
mbopaje,Transitive,hechizar,"Pohano, mbopaje"
ne,Intransitive,heder,"Ne, nevu"
nevu,Intransitive,heder,"Ne, nevu"
japi,Transitive,herir,"Japi, kutu, api, haru, mbyai.
hermana mayor de la mujer. Tykéra, ryke.
hermano de la mujer. Kyvy"
kutu,Transitive,herir,"Japi, kutu, api, haru, mbyai.
hermana mayor de la mujer. Tykéra, ryke.
hermano de la mujer. Kyvy"
api,Transitive,herir,"Japi, kutu, api, haru, mbyai.
hermana mayor de la mujer. Tykéra, ryke.
hermano de la mujer. Kyvy"
haru,Transitive,herir,"Japi, kutu, api, haru, mbyai.
hermana mayor de la mujer. Tykéra, ryke.
hermano de la mujer. Kyvy"
pupu,Intransitive,hervir,"Pupu, jy"
jy,Intransitive,hervir,"Pupu, jy"
mbopupu,Transitive,hervir,"Mbopupu, momimói,
mbojy"
momimói,Transitive,hervir,"Mbopupu, momimói,
mbojy"
mbojy,Transitive,hervir,"Mbopupu, momimói,
mbojy"
povã,Intransitive,hilar,Povã
kutu,Transitive,hincar,Kutu
monge,Transitive,hipnotizar,Monge
kuatiamomýi,Intransitive,hojear,"Kuatiamomýi, toguemomýi.
¡hola!. interj. Maitei, mba’éichapa"
mbojoja,Transitive,homologar,Mbojoja
mbotuicha,Transitive,honrar,"Mbotuicha, momba’e"
momba'e,Transitive,honrar,"Mbotuicha, momba’e"
moguahẽ,Transitive,hospedar,"Moguahẽ, mbohupa, mohenda,
monge"
mbohupa,Transitive,hospedar,"Moguahẽ, mbohupa, mohenda,
monge"
mohenda,Transitive,hospedar,"Moguahẽ, mbohupa, mohenda,
monge"
monge,Transitive,hospedar,"Moguahẽ, mbohupa, mohenda,
monge"
myangekói,Transitive,hostigar,"Myangekói, rairõ"
rairõ,Transitive,hostigar,"Myangekói, rairõ"
kañy,Intransitive,huir,"Kañy, piã, guari"
piã,Intransitive,huir,"Kañy, piã, guari"
guari,Intransitive,huir,"Kañy, piã, guari"
mbohekoporã,Transitive,humanizar,Mbohekoporã
timbo,Intransitive,humear,Timbo
mohe'õ,Transitive,humedecer,"Mohe’õ, myakỹ"
myakỹ,Transitive,humedecer,"Mohe’õ, myakỹ"
motindy,Transitive,humillar,Motindy
mboguy,Transitive,hundir,Mboguy
povyvy,Intransitive,hurgar,"Povyvy, jepovyvy"
jepovyvy,Intransitive,hurgar,"Povyvy, jepovyvy"
monda,Transitive,hurtar,"Monda, javyky"
javyky,Transitive,hurtar,"Monda, javyky"
kuaha'ỹ,Transitive,ignorar,Kuaha’ỹ
mbojoja,Transitive,igualar,Mbojoja
hesape,Transitive,iluminar,"Hesape, myesakã"
myesakã,Transitive,iluminar,"Hesape, myesakã"
mbo'e,Transitive,ilustrar,"Mbo’e, momarandu. 2. Moha’anga"
momarandu,Transitive,ilustrar,"Mbo’e, momarandu. 2. Moha’anga"
ha'ã,Transitive,imitar,"Ha’ã, hekora’ã, ha’anga"
hekora'ã,Transitive,imitar,"Ha’ã, hekora’ã, ha’anga"
ha'anga,Transitive,imitar,"Ha’ã, hekora’ã, ha’anga"
jahéi,Transitive,impacientar,"Jahéi, mbopochy, mbokuerái,
monguerái"
mbopochy,Transitive,impacientar,"Jahéi, mbopochy, mbokuerái,
monguerái"
mbokuerái,Transitive,impacientar,"Jahéi, mbopochy, mbokuerái,
monguerái"
monguerái,Transitive,impacientar,"Jahéi, mbopochy, mbokuerái,
monguerái"
joko,Transitive,impedir,"Joko, mopa’ã"
mopa'ã,Transitive,impedir,"Joko, mopa’ã"
mboja,Transitive,implicar,"Mboja, mbojavo’ói"
mbojavo'ói,Transitive,implicar,"Mboja, mbojavo’ói"
ñemopomoĩ,Transitive,implorar,"Jerure asy, ñemopomoĩ"
myangekói,Transitive,importunar,Myangekói
joko,Transitive,imposibilitar,Joko
mbohykuepa,Transitive,impregnar,"Mbohykuepa, moakỹmba"
moakỹmba,Transitive,impregnar,"Mbohykuepa, moakỹmba"
mbopy'arasa,Transitive,impresionar,"Mbopy’arasa, ñanduka"
ñanduka,Transitive,impresionar,"Mbopy’arasa, ñanduka"
mbotove,Transitive,impugnar,"Mbotove, mbohovái"
mbohovái,Transitive,impugnar,"Mbotove, mbohovái"
mboguata,Transitive,impulsar,"Mboguata, myaña, momýi"
myaña,Transitive,impulsar,"Mboguata, myaña, momýi"
momýi,Transitive,impulsar,"Mboguata, myaña, momýi"
mboja,Transitive,imputar,Mboja
moñepyrũ,Transitive,inaugurar,Moñepyrũ
hapy,Transitive,incendiar,"Hapy, mbokái"
mbokái,Transitive,incendiar,"Hapy, mbokái"
motanimbu,Transitive,incinerar,"Motanimbu, mbokusugue"
mbokusugue,Transitive,incinerar,"Motanimbu, mbokusugue"
mboakãraku,Transitive,incitar,Mboakãraku
mbojerova,Transitive,inclinar,"Mbojerova, mokarapã"
mokarapã,Transitive,inclinar,"Mbojerova, mokarapã"
myangekói,Transitive,incomodar,"Myangekói, monguerái, mbyaju"
monguerái,Transitive,incomodar,"Myangekói, monguerái, mbyaju"
mbyaju,Transitive,incomodar,"Myangekói, monguerái, mbyaju"
moha'eño,Transitive,incomunicar,Moha’eño
moinge,Transitive,incorporar,"Moinge, mbojoapy. 2. Moñembo’y"
mbojoapy,Transitive,incorporar,"Moinge, mbojoapy. 2. Moñembo’y"
mbotuju,Transitive,infectar,Mbotuju
nohẽ,Transitive,inferir,"Nohẽ, hekýi"
hekýi,Transitive,inferir,"Nohẽ, hekýi"
mbohasy,Transitive,infestar,Mbohasy
mbotuichave,Transitive,incrementar,"Mbotuichave, mbohetave"
mbohetave,Transitive,incrementar,"Mbotuichave, mbohetave"
ja'o,Transitive,increpar,Ja’o
mboja,Transitive,incriminar,Mboja
mboja,Transitive,incubar,Mboja
porandu,Transitive,indagar,Porandu
mbohekovia,Transitive,indemnizar,"Mbohekovia, me’ẽjevy"
me'ẽjevy,Transitive,indemnizar,"Mbohekovia, me’ẽjevy"
hechauka,Transitive,indicar,Hechauka
mopunga,Transitive,indigestar,Mopunga
moñeko'õi,Transitive,indisponer,Moñeko’õi
myendy,Transitive,inflamar,Myendy. 2. Mboruru
mbovu,Transitive,inflar,Mbovu
mombe'u,Transitive,informar,"Mombe’u, momarandu"
momarandu,Transitive,informar,"Mombe’u, momarandu"
‘u,Transitive,ingerir,"‘U, mokõ, syryku"
mokõ,Transitive,ingerir,"‘U, mokõ, syryku"
syryku,Transitive,ingerir,"‘U, mokõ, syryku"
ike,Intransitive,ingresar,Ike
hetũ,Transitive,inhalar,Hetũ
mboyke,Transitive,inhibir,Mboyke
ñotỹ,Transitive,inhumar,Ñotỹ
ñepurũ,Transitive,iniciar,Ñepurũ
ja'o,Transitive,injuriar,"Ja’o, momarã, jahéi"
momarã,Transitive,injuriar,"Ja’o, momarã, jahéi"
jahéi,Transitive,injuriar,"Ja’o, momarã, jahéi"
moangata,Transitive,inquietar,"Moangata, myangekói, angekói"
myangekói,Transitive,inquietar,"Moangata, myangekói, angekói"
angekói,Transitive,inquietar,"Moangata, myangekói, angekói"
heka,Transitive,inquirir,"Heka, porandu"
porandu,Transitive,inquirir,"Heka, porandu"
kuahaukavy,Transitive,insinuar,"Kuahaukavy, ñehenduka"
ñehenduka,Transitive,insinuar,"Kuahaukavy, ñehenduka"
moĩ,Transitive,instalar,"Moĩ, mohenda"
mohenda,Transitive,instalar,"Moĩ, mohenda"
ñatõi,Transitive,instigar,"Ñatõi, mokyre’ỹ"
mokyre'ỹ,Transitive,instigar,"Ñatõi, mokyre’ỹ"
moarandu,Transitive,instruir,"Moarandu, mbo’e, mbohesape’a"
mbo'e,Transitive,instruir,"Moarandu, mbo’e, mbohesape’a"
mbohesape'a,Transitive,instruir,"Moarandu, mbo’e, mbohesape’a"
ja'o,Transitive,insultar,Ja’o
ha'ã,Transitive,intentar,"Ha’ã, ñeha’ã"
ñeha'ã,Transitive,intentar,"Ha’ã, ñeha’ã"
mombyte,Transitive,intercalar,"Mombyte, mopa’ũ"
mopa'ũ,Transitive,intercalar,"Mombyte, mopa’ũ"
ñemombyte,Transitive,interceder,"Ñemombyte, ñemopa’ũ, ñe’ẽ,
jerure"
ñemopa'ũ,Transitive,interceder,"Ñemombyte, ñemopa’ũ, ñe’ẽ,
jerure"
ñe'ẽ,Transitive,interceder,"Ñemombyte, ñemopa’ũ, ñe’ẽ,
jerure"
jerure,Transitive,interceder,"Ñemombyte, ñemopa’ũ, ñe’ẽ,
jerure"
joko,Transitive,interceptar,"Joko, kytĩ, hapera’arõ"
kytĩ,Transitive,interceptar,"Joko, kytĩ, hapera’arõ"
hapera'arõ,Transitive,interceptar,"Joko, kytĩ, hapera’arõ"
moinge,Transitive,internar,Moinge
jerure,Transitive,interpelar,"Jerure, porandu hatã"
kuaha,Transitive,interpretar,"Kuaha, myesakã, teko ra’ã"
myesakã,Transitive,interpretar,"Kuaha, myesakã, teko ra’ã"
porandu,Transitive,interrogar,Porandu
joaju,Intransitive,intimar,"Joaju, ñemoirũ"
ñemoirũ,Intransitive,intimar,"Joaju, ñemoirũ"
jopy,Transitive,intimar,Jopy
mopohãjuka,Transitive,intoxicar,Mopohãjuka
myangekói,Transitive,intranquilizar,Myangekói
jatapy,Intransitive,intrigar,Jatapy
moinge,Transitive,introducir,"Moinge, ñoña, moñepurũ"
ñoña,Transitive,introducir,"Moinge, ñoña, moñepurũ"
moñepurũ,Transitive,introducir,"Moinge, ñoña, moñepurũ"
mba'embyai,Intransitive,inutilizar,Mba’embyai
jasuru,Transitive,invadir,"Jasuru, ike rei"
mbojere,Transitive,invertir,Mbojere
typeka,Transitive,investigar,"Typeka, povyvy, pyguara"
povyvy,Transitive,investigar,"Typeka, povyvy, pyguara"
pyguara,Transitive,investigar,"Typeka, povyvy, pyguara"
pepirũ,Transitive,invitar,Pepirũ
henói,Transitive,invocar,Henói
kutu,Transitive,inyectar,Kutu
myasãi,Transitive,irradiar,"Myasãi, hesape"
hesape,Transitive,irradiar,"Myasãi, hesape"
mohe'õ,Transitive,irrigar,"Mohe’õ, myakỹ"
myakỹ,Transitive,irrigar,"Mohe’õ, myakỹ"
ko'õ,Transitive,irritar,Ko’õ
guahẽmba,Intransitive,irrumpir,Guahẽmba
hupi,Transitive,izar,Hupi
jatyka,Transitive,jalonar,Jatyka
juku'a,Intransitive,jadear,"Juku’a, ambu, timbu, kũsẽ"
ambu,Intransitive,jadear,"Juku’a, ambu, timbu, kũsẽ"
timbu,Intransitive,jadear,"Juku’a, ambu, timbu, kũsẽ"
kũsẽ,Intransitive,jadear,"Juku’a, ambu, timbu, kũsẽ"
myatã,Transitive,jalar,Myatã
mbotavy,Transitive,joder,Mbotavy
ñembosarái,Intransitive,jugar,Ñembosarái
mbojuapy,Transitive,juntar,"Mbojuapy, mbojoapy, mbojuaju,
mbojoaju, mono’õ, mbyaty, mboaty"
mbojoapy,Transitive,juntar,"Mbojuapy, mbojoapy, mbojuaju,
mbojoaju, mono’õ, mbyaty, mboaty"
mbojuaju,Transitive,juntar,"Mbojuapy, mbojoapy, mbojuaju,
mbojoaju, mono’õ, mbyaty, mboaty"
mbojoaju,Transitive,juntar,"Mbojuapy, mbojoapy, mbojuaju,
mbojoaju, mono’õ, mbyaty, mboaty"
mono'õ,Transitive,juntar,"Mbojuapy, mbojoapy, mbojuaju,
mbojoaju, mono’õ, mbyaty, mboaty"
mbyaty,Transitive,juntar,"Mbojuapy, mbojoapy, mbojuaju,
mbojoaju, mono’õ, mbyaty, mboaty"
mboaty,Transitive,juntar,"Mbojuapy, mbojoapy, mbojuaju,
mbojoaju, mono’õ, mbyaty, mboaty"
momarangatu,Transitive,justificar,Momarangatu
mo'ã,Transitive,juzgar,"Mo’ã, mohenda"
mohenda,Transitive,juzgar,"Mo’ã, mohenda"
mba'apo,Transitive,labrar,"Mba’apo, moha’anga"
moha'anga,Transitive,labrar,"Mba’apo, moha’anga"
hunga,Transitive,lacerar,"Hunga, mondyry"
mondyry,Transitive,lacerar,"Hunga, mondyry"
kambu,Intransitive,lactar,Kambu
mokambu,Transitive,lactar,Mokambu
mboyke,Transitive,ladear,Mboyke
mbyasy,Transitive,lamentar,"Mbyasy, rombyasy, rojahe’o, rohasẽ"
rombyasy,Transitive,lamentar,"Mbyasy, rombyasy, rojahe’o, rohasẽ"
rojahe'o,Transitive,lamentar,"Mbyasy, rombyasy, rojahe’o, rohasẽ"
rohasẽ,Transitive,lamentar,"Mbyasy, rombyasy, rojahe’o, rohasẽ"
heréi,Transitive,lamer,Heréi
kangy,Intransitive,languidecer,"Kangy, kaigue"
kaigue,Intransitive,languidecer,"Kangy, kaigue"
ity,Transitive,lanzar,"Ity, mombo, poi"
mombo,Transitive,lanzar,"Ity, mombo, poi"
poi,Transitive,lanzar,"Ity, mombo, poi"
japi,Transitive,lapidar,"Japi, mbo’ita"
mbo'ita,Transitive,lapidar,"Japi, mbo’ita"
ñopũ,Transitive,lastimar,"Ñopũ, hunga, mbopy’arasy"
hunga,Transitive,lastimar,"Ñopũ, hunga, mbopy’arasy"
mbopy'arasy,Transitive,lastimar,"Ñopũ, hunga, mbopy’arasy"
tytýi,Intransitive,latir,"Tytýi, nundu"
nundu,Intransitive,latir,"Tytýi, nundu"
johéi,Transitive,lavar,Johéi
jura,Transitive,lazar,Jura
moñe'ẽ,Transitive,leer,Moñe’ẽ
hekombo'e,Intransitive,legislar,"Hekombo’e, hekome’ẽ"
hekome'ẽ,Intransitive,legislar,"Hekombo’e, hekome’ẽ"
mbyai,Transitive,lesionar,Mbyai
mopu'ã,Transitive,levantar,"Mopu’ã, hupi, ropu’ã, mboybate,
mboguy, mbojupi"
hupi,Transitive,levantar,"Mopu’ã, hupi, ropu’ã, mboybate,
mboguy, mbojupi"
ropu'ã,Transitive,levantar,"Mopu’ã, hupi, ropu’ã, mboybate,
mboguy, mbojupi"
mboybate,Transitive,levantar,"Mopu’ã, hupi, ropu’ã, mboybate,
mboguy, mbojupi"
mboguy,Transitive,levantar,"Mopu’ã, hupi, ropu’ã, mboybate,
mboguy, mbojupi"
mbojupi,Transitive,levantar,"Mopu’ã, hupi, ropu’ã, mboybate,
mboguy, mbojupi"
ñapytĩ,Transitive,liar,"Ñapytĩ, jokua, mboapakua"
jokua,Transitive,liar,"Ñapytĩ, jokua, mboapakua"
mboapakua,Transitive,liar,"Ñapytĩ, jokua, mboapakua"
mbosãso,Transitive,liberar,"Mbosãso, mbojera, jora"
mbojera,Transitive,liberar,"Mbosãso, mbojera, jora"
jora,Transitive,liberar,"Mbosãso, mbojera, jora"
poi,Transitive,librar,"Poi, pe’a, pysyrõ, monandi, mosãso,
mbojera"
pe'a,Transitive,librar,"Poi, pe’a, pysyrõ, monandi, mosãso,
mbojera"
pysyrõ,Transitive,librar,"Poi, pe’a, pysyrõ, monandi, mosãso,
mbojera"
monandi,Transitive,librar,"Poi, pe’a, pysyrõ, monandi, mosãso,
mbojera"
mosãso,Transitive,librar,"Poi, pe’a, pysyrõ, monandi, mosãso,
mbojera"
mbojera,Transitive,librar,"Poi, pe’a, pysyrõ, monandi, mosãso,
mbojera"
mbojoaju,Transitive,ligar,"Mbojoaju, moapytĩ"
moapytĩ,Transitive,ligar,"Mbojoaju, moapytĩ"
mosỹi,Transitive,lijar,Mosỹi
mosỹi,Transitive,limar,"Mosỹi, moapesỹi"
moapesỹi,Transitive,limar,"Mosỹi, moapesỹi"
mboapýra,Transitive,limitar,"Mboapýra, mohembe’y"
mohembe'y,Transitive,limitar,"Mboapýra, mohembe’y"
mopotĩ,Transitive,limpiar,Mopotĩ
mbopaha,Transitive,liquidar,"Mbopaha, juka"
juka,Transitive,liquidar,"Mbopaha, juka"
mbojuruhe'ẽ,Transitive,lisonjear,"Mbojuruhe’ẽ, mboaguara"
mboaguara,Transitive,lisonjear,"Mbojuruhe’ẽ, mboaguara"
ñombohovái,Intransitive,litigar,"Ñombohovái, ñorairõ"
ñorairõ,Intransitive,litigar,"Ñombohovái, ñorairõ"
mboai,Transitive,llagar,Mboai
hendy,Intransitive,llamear,Hendy
mbotyvoka,Transitive,llavear,"Mbotyvoka, mboty"
mboty,Transitive,llavear,"Mbotyvoka, mboty"
guahẽ,Intransitive,llegar,"Guahẽ, hupyty, ñeguahẽ"
hupyty,Intransitive,llegar,"Guahẽ, hupyty, ñeguahẽ"
ñeguahẽ,Intransitive,llegar,"Guahẽ, hupyty, ñeguahẽ"
mohenyhẽ,Transitive,llenar,Mohenyhẽ
raha,Transitive,llevar,"Raha, gueraha"
gueraha,Transitive,llevar,"Raha, gueraha"
rasẽ,Intransitive,llorar,"Rasẽ, jahe’o"
jahe'o,Intransitive,llorar,"Rasẽ, jahe’o"
ky,Intransitive,llover,Ky
juhu,Transitive,localizar,"Juhu, topa"
topa,Transitive,localizar,"Juhu, topa"
hupyty,Transitive,lograr,"Hupyty, juhu"
juhu,Transitive,lograr,"Hupyty, juhu"
moñandy,Transitive,lubricar,"Moñandy, mosỹi"
mosỹi,Transitive,lubricar,"Moñandy, mosỹi"
ñembovoi,Intransitive,madrugar,"Pu’ã voi, páy ko’ẽmba mboyve,
ñembovoi"
aju,Intransitive,madurar,"Aju, tyarõ. tr. Mboaju"
tyarõ,Intransitive,madurar,"Aju, tyarõ. tr. Mboaju"
mbotuicha,Transitive,magnificar,"Mbotuicha, momba’eguasu"
momba'eguasu,Transitive,magnificar,"Mbotuicha, momba’eguasu"
hunga,Transitive,magullar,Hunga
mohu'ũ,Transitive,macerar,Mohu’ũ
joso,Transitive,machacar,"Joso, patuka, jatyka, mohu’ũ"
patuka,Transitive,machacar,"Joso, patuka, jatyka, mohu’ũ"
jatyka,Transitive,machacar,"Joso, patuka, jatyka, mohu’ũ"
mohu'ũ,Transitive,machacar,"Joso, patuka, jatyka, mohu’ũ"
patuka,Transitive,machucar,"Patuka, joso, mohu’ũ"
joso,Transitive,machucar,"Patuka, joso, mohu’ũ"
mohu'ũ,Transitive,machucar,"Patuka, joso, mohu’ũ"
mbopaje,Transitive,maleficiar,Mbopaje
jepoyhu,Transitive,maliciar,"Jepoyhu, kyhyje"
kyhyje,Transitive,maliciar,"Jepoyhu, kyhyje"
mbyai,Transitive,malograr,Mbyai
ñupã,Transitive,maltratar,"Ñupã, ja’o"
ja'o,Transitive,maltratar,"Ñupã, ja’o"
kambu,Intransitive,mamar,Kambu
syry,Transitive,manar,"Syry, sẽ"
sẽ,Transitive,manar,"Syry, sẽ"
momarã,Transitive,manchar,"Momarã, mongy’a"
mongy'a,Transitive,manchar,"Momarã, mongy’a"
momarã,Transitive,mancillar,"Momarã, mongy’a"
mongy'a,Transitive,mancillar,"Momarã, mongy’a"
mbojoaju,Transitive,mancomunar,"Mbojoaju, mopeteĩ"
mopeteĩ,Transitive,mancomunar,"Mbojoaju, mopeteĩ"
japouka,Transitive,mandar,"Japouka, jokuái, mondo, mbou,
sãmbyhy, uka, mbo, mo, mbu, mu, mby, my"
jokuái,Transitive,mandar,"Japouka, jokuái, mondo, mbou,
sãmbyhy, uka, mbo, mo, mbu, mu, mby, my"
mondo,Transitive,mandar,"Japouka, jokuái, mondo, mbou,
sãmbyhy, uka, mbo, mo, mbu, mu, mby, my"
mbou,Transitive,mandar,"Japouka, jokuái, mondo, mbou,
sãmbyhy, uka, mbo, mo, mbu, mu, mby, my"
sãmbyhy,Transitive,mandar,"Japouka, jokuái, mondo, mbou,
sãmbyhy, uka, mbo, mo, mbu, mu, mby, my"
uka,Transitive,mandar,"Japouka, jokuái, mondo, mbou,
sãmbyhy, uka, mbo, mo, mbu, mu, mby, my"
mbo,Transitive,mandar,"Japouka, jokuái, mondo, mbou,
sãmbyhy, uka, mbo, mo, mbu, mu, mby, my"
mo,Transitive,mandar,"Japouka, jokuái, mondo, mbou,
sãmbyhy, uka, mbo, mo, mbu, mu, mby, my"
mbu,Transitive,mandar,"Japouka, jokuái, mondo, mbou,
sãmbyhy, uka, mbo, mo, mbu, mu, mby, my"
mu,Transitive,mandar,"Japouka, jokuái, mondo, mbou,
sãmbyhy, uka, mbo, mo, mbu, mu, mby, my"
mby,Transitive,mandar,"Japouka, jokuái, mondo, mbou,
sãmbyhy, uka, mbo, mo, mbu, mu, mby, my"
my,Transitive,mandar,"Japouka, jokuái, mondo, mbou,
sãmbyhy, uka, mbo, mo, mbu, mu, mby, my"
‘u,Transitive,manducar,‘U
sãmbyhy,Transitive,manejar,"Sãmbyhy, mboguata"
mboguata,Transitive,manejar,"Sãmbyhy, mboguata"
pokua,Transitive,maniatar,Pokua
reko,Transitive,mantener,Reko. 2. Mongaru
moha'anga,Transitive,marcar,"Moha’anga, mbohéra"
mbohéra,Transitive,marcar,"Moha’anga, mbohéra"
guata,Intransitive,marchar,"Guata, ho, ha"
ho,Intransitive,marchar,"Guata, ho, ha"
ha,Intransitive,marchar,"Guata, ho, ha"
mbopiru,Transitive,marchitar,"Mbopiru, mbohoguepiru"
mbohoguepiru,Transitive,marchitar,"Mbopiru, mbohoguepiru"
mohembe'y,Transitive,marginar,"Mohembe’y, mboyke"
mboyke,Transitive,marginar,"Mohembe’y, mboyke"
popichy,Transitive,masajear,Popichy
ñamindu'u,Transitive,mascar,"Ñamindu’u, su’u"
su'u,Transitive,mascar,"Ñamindu’u, su’u"
ñe'ẽngururu,Intransitive,mascullar,Ñe’ẽngururu
su'u,Transitive,masticar,"Su’u, mindu’u, ñamindu’u"
mindu'u,Transitive,masticar,"Su’u, mindu’u, ñamindu’u"
ñamindu'u,Transitive,masticar,"Su’u, mindu’u, ñamindu’u"
ka'ay'u,Intransitive,matear,"Ka’ay’u, kay’u.
156"
mbopara,Transitive,matizar,"Mbopara, moingoe"
moingoe,Transitive,matizar,"Mbopara, moingoe"
torore,Transitive,mecer,"Torore, myatymói"
myatymói,Transitive,mecer,"Torore, myatymói"
mombyte,Intransitive,mediar,"Mombyte, ñe’ẽ jojaháre, jerure
ambue rehe"
pohano,Transitive,medicar,Pohano
ha'ã,Transitive,medir,Ha’ã
py'amongeta,Intransitive,meditar,"Py’amongeta, jepy’amongeta,
ñemoapytu’ũngu’e"
jepy'amongeta,Intransitive,meditar,"Py’amongeta, jepy’amongeta,
ñemoapytu’ũngu’e"
ñemoapytu'ũngu'e,Intransitive,meditar,"Py’amongeta, jepy’amongeta,
ñemoapytu’ũngu’e"
ñembotuicha,Intransitive,medrar,"Ñembotuicha, akãrapu’ã"
akãrapu'ã,Intransitive,medrar,"Ñembotuicha, akãrapu’ã"
pu'ã,Intransitive,mejorar,"Pu’ã, ñemoporãve, iko porãve"
ñemoporãve,Intransitive,mejorar,"Pu’ã, ñemoporãve, iko porãve"
moporãve,Transitive,mejorar,"Moporãve, myatyrõ, moĩ porãve"
myatyrõ,Transitive,mejorar,"Moporãve, myatyrõ, moĩ porãve"
hainga,Transitive,mellar,Hainga
mandu'a,Transitive,memorar,Mandu’a
romandu'a,Transitive,mencionar,"‘E téra, romandu’a, mombe’u"
mombe'u,Transitive,mencionar,"‘E téra, romandu’a, mombe’u"
mba'ejerure,Intransitive,mendigar,"Mba’ejerure, jerure tupamba’e"
jerure,Transitive,mendigar,Jerure
mbovava,Transitive,menear,"Mbovava, momýi"
momýi,Transitive,menear,"Mbovava, momýi"
momichĩ,Transitive,menoscabar,Momichĩ
royrõ,Transitive,menospreciar,"Royrõ, reko mba’eve ramo"
japu,Intransitive,mentir,"Japu, ñe’ẽ rei, mbotavy"
mbotavy,Intransitive,mentir,"Japu, ñe’ẽ rei, mbotavy"
ñemu,Intransitive,mercar,Ñemu
jepy'ajoko,Intransitive,merendar,Jepy’ajoko
ñemomichĩ,Intransitive,mermar,"Ñemomichĩ, ñyñýi, guejy"
ñyñýi,Intransitive,mermar,"Ñemomichĩ, ñyñýi, guejy"
guejy,Intransitive,mermar,"Ñemomichĩ, ñyñýi, guejy"
momichĩ,Transitive,mermar,"Momichĩ, mboguejy"
mboguejy,Transitive,mermar,"Momichĩ, mboguejy"
moinge,Transitive,meter,Moinge
mbojopara,Transitive,mezclar,"Mbojopara, mbojehe’a"
mbojehe'a,Transitive,mezclar,"Mbojopara, mbojehe’a"
rakate'ỹ,Transitive,mezquinar,"Rakate’ỹ, myakate’ỹ, taryrýi"
myakate'ỹ,Transitive,mezquinar,"Rakate’ỹ, myakate’ỹ, taryrýi"
taryrýi,Transitive,mezquinar,"Rakate’ỹ, myakate’ỹ, taryrýi"
va,Intransitive,migrar,Va
mokunu'ũ,Transitive,mimar,Mokunu’ũ
ma'ẽ,Intransitive,mirar,"Ma’ẽ, maña, jesareko, hecha"
maña,Intransitive,mirar,"Ma’ẽ, maña, jesareko, hecha"
jesareko,Intransitive,mirar,"Ma’ẽ, maña, jesareko, hecha"
hecha,Intransitive,mirar,"Ma’ẽ, maña, jesareko, hecha"
mbohasyhara,Transitive,mitigar,"Mbohasyhara, mbovevúi"
mbovevúi,Transitive,mitigar,"Mbohasyhara, mbovevúi"
moha'anga,Transitive,modelar,Moha’anga
mboheko,Transitive,moderar,"Mboheko, mbohekoporã"
mbohekoporã,Transitive,moderar,"Mboheko, mbohekoporã"
moambue,Transitive,modificar,Moambue
mohe'õ,Transitive,mojar,"Mohe’õ, myakỹ, moakỹ, muakỹ,
mbohykue"
myakỹ,Transitive,mojar,"Mohe’õ, myakỹ, moakỹ, muakỹ,
mbohykue"
moakỹ,Transitive,mojar,"Mohe’õ, myakỹ, moakỹ, muakỹ,
mbohykue"
muakỹ,Transitive,mojar,"Mohe’õ, myakỹ, moakỹ, muakỹ,
mbohykue"
mbohykue,Transitive,mojar,"Mohe’õ, myakỹ, moakỹ, muakỹ,
mbohykue"
joso,Transitive,moler,"Joso, mongu’i"
mongu'i,Transitive,moler,"Joso, mongu’i"
mbyaju,Transitive,molestar,"Mbyaju, mboaju, myangekoi,
moñeko’õi, hesako’õ"
mboaju,Transitive,molestar,"Mbyaju, mboaju, myangekoi,
moñeko’õi, hesako’õ"
myangekoi,Transitive,molestar,"Mbyaju, mboaju, myangekoi,
moñeko’õi, hesako’õ"
moñeko'õi,Transitive,molestar,"Mbyaju, mboaju, myangekoi,
moñeko’õi, hesako’õ"
hesako'õ,Transitive,molestar,"Mbyaju, mboaju, myangekoi,
moñeko’õi, hesako’õ"
piro,Transitive,mondar,"Piro, napĩ"
napĩ,Transitive,mondar,"Piro, napĩ"
myatyrõ,Transitive,montar,Myatyrõ
hekoporãmbo'e,Transitive,moralizar,Hekoporãmbo’e
iko,Intransitive,morar,"Iko, ikove"
ikove,Intransitive,morar,"Iko, ikove"
su'u,Transitive,morder,Su’u
napi'ũ,Transitive,mordisquear,Napi’ũ
mano,Intransitive,morir,Mano
hechauka,Transitive,mostrar,Hechauka. 2. pml. Jechauka
mbohero,Transitive,motejar,"Mbohero, hero"
hero,Transitive,motejar,"Mbohero, hero"
momýi,Transitive,mover,Momýi
mongue,Transitive,movilizar,Mongue
mbova,Transitive,mudar,"Mbova, guerova"
guerova,Transitive,mudar,"Mbova, guerova"
mbohetave,Transitive,multiplicar,Mbohetave
ñe'ẽmbegue,Intransitive,murmurar,Ñe’ẽmbegue
teñói,Intransitive,nacer,Teñói
mohetã,Transitive,nacionalizar,Mohetã
yta,Intransitive,nadar,"Yta, jepokuita"
jepokuita,Intransitive,nadar,"Yta, jepokuita"
mombe'u,Transitive,narrar,Mombe’u
tiñe'ẽ,Transitive,nasalizar,"Tiñe’ẽ, motĩñe’ẽ"
motĩñe'ẽ,Transitive,nasalizar,"Tiñe’ẽ, motĩñe’ẽ"
mbohetã,Transitive,naturalizar,"Mbohetã. 2. pml.
Nemohetã’ambue"
kotevẽ,Transitive,necesitar,Kotevẽ
mbotove,Transitive,negar,Mbotove
ñemu,Transitive,negociar,Ñemu
mokangy,Transitive,neutralizar,"Mokangy, pokatu pe’a"
mbohéra,Transitive,nombrar,"Mbohéra, hero"
hero,Transitive,nombrar,"Mbohéra, hero"
mbohéra,Transitive,nominar,Mbohéra
hesaho,Transitive,notar,"Hesaho, hechakuaha"
hechakuaha,Transitive,notar,"Hesaho, hechakuaha"
momarandu,Transitive,notificar,"Momarandu, mombe’u,
momaranduka"
mombe'u,Transitive,notificar,"Momarandu, mombe’u,
momaranduka"
momaranduka,Transitive,notificar,"Momarandu, mombe’u,
momaranduka"
mbopapa,Transitive,numerar,Mbopapa
mongaru,Transitive,nutrir,"Mongaru, mombarete"
mombarete,Transitive,nutrir,"Mongaru, mombarete"
japo,Intransitive,obrar,"Japo, mba’apo"
mba'apo,Intransitive,obrar,"Japo, mba’apo"
jopói,Transitive,obsequiar,"Jopói, me’ẽ"
me'ẽ,Transitive,obsequiar,"Jopói, me’ẽ"
ma'ẽ,Transitive,observar,"Ma’ẽ, hecha, maña"
hecha,Transitive,observar,"Ma’ẽ, hecha, maña"
maña,Transitive,observar,"Ma’ẽ, hecha, maña"
mopa'ã,Transitive,obstaculizar,"Mopa’ã, joko.
obstáculo, m. Jokoha, ñepa’ã.
obstetra. m, y f. Poromomembýva"
m,Transitive,obstaculizar,"Mopa’ã, joko.
obstáculo, m. Jokoha, ñepa’ã.
obstetra. m, y f. Poromomembýva"
mopa'ã,Transitive,obstruir,"Mopa’ã, joko"
joko,Transitive,obstruir,"Mopa’ã, joko"
hupyty,Transitive,obtener,"Hupyty, reko"
reko,Transitive,obtener,"Hupyty, reko"
mboty,Transitive,obturar,Mboty
heja,Transitive,obviar,"Heja, mombia"
mombia,Transitive,obviar,"Heja, mombia"
japo,Transitive,ocasionar,"Japo, mbo, mo, mbu, mu, mby,
my"
mbo,Transitive,ocasionar,"Japo, mbo, mo, mbu, mu, mby,
my"
mo,Transitive,ocasionar,"Japo, mbo, mo, mbu, mu, mby,
my"
mbu,Transitive,ocasionar,"Japo, mbo, mo, mbu, mu, mby,
my"
mu,Transitive,ocasionar,"Japo, mbo, mo, mbu, mu, mby,
my"
mby,Transitive,ocasionar,"Japo, mbo, mo, mbu, mu, mby,
my"
my,Transitive,ocasionar,"Japo, mbo, mo, mbu, mu, mby,
my"
mboty,Transitive,ocluir,Mboty
mo'ã,Transitive,ocultar,"Mo’ã, mokañy. 2. pml. Kañy, ñemi"
mokañy,Transitive,ocultar,"Mo’ã, mokañy. 2. pml. Kañy, ñemi"
jokuái,Transitive,ocupar,"Jokuái, momba’apo"
momba'apo,Transitive,ocupar,"Jokuái, momba’apo"
jehu,Transitive,ocurrir,"Jehu, jeiko"
jeiko,Transitive,ocurrir,"Jehu, jeiko"
royrõ,Transitive,odiar,"Royrõ, py’aro, py’arẽ, ja’e’ỹ"
py'aro,Transitive,odiar,"Royrõ, py’aro, py’arẽ, ja’e’ỹ"
py'arẽ,Transitive,odiar,"Royrõ, py’aro, py’arẽ, ja’e’ỹ"
ja'e'ỹ,Transitive,odiar,"Royrõ, py’aro, py’arẽ, ja’e’ỹ"
mbopochy,Transitive,ofender,Mbopochy
kuave'ẽ,Transitive,ofrecer,Kuave’ẽ
kuave'ẽ,Transitive,ofrendar,Kuave’ẽ
hetũ,Transitive,oler,Hetũ
heja,Transitive,omitir,Heja
mýi,Intransitive,ondear,"Mýi, veve"
veve,Intransitive,ondear,"Mýi, veve"
tyembovo,Transitive,operar,"Tyembovo, tetekytĩ, mba’apo"
tetekytĩ,Transitive,operar,"Tyembovo, tetekytĩ, mba’apo"
mba'apo,Transitive,operar,"Tyembovo, tetekytĩ, mba’apo"
ñeimo'ã,Intransitive,opinar,"Ñeimo’ã, ja’e oñeimo’ãva"
jopy,Transitive,oprimir,Jopy
poravo,Intransitive,optar,Poravo
ñembo'e,Intransitive,orar,"Ñembo’e, jerure Tupãme"
mohenda,Transitive,ordenar,"Mohenda, mbohysýi. 2. Japouka"
mbohysýi,Transitive,ordenar,"Mohenda, mbohysýi. 2. Japouka"
ñami,Transitive,ordeñar,Ñami
mboyvytu,Transitive,orear,Mboyvytu
mbohysýi,Transitive,organizar,"Mbohysýi, moĩ porã, tembiapo
ñepyrũ"
mbohape,Transitive,orientar,Mbohape
moheñói,Transitive,originar,"Moheñói, mboypy, moñepurũ"
mboypy,Transitive,originar,"Moheñói, mboypy, moñepurũ"
moñepurũ,Transitive,originar,"Moheñói, mboypy, moñepurũ"
mbojegua,Transitive,ornamentar,Mbojegua. 2. pml. Jegua
nemborova'atã,Transitive,osar,"Nemborova’atã, ñemboрy’aguasu"
ñemboрy'aguasu,Transitive,osar,"Nemborova’atã, ñemboрy’aguasu"
vava,Intransitive,oscilar,Vava
nypytũ,Intransitive,oscurecer,Nypytũ
moypytũ,Transitive,oscurecer,Moypytũ
hechauka,Transitive,ostentar,Hechauka
me'ẽ,Transitive,otorgar,Me’ẽ
mboapakua,Transitive,ovillar,Mboapakua
mohavẽ,Transitive,oxidar,Mohavẽ
mboyvytu,Transitive,oxigenar,Mboyvytu
mboepy,Transitive,pagar,"Mboepy, hepyme’ẽ"
hepyme'ẽ,Transitive,pagar,"Mboepy, hepyme’ẽ"
ñoñe'ẽme'ẽ,Intransitive,pactar,Ñoñe’ẽme’ẽ
ñandu,Intransitive,padecer,"Ñandu, hasa asy, su’u"
su'u,Intransitive,padecer,"Ñandu, hasa asy, su’u"
kumby,Transitive,paladear,"Kumby, ha’ã"
ha'ã,Transitive,paladear,"Kumby, ha’ã"
mbovevúi,Transitive,paliar,Mbovevúi
sake,Intransitive,palidecer,"Sake, je’o, resa’yju, sayju, rova
sa’yju"
je'o,Intransitive,palidecer,"Sake, je’o, resa’yju, sayju, rova
sa’yju"
resa'yju,Intransitive,palidecer,"Sake, je’o, resa’yju, sayju, rova
sa’yju"
sayju,Intransitive,palidecer,"Sake, je’o, resa’yju, sayju, rova
sa’yju"
poko,Transitive,palpar,"Poko, povyvy, jepovyvy"
povyvy,Transitive,palpar,"Poko, povyvy, jepovyvy"
jepovyvy,Transitive,palpar,"Poko, povyvy, jepovyvy"
tytýi,Intransitive,palpitar,"Tytýi, perere, sysýi, pepe,
py’aperere"
perere,Intransitive,palpitar,"Tytýi, perere, sysýi, pepe,
py’aperere"
sysýi,Intransitive,palpitar,"Tytýi, perere, sysýi, pepe,
py’aperere"
pepe,Intransitive,palpitar,"Tytýi, perere, sysýi, pepe,
py’aperere"
py'aperere,Intransitive,palpitar,"Tytýi, perere, sysýi, pepe,
py’aperere"
joko,Transitive,paralizar,Joko. 2. Mboapa
pyta,Intransitive,parar,"Pyta, poi"
poi,Intransitive,parar,"Pyta, poi"
hi'ã,Transitive,"pardo, da","Hi’ã,
imo’ã"
imo'ã,Transitive,"pardo, da","Hi’ã,
imo’ã"
ñemongeta,Intransitive,parlamentar,Ñemongeta
ñe'ẽ,Intransitive,parlar,"Ñe’ẽ, mongeta"
mongeta,Intransitive,parlar,"Ñe’ẽ, mongeta"
ha'ã,Transitive,parodiar,"Ha’ã, ha’ã pukarã"
resapirĩ,Intransitive,parpadear,"Resapirĩ, resapirirĩ"
resapirirĩ,Intransitive,parpadear,"Resapirĩ, resapirirĩ"
momarandu,Transitive,participar,Momarandu
sẽ,Intransitive,partir,"Sẽ, ha, ho"
ha,Intransitive,partir,"Sẽ, ha, ho"
ho,Intransitive,partir,"Sẽ, ha, ho"
guata,Intransitive,pasear,"Guata, guata vy’arã"
roguata,Transitive,pasear,"Roguata,
mboguata"
mboguata,Transitive,pasear,"Roguata,
mboguata"
mondýi,Transitive,pasmar,"Mondýi, mopirĩ, mbojurujái"
mopirĩ,Transitive,pasmar,"Mondýi, mopirĩ, mbojurujái"
mbojurujái,Transitive,pasmar,"Mondýi, mopirĩ, mbojurujái"
pyrũ,Intransitive,patalear,"Pyrũ, tetyma ku’e, tetyma momýi"
pyvoi,Transitive,patear,Pyvoi. 2. Guata heta
nembojára,Transitive,patentar,Nembojára
pysyry,Intransitive,patinar,Pysyry
pytyvõ,Transitive,patrocinar,Pytyvõ
pehẽ'a,Transitive,pedazar,Pehẽ’a
jerure,Transitive,pedir,Jerure
mbuavyky,Transitive,peinar,Mbuavyky
napĩ,Transitive,pelar,"Napĩ, moperõ, moakãperõ hague’o,
piro"
moperõ,Transitive,pelar,"Napĩ, moperõ, moakãperõ hague’o,
piro"
piro,Transitive,pelar,"Napĩ, moperõ, moakãperõ hague’o,
piro"
pichãi,Transitive,pellizcar,Pichãi
ike,Intransitive,penetrar,"Ike, hasa"
hasa,Intransitive,penetrar,"Ike, hasa"
ñandu,Transitive,percibir,Ñandu
mokañy,Transitive,perder,"Mokañy, rokany. 2. Mbyai, momarã"
rokany,Transitive,perder,"Mokañy, rokany. 2. Mbyai, momarã"
ñyrõ,Transitive,perdonar,"Ñyrõ, jora"
jora,Transitive,perdonar,"Ñyrõ, jora"
moporãve,Transitive,perfeccionar,Moporãve
myatyrõ,Transitive,perfilar,Myatyrõ
mbokua,Transitive,perforar,"Mbokua, mbojuru"
mbojuru,Transitive,perforar,"Mbokua, mbojuru"
mohyakuãvu,Transitive,perfumar,Mohyakuãvu
momegua,Transitive,perjudicar,"Momegua, mbyai"
mbyai,Transitive,perjudicar,"Momegua, mbyai"
japu,Intransitive,perjurar,Japu
pyta,Intransitive,permanecer,"Pyta, iko, myi’ỹ, ĩ"
iko,Intransitive,permanecer,"Pyta, iko, myi’ỹ, ĩ"
myi'ỹ,Intransitive,permanecer,"Pyta, iko, myi’ỹ, ĩ"
ĩ,Intransitive,permanecer,"Pyta, iko, myi’ỹ, ĩ"
moneĩ,Transitive,permitir,"Moneĩ, heja"
heja,Transitive,permitir,"Moneĩ, heja"
pyru,Transitive,permutar,"Pyru, mbyekovia"
mbyekovia,Transitive,permutar,"Pyru, mbyekovia"
mboare,Transitive,perpetuar,Mboare
moña,Transitive,perseguir,Moña
hovasa,Transitive,persignar,Hovasa. 2. pml. Jehovasa
tu'u,Intransitive,persistir,"Tu’u, jetu’u"
jetu'u,Intransitive,persistir,"Tu’u, jetu’u"
mbo'e,Transitive,persuadir,"Mbo’e, pyamovã, mboekuaha,
movã roviaha"
pyamovã,Transitive,persuadir,"Mbo’e, pyamovã, mboekuaha,
movã roviaha"
mboekuaha,Transitive,persuadir,"Mbo’e, pyamovã, mboekuaha,
movã roviaha"
mbyai,Transitive,perturbar,Mbyai
ha'ã,Transitive,pesar,Ha’ã
pirakutu,Intransitive,pescar,Pirakutu
heka,Intransitive,pesquisar,"Heka, porandu, typeka"
porandu,Intransitive,pesquisar,"Heka, porandu, typeka"
typeka,Intransitive,pesquisar,"Heka, porandu, typeka"
resapirĩ,Intransitive,pestañear,"Resapirĩ, resavi"
resavi,Intransitive,pestañear,"Resapirĩ, resavi"
jerure,Transitive,peticionar,Jerure
mboita,Transitive,petrificar,Mboita
piã,Intransitive,piar,"Piã, pipi"
pipi,Intransitive,piar,"Piã, pipi"
kutu,Transitive,picanear,Kutu
jopi,Transitive,picar,"Jopi, su’u. 2. Mongu’i"
su'u,Transitive,picar,"Jopi, su’u. 2. Mongu’i"
su'u,Transitive,picotear,"Su’u, pe’o, javiru, ñapi’ũ, hapi’ũ"
pe'o,Transitive,picotear,"Su’u, pe’o, javiru, ñapi’ũ, hapi’ũ"
javiru,Transitive,picotear,"Su’u, pe’o, javiru, ñapi’ũ, hapi’ũ"
ñapi'ũ,Transitive,picotear,"Su’u, pe’o, javiru, ñapi’ũ, hapi’ũ"
hapi'ũ,Transitive,picotear,"Su’u, pe’o, javiru, ñapi’ũ, hapi’ũ"
popa'ã,Transitive,pillar,Popa’ã
kutu,Transitive,pinchar,Kutu
mbosa'y,Transitive,pintar,Mbosa’y
monda,Transitive,piratear,Monda
purũ,Transitive,pisar,"Purũ. 2. Joso, mongu’i"
pyrũ,Transitive,pisotear,"Pyrũ, joso"
joso,Transitive,pisotear,"Pyrũ, joso"
moapesỹi,Transitive,planchar,"Moapesỹi, ao kyty, pe’a cha’ingue"
ñemity,Transitive,plantar,"Ñemity, ñoty"
ñoty,Transitive,plantar,"Ñemity, ñoty"
japo,Transitive,plasmar,"Japo, pyaha"
pyaha,Transitive,plasmar,"Japo, pyaha"
ñe'ẽ,Intransitive,platicar,"Ñe’ẽ, ñemongeta"
ñemongeta,Intransitive,platicar,"Ñe’ẽ, ñemongeta"
joapy,Transitive,plegar,"Joapy, mbojo’a, mocha’ĩ"
mbojo'a,Transitive,plegar,"Joapy, mbojo’a, mocha’ĩ"
mocha'ĩ,Transitive,plegar,"Joapy, mbojo’a, mocha’ĩ"
rakã'o,Transitive,podar,"Rakã’o, rakã kytĩ, rakã pe’a"
katu,Transitive,poder,"Katu, ja"
ja,Transitive,poder,"Katu, ja"
mbyai,Transitive,podrir,"Mbyai, mbotuju"
mbotuju,Transitive,podrir,"Mbyai, mbotuju"
mbohovái,Intransitive,polemizar,Mbohovái
hecharamo,Transitive,ponderar,"Hecharamo, momba’eguasu"
momba'eguasu,Transitive,ponderar,"Hecharamo, momba’eguasu"
moi,Transitive,poner,"Moi, ñoña"
ñoña,Transitive,poner,"Moi, ñoña"
ñeha'ã,Intransitive,porfiar,"Ñeha’ã, ñemohatã"
ñemohatã,Intransitive,porfiar,"Ñeha’ã, ñemohatã"
raha,Transitive,portar,"Raha, ru, gueraha, gueru"
ru,Transitive,portar,"Raha, ru, gueraha, gueru"
gueraha,Transitive,portar,"Raha, ru, gueraha, gueru"
gueru,Transitive,portar,"Raha, ru, gueraha, gueru"
guapy,Intransitive,posar,"Guapy, pytu’u, pyta, nemoha’anga"
pytu'u,Intransitive,posar,"Guapy, pytu’u, pyta, nemoha’anga"
pyta,Intransitive,posar,"Guapy, pytu’u, pyta, nemoha’anga"
nemoha'anga,Intransitive,posar,"Guapy, pytu’u, pyta, nemoha’anga"
reko,Transitive,poseer,"Reko, guereko"
guereko,Transitive,poseer,"Reko, guereko"
mbotapykue,Transitive,posponer,"Mbotapykue, mbotakykue"
mbotakykue,Transitive,posponer,"Mbotapykue, mbotakykue"
mbotapykue,Transitive,postergar,"Mbotapykue, mbotakykue,
mboare, mboyke"
mbotakykue,Transitive,postergar,"Mbotapykue, mbotakykue,
mboare, mboyke"
mboare,Transitive,postergar,"Mbotapykue, mbotakykue,
mboare, mboyke"
mboyke,Transitive,postergar,"Mbotapykue, mbotakykue,
mboare, mboyke"
mboity,Transitive,postrar,"Mboity, moñesũ, mokangy, moĩ
ovapývo"
moñesũ,Transitive,postrar,"Mboity, moñesũ, mokangy, moĩ
ovapývo"
mokangy,Transitive,postrar,"Mboity, moñesũ, mokangy, moĩ
ovapývo"
ñembokatupyry,Transitive,practicar,"Ñembokatupyry, japoñepyrũ"
japoñepyrũ,Transitive,practicar,"Ñembokatupyry, japoñepyrũ"
raẽ,Transitive,preceder,"Raẽ, renonde’a"
renonde'a,Transitive,preceder,"Raẽ, renonde’a"
mbo'a,Transitive,precipitar,"Mbo’a, ity"
ity,Transitive,precipitar,"Mbo’a, ity"
kotevẽ,Transitive,precisar,Kotevẽ. 2. Mombe’u porã
ha'uvõ,Transitive,predecir,"Ha’uvõ, mombe’u ojehu va’erã"
ñemoñe'ẽ,Transitive,predicar,"Ñemoñe’ẽ, ñe’ẽ"
ñe'ẽ,Transitive,predicar,"Ñemoñe’ẽ, ñe’ẽ"
mbopy'aporã,Transitive,predisponer,"Mbopy’aporã, mbosako’i"
mbosako'i,Transitive,predisponer,"Mbopy’aporã, mbosako’i"
hetave,Intransitive,predominar,"Hetave, pu’akave"
pu'akave,Intransitive,predominar,"Hetave, pu’akave"
poravo,Transitive,preferir,"Poravo, potave, hayhuve, hecha
ramo.
prefijo. gram., m. Ñe’ẽpehẽtai mboyvegua"
potave,Transitive,preferir,"Poravo, potave, hayhuve, hecha
ramo.
prefijo. gram., m. Ñe’ẽpehẽtai mboyvegua"
hayhuve,Transitive,preferir,"Poravo, potave, hayhuve, hecha
ramo.
prefijo. gram., m. Ñe’ẽpehẽtai mboyvegua"
momarandu,Transitive,pregonar,"Momarandu, henduka"
henduka,Transitive,pregonar,"Momarandu, henduka"
ñeporandu,Transitive,preguntar,Ñeporandu
hepyme'ẽ,Transitive,premiar,"Hepyme’ẽ, poepy, mbopopegua,
mbojopói"
poepy,Transitive,premiar,"Hepyme’ẽ, poepy, mbopopegua,
mbojopói"
mbopopegua,Transitive,premiar,"Hepyme’ẽ, poepy, mbopopegua,
mbojopói"
mbojopói,Transitive,premiar,"Hepyme’ẽ, poepy, mbopopegua,
mbojopói"
reñói,Intransitive,prender,"Reñói, ñembohapo"
ñembohapo,Intransitive,prender,"Reñói, ñembohapo"
pyhy,Transitive,prender,Pyhy
jopy,Transitive,prensar,Jopy
myenyhẽ,Transitive,preñar,"Myenyhẽ, mbohyeguasu"
mbohyeguasu,Transitive,preñar,"Myenyhẽ, mbohyeguasu"
mbopy'apy,Transitive,preocupar,Mbopy’apy
sako'i,Transitive,preparar,"Sako’i, mbosako’i"
mbosako'i,Transitive,preparar,"Sako’i, mbosako’i"
ha'uvõ,Transitive,presagiar,Ha’uvõ
mboyke,Intransitive,prescindir,Mboyke
japouka,Transitive,prescribir,Japouka
ma'ẽ,Transitive,presenciar,"Ma’ẽ, maña, hecha"
maña,Transitive,presenciar,"Ma’ẽ, maña, hecha"
hecha,Transitive,presenciar,"Ma’ẽ, maña, hecha"
ru,Transitive,presentar,"Ru, gueru, hechauka, mbokuaha"
gueru,Transitive,presentar,"Ru, gueru, hechauka, mbokuaha"
hechauka,Transitive,presentar,"Ru, gueru, hechauka, mbokuaha"
mbokuaha,Transitive,presentar,"Ru, gueru, hechauka, mbokuaha"
nandukuaha,Transitive,presentir,"Nandukuaha, ñandu raẽ"
ñomi,Transitive,preservar,"Ñomi, joko, ñongatu"
joko,Transitive,preservar,"Ñomi, joko, ñongatu"
ñongatu,Transitive,preservar,"Ñomi, joko, ñongatu"
jopy,Transitive,presionar,Jopy
poruka,Transitive,prestar,"Poruka, poru"
poru,Transitive,prestar,"Poruka, poru"
jejapo,Intransitive,presumir,"Jejapo, jerovu. 2. Imo’ã, hi’ã"
jerovu,Intransitive,presumir,"Jejapo, jerovu. 2. Imo’ã, hi’ã"
rekose,Transitive,pretender,"Rekose, pota"
pota,Transitive,pretender,"Rekose, pota"
pu'aka,Intransitive,prevalecer,"Pu’aka, pu’akave, hasa"
pu'akave,Intransitive,prevalecer,"Pu’aka, pu’akave, hasa"
hasa,Intransitive,prevalecer,"Pu’aka, pu’akave, hasa"
renonde'a,Transitive,prever,Renonde’a
pe'a,Transitive,privar,"Pe’a, hekýi"
hekýi,Transitive,privar,"Pe’a, hekýi"
ha'ã,Transitive,probar,Ha’ã
japo,Intransitive,proceder,Japo
moherakuã,Transitive,proclamar,Moherakuã
moñemoña,Transitive,procrear,Moñemoña
ha'ã,Transitive,procurar,"Ha’ã, ñeha’ã"
ñeha'ã,Transitive,procurar,"Ha’ã, ñeha’ã"
japo,Transitive,producir,"Japo, moheñói"
moheñói,Transitive,producir,"Japo, moheñói"
momarã,Transitive,profanar,Momarã
ha'uvõ,Transitive,profetizar,"Ha’uvõ, jurupyasy, mombe’u raẽ
ojehu va’erã"
jurupyasy,Transitive,profetizar,"Ha’uvõ, jurupyasy, mombe’u raẽ
ojehu va’erã"
mbopypuku,Transitive,profundizar,"Mbopypuku, mbohypy"
mbohypy,Transitive,profundizar,"Mbopypuku, mbohypy"
ñemotenonde,Intransitive,progresar,"Ñemotenonde, pu’ã, akãrapuã,
ñakãrapu’ã"
pu'ã,Intransitive,progresar,"Ñemotenonde, pu’ã, akãrapuã,
ñakãrapu’ã"
akãrapuã,Intransitive,progresar,"Ñemotenonde, pu’ã, akãrapuã,
ñakãrapu’ã"
ñakãrapu'ã,Intransitive,progresar,"Ñemotenonde, pu’ã, akãrapuã,
ñakãrapu’ã"
mbotove,Transitive,prohibir,"Mbotove, japouka’ỹ"
japouka'ỹ,Transitive,prohibir,"Mbotove, japouka’ỹ"
mbopukuve,Transitive,prolongar,"Mbopukuve, mboareve"
mboareve,Transitive,prolongar,"Mbopukuve, mboareve"
kuave'ẽ,Transitive,prometer,"Ñe’ẽme’ ẽ, kuave’ẽ"
motenonde,Transitive,promover,"Motenonde, moakãrapu’ã.
pronombre. gram., m. Terarangue"
ha'uvõ,Transitive,pronosticar,Ha’uvõ
ñe'ẽ,Transitive,pronunciar,"Ñe’ẽ, moñe’ẽ, mokũjera"
moñe'ẽ,Transitive,pronunciar,"Ñe’ẽ, moñe’ẽ, mokũjera"
mokũjera,Transitive,pronunciar,"Ñe’ẽ, moñe’ẽ, mokũjera"
myasãi,Transitive,propagar,"Myasãi, mosarambi. 2. pml.
Ñemyasãi, ñemosarambi"
mosarambi,Transitive,propagar,"Myasãi, mosarambi. 2. pml.
Ñemyasãi, ñemosarambi"
mbojekuaha,Transitive,propalar,"Mbojekuaha, moherakuã, kuahauka,
rosapukái"
moherakuã,Transitive,propalar,"Mbojekuaha, moherakuã, kuahauka,
rosapukái"
kuahauka,Transitive,propalar,"Mbojekuaha, moherakuã, kuahauka,
rosapukái"
rosapukái,Transitive,propalar,"Mbojekuaha, moherakuã, kuahauka,
rosapukái"
pytyvõ,Transitive,propiciar,Pytyvõ
me'ẽ,Transitive,propinar,"Me’ẽ, mbopopegua"
mbopopegua,Transitive,propinar,"Me’ẽ, mbopopegua"
me'ẽ,Transitive,proporcionar,Me’ẽ
pytyvõ,Transitive,propugnar,"Pytyvõ, mba’apo hese.
propulsar. tr, Momýi, muaña"
mboare,Transitive,prorrogar,"Mboare, mbopukuve, mbotapykue"
mbopukuve,Transitive,prorrogar,"Mboare, mbopukuve, mbotapykue"
mbotapykue,Transitive,prorrogar,"Mboare, mbopukuve, mbotapykue"
soro,Intransitive,prorrumpir,Soro
mbotove,Transitive,proscribir,"Mbotove, mosẽ hetãgui"
japove,Transitive,proseguir,Japove
ñemotenonde,Intransitive,prosperar,"Ñemotenonde, ñakãrapu’ã, pu’ã,
182
yvytu"
ñakãrapu'ã,Intransitive,prosperar,"Ñemotenonde, ñakãrapu’ã, pu’ã,
182
yvytu"
pu'ã,Intransitive,prosperar,"Ñemotenonde, ñakãrapu’ã, pu’ã,
182
yvytu"
ñuvã,Transitive,proteger,"Ñuvã, ñangareko, mo’ã"
ñangareko,Transitive,proteger,"Ñuvã, ñangareko, mo’ã"
mo'ã,Transitive,proteger,"Ñuvã, ñangareko, mo’ã"
mbohovái,Intransitive,protestar,"Mbohovái, ñemoĩ"
ñemoĩ,Intransitive,protestar,"Mbohovái, ñemoĩ"
mbo,Transitive,proveer,"Me’ẽ tekotevẽrã, mbo, mo, mbu, mu,
mby, my"
mo,Transitive,proveer,"Me’ẽ tekotevẽrã, mbo, mo, mbu, mu,
mby, my"
mbu,Transitive,proveer,"Me’ẽ tekotevẽrã, mbo, mo, mbu, mu,
mby, my"
mu,Transitive,proveer,"Me’ẽ tekotevẽrã, mbo, mo, mbu, mu,
mby, my"
mby,Transitive,proveer,"Me’ẽ tekotevẽrã, mbo, mo, mbu, mu,
mby, my"
my,Transitive,proveer,"Me’ẽ tekotevẽrã, mbo, mo, mbu, mu,
mby, my"
ñemboypy,Intransitive,provenir,"Ñemboypy, ju"
ju,Intransitive,provenir,"Ñemboypy, ju"
mbo,Transitive,provocar,"Mbo, mo, mbu, mu, mby, my,
mbojehu. 2. Mbopochy, poroheka, ñe’ẽreity"
mo,Transitive,provocar,"Mbo, mo, mbu, mu, mby, my,
mbojehu. 2. Mbopochy, poroheka, ñe’ẽreity"
mbu,Transitive,provocar,"Mbo, mo, mbu, mu, mby, my,
mbojehu. 2. Mbopochy, poroheka, ñe’ẽreity"
mu,Transitive,provocar,"Mbo, mo, mbu, mu, mby, my,
mbojehu. 2. Mbopochy, poroheka, ñe’ẽreity"
mby,Transitive,provocar,"Mbo, mo, mbu, mu, mby, my,
mbojehu. 2. Mbopochy, poroheka, ñe’ẽreity"
my,Transitive,provocar,"Mbo, mo, mbu, mu, mby, my,
mbojehu. 2. Mbopochy, poroheka, ñe’ẽreity"
mbojehu,Transitive,provocar,"Mbo, mo, mbu, mu, mby, my,
mbojehu. 2. Mbopochy, poroheka, ñe’ẽreity"
japose,Transitive,proyectar,"Japose, imo’ã. 2. Myasãi"
imo'ã,Transitive,proyectar,"Japose, imo’ã. 2. Myasãi"
mbojekuaha,Transitive,publicar,"Mbojekuaha, mosarambi, myasãi,
muasãi, moherakuã, kuahauka, nohẽ kuatiápe"
mosarambi,Transitive,publicar,"Mbojekuaha, mosarambi, myasãi,
muasãi, moherakuã, kuahauka, nohẽ kuatiápe"
myasãi,Transitive,publicar,"Mbojekuaha, mosarambi, myasãi,
muasãi, moherakuã, kuahauka, nohẽ kuatiápe"
muasãi,Transitive,publicar,"Mbojekuaha, mosarambi, myasãi,
muasãi, moherakuã, kuahauka, nohẽ kuatiápe"
moherakuã,Transitive,publicar,"Mbojekuaha, mosarambi, myasãi,
muasãi, moherakuã, kuahauka, nohẽ kuatiápe"
kuahauka,Transitive,publicar,"Mbojekuaha, mosarambi, myasãi,
muasãi, moherakuã, kuahauka, nohẽ kuatiápe"
mbyai,Transitive,pudrir,"Mbyai, mbotuju"
mbotuju,Transitive,pudrir,"Mbyai, mbotuju"
ñeha'ã,Intransitive,pugnar,"Ñeha’ã, ñorairõ"
ñorairõ,Intransitive,pugnar,"Ñeha’ã, ñorairõ"
ñeha'ã,Intransitive,pujar,Ñeha’ã
moapesỹi,Transitive,pulir,"Moapesỹi, mosỹi, mbovera"
mosỹi,Transitive,pulir,"Moapesỹi, mosỹi, mbovera"
mbovera,Transitive,pulir,"Moapesỹi, mosỹi, mbovera"
mbopu,Transitive,pulsar,"Mbopu, ñatõi"
ñatõi,Transitive,pulsar,"Mbopu, ñatõi"
mongu'i,Transitive,pulverizar,Mongu’i
motenonde,Transitive,puntear,"Motenonde. 2. Ñatõi, mbopu
mbaraka"
kutu,Transitive,punzar,"Kutu, jopi"
jopi,Transitive,punzar,"Kutu, jopi"
mopotĩ,Transitive,purgar,"Mopotĩ, mosẽ poravopyrépe"
mopotĩ,Transitive,purificar,Mopotĩ
joka,Transitive,quebrar,"Joka, mopẽ"
mopẽ,Transitive,quebrar,"Joka, mopẽ"
hapy,Transitive,quemar,Hapy
pota,Transitive,querer,"Pota, hayhu, se, ja’e"
hayhu,Transitive,querer,"Pota, hayhu, se, ja’e"
se,Transitive,querer,"Pota, hayhu, se, ja’e"
ja'e,Transitive,querer,"Pota, hayhu, se, ja’e"
pe'a,Transitive,quitar,"Pe’a, hekýi"
hekýi,Transitive,quitar,"Pe’a, hekýi"
mohenda,Transitive,radicar,"Mohenda, mbohapo, mombyta"
mbohapo,Transitive,radicar,"Mohenda, mbohapo, mombyta"
mombyta,Transitive,radicar,"Mohenda, mbohapo, mombyta"
mondyry,Transitive,rajar,"Mondyry, mbotiri, mbovo, joka"
mbotiri,Transitive,rajar,"Mondyry, mbotiri, mbovo, joka"
mbovo,Transitive,rajar,"Mondyry, mbotiri, mbovo, joka"
joka,Transitive,rajar,"Mondyry, mbotiri, mbovo, joka"
mongu'i,Transitive,rallar,"Mongu’i, karãi, popĩ, kyty"
karãi,Transitive,rallar,"Mongu’i, karãi, popĩ, kyty"
popĩ,Transitive,rallar,"Mongu’i, karãi, popĩ, kyty"
kyty,Transitive,rallar,"Mongu’i, karãi, popĩ, kyty"
mohakã,Transitive,ramificar,Mohakã
ñeko'õi,Intransitive,rabiar,"Ñeko’õi, resako’õ, pochy, ñemyrõ,
ñarõ"
resako'õ,Intransitive,rabiar,"Ñeko’õi, resako’õ, pochy, ñemyrõ,
ñarõ"
pochy,Intransitive,rabiar,"Ñeko’õi, resako’õ, pochy, ñemyrõ,
ñarõ"
ñemyrõ,Intransitive,rabiar,"Ñeko’õi, resako’õ, pochy, ñemyrõ,
ñarõ"
ñarõ,Intransitive,rabiar,"Ñeko’õi, resako’õ, pochy, ñemyrõ,
ñarõ"
ñapĩ,Transitive,rapar,"Ñapĩ, moperõ"
moperõ,Transitive,rapar,"Ñapĩ, moperõ"
karãi,Transitive,rascar,"Karãi, he’ỹi"
he'ỹi,Transitive,rascar,"Karãi, he’ỹi"
mondoro,Transitive,rasgar,Mondoro
karãi,Transitive,rasguñar,Karãi
karãi,Transitive,raspar,Karãi
ñapĩ,Transitive,rasurar,"Ñapĩ, hendyvapo, moperõ"
hendyvapo,Transitive,rasurar,"Ñapĩ, hendyvapo, moperõ"
moperõ,Transitive,rasurar,"Ñapĩ, hendyvapo, moperõ"
moneĩ,Transitive,ratificar,"Moneĩ, moneĩ jey, moañete jey"
karãi,Transitive,rayar,"Karãi, hai"
hai,Transitive,rayar,"Karãi, hai"
py'amongeta,Intransitive,razonar,"Py’amongeta, jepy’amongeta.
re. pref. Jey"
mbohovái,Intransitive,reaccionar,"Mbohovái, pu’ã, ñakãrapu’ã"
pu'ã,Intransitive,reaccionar,"Mbohovái, pu’ã, ñakãrapu’ã"
ñakãrapu'ã,Intransitive,reaccionar,"Mbohovái, pu’ã, ñakãrapu’ã"
japo,Transitive,realizar,"Japo, mboaje"
mboaje,Transitive,realizar,"Japo, mboaje"
mboyvate,Transitive,realzar,"Mboyvate, mbotuicha, moporã"
mbotuicha,Transitive,realzar,"Mboyvate, mbotuicha, moporã"
moporã,Transitive,realzar,"Mboyvate, mbotuicha, moporã"
mokyre'ỹ,Transitive,reanimar,"Mboikove jey, moingove jey,
mokyre’ỹ"
mombarete,Transitive,reavivar,"Moingove jey, mombarete"
mboguejy,Transitive,rebajar,"Mboguejy, mbohepyguejy"
mbohepyguejy,Transitive,rebajar,"Mboguejy, mbohepyguejy"
mbovore,Transitive,rebanar,"Mbovore, mboja’o, mbovo, pehẽ’a,
kytĩ, pehẽngue"
mboja'o,Transitive,rebanar,"Mbovore, mboja’o, mbovo, pehẽ’a,
kytĩ, pehẽngue"
mbovo,Transitive,rebanar,"Mbovore, mboja’o, mbovo, pehẽ’a,
kytĩ, pehẽngue"
pehẽ'a,Transitive,rebanar,"Mbovore, mboja’o, mbovo, pehẽ’a,
kytĩ, pehẽngue"
kytĩ,Transitive,rebanar,"Mbovore, mboja’o, mbovo, pehẽ’a,
kytĩ, pehẽngue"
pehẽngue,Transitive,rebanar,"Mbovore, mboja’o, mbovo, pehẽ’a,
kytĩ, pehẽngue"
hása,Transitive,rebasar,"Hása, hasave hendágui"
mbotove,Transitive,rebatir,"Mbotove, ñe’ẽrovaity"
ñe'ẽrovaity,Transitive,rebatir,"Mbotove, ñe’ẽrovaity"
mohu'ũ,Transitive,reblandecer,Mohu’ũ
jevy,Intransitive,rebotar,"Jevy, po jey, popo"
popo,Intransitive,rebotar,"Jevy, po jey, popo"
myi,Intransitive,rebullir,"Myi, ku’e, pupu"
ku'e,Intransitive,rebullir,"Myi, ku’e, pupu"
pupu,Intransitive,rebullir,"Myi, ku’e, pupu"
typeka,Transitive,rebuscar,"Typeka, povyvy"
povyvy,Transitive,rebuscar,"Typeka, povyvy"
jerure,Transitive,recabar,Jerure
mbokaráu,Transitive,recalcar,"Mbokaráu. 2. Jetu’u, ñe’ẽ jey"
jepy'amongeta,Transitive,recapitular,"Ñe’ẽ jey mbykyve, jepy’amongeta"
mbopohyive,Transitive,recargar,Mbopohyive
nemyrõ,Intransitive,recelar,"Nemyrõ, jepoyhu, kyhyje"
jepoyhu,Intransitive,recelar,"Nemyrõ, jepoyhu, kyhyje"
kyhyje,Intransitive,recelar,"Nemyrõ, jepoyhu, kyhyje"
mopohã,Transitive,recetar,"Japouka pohã, mopohã"
mbotove,Transitive,rechazar,"Mbotove, mombia, mbojevy"
mombia,Transitive,rechazar,"Mbotove, mombia, mbojevy"
mbojevy,Transitive,rechazar,"Mbotove, mombia, mbojevy"
ñe'ẽ,Intransitive,rechinar,"Ñe’ẽ, chiã, chi’õ"
chiã,Intransitive,rechinar,"Ñe’ẽ, chiã, chi’õ"
chi'õ,Intransitive,rechinar,"Ñe’ẽ, chiã, chi’õ"
moguahẽ,Transitive,recibir,"Moguahẽ, ñuvaitĩ, roguahẽ"
ñuvaitĩ,Transitive,recibir,"Moguahẽ, ñuvaitĩ, roguahẽ"
roguahẽ,Transitive,recibir,"Moguahẽ, ñuvaitĩ, roguahẽ"
jerure,Transitive,reclamar,"Jerure, jerure atã"
mbojeko,Transitive,reclinar,Mbojeko
rekojey,Transitive,recobrar,Rekojey
mbyaty,Transitive,recoger,"Mbyaty, mbuaty, hupi, mono’o.
187"
mbuaty,Transitive,recoger,"Mbyaty, mbuaty, hupi, mono’o.
187"
hupi,Transitive,recoger,"Mbyaty, mbuaty, hupi, mono’o.
187"
mono'õ,Transitive,recolectar,"Mono’õ, mbyaty"
mbyaty,Transitive,recolectar,"Mono’õ, mbyaty"
momorã,Transitive,recomendar,"Momorã, mbotuicha,
porãnguereko"
mbotuicha,Transitive,recomendar,"Momorã, mbotuicha,
porãnguereko"
porãnguereko,Transitive,recomendar,"Momorã, mbotuicha,
porãnguereko"
mbopopegua,Transitive,recompensar,"Mbopopegua, mbuekovia,
poepy"
mbuekovia,Transitive,recompensar,"Mbopopegua, mbuekovia,
poepy"
poepy,Transitive,recompensar,"Mbopopegua, mbuekovia,
poepy"
mbyaty,Transitive,reconcentrar,"Mbyaty, mbojuaju,
mombareteve"
mbojuaju,Transitive,reconcentrar,"Mbyaty, mbojuaju,
mombareteve"
mombareteve,Transitive,reconcentrar,"Mbyaty, mbojuaju,
mombareteve"
moñyrõ,Transitive,reconciliar,"Moñyrõ, mbo’ae. 2. pml. Ñoñyrõ,
pochyjera, iko porã jey"
mbo'ae,Transitive,reconciliar,"Moñyrõ, mbo’ae. 2. pml. Ñoñyrõ,
pochyjera, iko porã jey"
mombareteve,Transitive,reconfortar,"Mombareteve, mbohetia’e"
mbohetia'e,Transitive,reconfortar,"Mombareteve, mbohetia’e"
hechakuaha,Transitive,reconocer,Hechakuaha
ja'o,Transitive,reconvenir,"Ja’o, kaguai, mongavaju,
ñemoñe’ẽ, rova api"
kaguai,Transitive,reconvenir,"Ja’o, kaguai, mongavaju,
ñemoñe’ẽ, rova api"
mongavaju,Transitive,reconvenir,"Ja’o, kaguai, mongavaju,
ñemoñe’ẽ, rova api"
ñemoñe'ẽ,Transitive,reconvenir,"Ja’o, kaguai, mongavaju,
ñemoñe’ẽ, rova api"
momandu'a,Transitive,recordar,"Momandu’a, moma- randu,
romandu’a"
romandu'a,Transitive,recordar,"Momandu’a, moma- randu,
romandu’a"
kundaha,Intransitive,recorrer,"Kundaha, guata"
guata,Intransitive,recorrer,"Kundaha, guata"
guyguy,Transitive,recorrer,"Guyguy,
hasa"
hasa,Transitive,recorrer,"Guyguy,
hasa"
mombykyve,Transitive,recortar,"Mombykyve, kytĩ, kytĩ hembyre"
kytĩ,Transitive,recortar,"Mombykyve, kytĩ, kytĩ hembyre"
mbojeko,Transitive,recostar,Mbojeko
mbohory,Transitive,recrear,"Mbohory, mbovy’a"
mbovy'a,Transitive,recrear,"Mbohory, mbovy’a"
mokarapã'o,Transitive,rectificar,"Mokarapã’o, myatyrõ, mbojoja, moĩ
porã"
myatyrõ,Transitive,rectificar,"Mokarapã’o, myatyrõ, mbojoja, moĩ
porã"
mbojoja,Transitive,rectificar,"Mokarapã’o, myatyrõ, mbojoja, moĩ
porã"
mboape,Transitive,recubrir,Mboape
rojevy,Transitive,recuperar,"Rojevy, reko jey, pyhy jey"
jepoka,Intransitive,recurrir,"Jepoka, poru, jerure"
poru,Intransitive,recurrir,"Jepoka, poru, jerure"
jerure,Intransitive,recurrir,"Jepoka, poru, jerure"
pysyrõ,Transitive,redimir,"Pysyrõ, ñyrõ, jora"
ñyrõ,Transitive,redimir,"Pysyrõ, ñyrõ, jora"
jora,Transitive,redimir,"Pysyrõ, ñyrõ, jora"
mboja'o,Transitive,redoblar,"Mboja’o, mbohetave"
mbohetave,Transitive,redoblar,"Mboja’o, mbohetave"
mboapu'a,Transitive,redondear,"Mboapu’a, mbuapu’a"
mbuapu'a,Transitive,redondear,"Mboapu’a, mbuapu’a"
momichĩ,Transitive,reducir,"Momichĩ, mombyky, momichĩve,
ñyñýi, mombovy"
mombyky,Transitive,reducir,"Momichĩ, mombyky, momichĩve,
ñyñýi, mombovy"
momichĩve,Transitive,reducir,"Momichĩ, mombyky, momichĩve,
ñyñýi, mombovy"
ñyñýi,Transitive,reducir,"Momichĩ, mombyky, momichĩve,
ñyñýi, mombovy"
mombovy,Transitive,reducir,"Momichĩ, mombyky, momichĩve,
ñyñýi, mombovy"
remby,Intransitive,redundar,"Remby, heta rei"
mbuekovia,Transitive,reemplazar,"Mbuekovia, mbyekovia,
mbohekovia, muekovia, myengovia, pyru"
mbyekovia,Transitive,reemplazar,"Mbuekovia, mbyekovia,
mbohekovia, muekovia, myengovia, pyru"
mbohekovia,Transitive,reemplazar,"Mbuekovia, mbyekovia,
mbohekovia, muekovia, myengovia, pyru"
muekovia,Transitive,reemplazar,"Mbuekovia, mbyekovia,
mbohekovia, muekovia, myengovia, pyru"
myengovia,Transitive,reemplazar,"Mbuekovia, mbyekovia,
mbohekovia, muekovia, myengovia, pyru"
pyru,Transitive,reemplazar,"Mbuekovia, mbyekovia,
mbohekovia, muekovia, myengovia, pyru"
mombe'u,Transitive,referir,"Mombe’u, kuahauka"
kuahauka,Transitive,referir,"Mombe’u, kuahauka"
mopotĩ,Transitive,refinar,"Mopotĩ, mosỹi"
mosỹi,Transitive,refinar,"Mopotĩ, mosỹi"
hechauka,Transitive,reflejar,"Hechauka, mondo jey"
imo'ã,Intransitive,reflexionar,"Imo’ã, jepy’amongeta, jesareko"
jepy'amongeta,Intransitive,reflexionar,"Imo’ã, jepy’amongeta, jesareko"
jesareko,Intransitive,reflexionar,"Imo’ã, jepy’amongeta, jesareko"
mbovy'a,Transitive,refocilar,Mbovy’a
myatyrõ,Transitive,reformar,"Myatyrõ, mbopyahu, japo porãve"
mbopyahu,Transitive,reformar,"Myatyrõ, mbopyahu, japo porãve"
myatãve,Transitive,reforzar,"Myatãve, mombareteve"
mombareteve,Transitive,reforzar,"Myatãve, mombareteve"
pichy,Transitive,refregar,"Pichy, japichy, kyty. 2. pml. Jekyty"
japichy,Transitive,refregar,"Pichy, japichy, kyty. 2. pml. Jekyty"
kyty,Transitive,refregar,"Pichy, japichy, kyty. 2. pml. Jekyty"
juruka,Transitive,refrenar,"Juruka, joko. 2. pml. Jejoko"
joko,Transitive,refrenar,"Juruka, joko. 2. pml. Jejoko"
moañete,Transitive,refrendar,"Moañete, momorã"
momorã,Transitive,refrendar,"Moañete, momorã"
mbopiro'y,Transitive,refrescar,"Mbopiro’y, moro’ysã"
moro'ysã,Transitive,refrescar,"Mbopiro’y, moro’ysã"
moguahẽ,Transitive,refugiar,"Moguahẽ, moñuvã"
moñuvã,Transitive,refugiar,"Moguahẽ, moñuvã"
mbohovái,Transitive,refutar,Mbohovái
jopói,Transitive,regalar,Jopói
ja'o,Transitive,regañar,"Ja’o, ñe’ẽngururu"
ñe'ẽngururu,Transitive,regañar,"Ja’o, ñe’ẽngururu"
mohe'õ,Transitive,regar,"Mohe’õ, myakỹ, moakỹ, hypýi"
myakỹ,Transitive,regar,"Mohe’õ, myakỹ, moakỹ, hypýi"
moakỹ,Transitive,regar,"Mohe’õ, myakỹ, moakỹ, hypýi"
hypýi,Transitive,regar,"Mohe’õ, myakỹ, moakỹ, hypýi"
jokuái,Transitive,regir,"Jokuái, sãmbyhy, mboguata"
sãmbyhy,Transitive,regir,"Jokuái, sãmbyhy, mboguata"
mboguata,Transitive,regir,"Jokuái, sãmbyhy, mboguata"
povyvy,Transitive,registrar,"Povyvy, ma’ẽ porã, sareko. 2.
Mboguapy kuatiápe"
sareko,Transitive,registrar,"Povyvy, ma’ẽ porã, sareko. 2.
Mboguapy kuatiápe"
mbohape,Transitive,reglamentar,"Mbohape, japouka"
japouka,Transitive,reglamentar,"Mbohape, japouka"
mbovy'a,Transitive,regocijar,"Mbovy’a, rohory, mbopya rory"
rohory,Transitive,regocijar,"Mbovy’a, rohory, mbopya rory"
jere,Intransitive,regresar,"Jere, jevy, guevi, ho jey, ju jey"
jevy,Intransitive,regresar,"Jere, jevy, guevi, ho jey, ju jey"
guevi,Intransitive,regresar,"Jere, jevy, guevi, ho jey, ju jey"
mohenda,Transitive,regular,"Mohenda, moĩ hekópe"
gue'ẽ,Transitive,regurgitar,"Gue’ẽ, mbou, mbojevy"
mbou,Transitive,regurgitar,"Gue’ẽ, mbou, mbojevy"
mbojevy,Transitive,regurgitar,"Gue’ẽ, mbou, mbojevy"
myatyrõ,Transitive,rehacer,"Japo jey, myatyrõ"
jehekýi,Transitive,rehuir,"Jehekýi, ñepia’ã"
ñepia'ã,Transitive,rehuir,"Jehekýi, ñepia’ã"
mbotove,Transitive,rehusar,"Mbotove, pota’ỹ"
pota'ỹ,Transitive,rehusar,"Mbotove, pota’ỹ"
puka,Intransitive,reír,Puka
momitã,Transitive,rejuvenecer,"Mbopyahu jey, momitã"
mokangy,Transitive,relajar,Mokangy
heréi,Transitive,relamer,"Heréi, kumberéi"
kumberéi,Transitive,relamer,"Heréi, kumberéi"
mombe'u,Transitive,relatar,"Mombe’u, henduka"
henduka,Transitive,relatar,"Mombe’u, henduka"
mbotapykue,Transitive,relegar,"Mbotapykue, mbotakykue, mboyke"
mbotakykue,Transitive,relegar,"Mbotapykue, mbotakykue, mboyke"
mboyke,Transitive,relegar,"Mbotapykue, mbotakykue, mboyke"
mosẽ,Transitive,relevar,"Mosẽ, pyru, mbuekovia, mbohekovia"
pyru,Transitive,relevar,"Mosẽ, pyru, mbuekovia, mbohekovia"
mbuekovia,Transitive,relevar,"Mosẽ, pyru, mbuekovia, mbohekovia"
mbohekovia,Transitive,relevar,"Mosẽ, pyru, mbuekovia, mbohekovia"
jatyka,Transitive,rellenar,"Jatyka, myenyhẽ, mbochovi"
myenyhẽ,Transitive,rellenar,"Jatyka, myenyhẽ, mbochovi"
mbochovi,Transitive,rellenar,"Jatyka, myenyhẽ, mbochovi"
vera,Intransitive,relucir,"Vera, mimbi"
mimbi,Intransitive,relucir,"Vera, mimbi"
vera,Intransitive,relumbrar,"Vera, mimbi"
mimbi,Intransitive,relumbrar,"Vera, mimbi"
jatyka,Transitive,remachar,Jatyka
pepi,Transitive,remangar,Pepi
pykúi,Transitive,remar,"Pykúi, yga pykui"
myatymói,Transitive,remecer,"Myatymói, mbotorore"
mbotorore,Transitive,remecer,"Myatymói, mbotorore"
ha'ã,Transitive,remedar,"Ha’ã, ha’anga"
ha'anga,Transitive,remedar,"Ha’ã, ha’anga"
pohano,Transitive,remediar,"Pohano, myatyrõ"
myatyrõ,Transitive,remediar,"Pohano, myatyrõ"
mandu'a,Transitive,rememorar,Mandu’a
myatyrõ,Transitive,remendar,"Myatyrõ, mbovyvy ao soro"
mondo,Transitive,remesar,"Mondo, mondo mba’e repy"
mbou,Transitive,remitir,"Mbou, mondo, reruka, rahauka"
mondo,Transitive,remitir,"Mbou, mondo, reruka, rahauka"
reruka,Transitive,remitir,"Mbou, mondo, reruka, rahauka"
rahauka,Transitive,remitir,"Mbou, mondo, reruka, rahauka"
mboaruru,Transitive,remojar,"Mboaruru, mohe’õ, myakỹ, mboyku"
mohe'õ,Transitive,remojar,"Mboaruru, mohe’õ, myakỹ, mboyku"
myakỹ,Transitive,remojar,"Mboaruru, mohe’õ, myakỹ, mboyku"
mboyku,Transitive,remojar,"Mboaruru, mohe’õ, myakỹ, mboyku"
mbotyryry,Transitive,remolcar,Mbotyryry
veve,Intransitive,remontar,Veve
mboveve,Transitive,remontar,Mboveve
py'apy,Transitive,remorder,"Py’apy, py’aremói angaipa.
190"
pe'a,Transitive,remover,"Pe’a, mosẽ, rova, momýi"
mosẽ,Transitive,remover,"Pe’a, mosẽ, rova, momýi"
rova,Transitive,remover,"Pe’a, mosẽ, rova, momýi"
momýi,Transitive,remover,"Pe’a, mosẽ, rova, momýi"
mbopyahu,Transitive,remozar,Mbopyahu
hepyme'ẽ,Transitive,remunerar,Hepyme’ẽ
me'ẽ,Intransitive,rendir,Me’ẽ
motindy,Transitive,rendir,"Motindy, momirĩ, moĩ
poguýpe"
momirĩ,Transitive,rendir,"Motindy, momirĩ, moĩ
poguýpe"
mbopyahu,Transitive,renovar,Mbopyahu
heja,Transitive,renunciar,"Heja, ñemboyke"
ñemboyke,Transitive,renunciar,"Heja, ñemboyke"
juavy,Intransitive,reñir,"Juavy, ñorairõ, jeja’o"
ñorairõ,Intransitive,reñir,"Juavy, ñorairõ, jeja’o"
jeja'o,Intransitive,reñir,"Juavy, ñorairõ, jeja’o"
myatyrõ,Transitive,reparar,Myatyrõ
mboja'o,Transitive,repartir,"Mboja’o, me’ẽ peteĩteĩ"
mbohovái,Transitive,repeler,"Mbohovái, momombyry, muaña,
mbojei"
momombyry,Transitive,repeler,"Mbohovái, momombyry, muaña,
mbojei"
muaña,Transitive,repeler,"Mbohovái, momombyry, muaña,
mbojei"
mbojei,Transitive,repeler,"Mbohovái, momombyry, muaña,
mbojei"
mbojo'a,Transitive,repetir,"Ñe’ẽ jey, japo jey, mbojo’a"
mbohovái,Transitive,replicar,"Mbohovái, ñe’ẽjoapy, ñe’ẽreity,
ñe’ẽjoko"
ñe'ẽjoapy,Transitive,replicar,"Mbohovái, ñe’ẽjoapy, ñe’ẽreity,
ñe’ẽjoko"
ñe'ẽreity,Transitive,replicar,"Mbohovái, ñe’ẽjoapy, ñe’ẽreity,
ñe’ẽjoko"
ñe'ẽjoko,Transitive,replicar,"Mbohovái, ñe’ẽjoapy, ñe’ẽreity,
ñe’ẽjoko"
mbyekovia,Transitive,reponer,"Mbyekovia, moĩ jey, mohenda jey"
putu'u,Intransitive,reposar,Putu’u
ja'o,Transitive,reprender,"Ja’o, mongavaju"
mongavaju,Transitive,reprender,"Ja’o, mongavaju"
moha'anga,Transitive,representar,Moha’anga
mbotove,Transitive,reprobar,"Mbotove, royrõ, mbotapykue
temimbo’épe"
royrõ,Transitive,reprobar,"Mbotove, royrõ, mbotapykue
temimbo’épe"
kaguai,Transitive,reprochar,"Kaguai, ja’o, ñemoñe’ẽ, mongavaju,
mbovai, hague’o, ravira"
ja'o,Transitive,reprochar,"Kaguai, ja’o, ñemoñe’ẽ, mongavaju,
mbovai, hague’o, ravira"
ñemoñe'ẽ,Transitive,reprochar,"Kaguai, ja’o, ñemoñe’ẽ, mongavaju,
mbovai, hague’o, ravira"
mongavaju,Transitive,reprochar,"Kaguai, ja’o, ñemoñe’ẽ, mongavaju,
mbovai, hague’o, ravira"
mbovai,Transitive,reprochar,"Kaguai, ja’o, ñemoñe’ẽ, mongavaju,
mbovai, hague’o, ravira"
hague'o,Transitive,reprochar,"Kaguai, ja’o, ñemoñe’ẽ, mongavaju,
mbovai, hague’o, ravira"
ravira,Transitive,reprochar,"Kaguai, ja’o, ñemoñe’ẽ, mongavaju,
mbovai, hague’o, ravira"
moñemoña,Transitive,reproducir,Moñemoña. 2. Moha›anga
tyryry,Intransitive,reptar,Tyryry
royrõ,Transitive,repudiar,"Royrõ, mbotove"
mbotove,Transitive,repudiar,"Royrõ, mbotove"
mbojeguaru,Transitive,repugnar,Mbojeguaru
jupi,Intransitive,repuntar,"Jupi, ñapysẽ"
ñapysẽ,Intransitive,repuntar,"Jupi, ñapysẽ"
moñe'ẽ,Transitive,requebrar,"Moñe’ẽ, mboaguara kuñáme"
jerure,Transitive,requerir,Jerure
jekuahave,Intransitive,resaltar,Jekuahave. tr. Mbokuaave
mbuekovia,Transitive,resarcir,"Mbuekovia, hepyme’ẽ"
hepyme'ẽ,Transitive,resarcir,"Mbuekovia, hepyme’ẽ"
pysyrõ,Transitive,rescatar,"Pysyrõ, pyhy jey"
mokã,Transitive,resecar,Mokã
ñongatu,Transitive,reservar,"Ñongatu, mboyke, ñomi, mohemby"
mboyke,Transitive,reservar,"Ñongatu, mboyke, ñomi, mohemby"
ñomi,Transitive,reservar,"Ñongatu, mboyke, ñomi, mohemby"
mohemby,Transitive,reservar,"Ñongatu, mboyke, ñomi, mohemby"
ñangareko,Transitive,resguardar,"Ñangareko, mo’ã"
mo'ã,Transitive,resguardar,"Ñangareko, mo’ã"
iko,Intransitive,residir,"Iko, róga"
róga,Intransitive,residir,"Iko, róga"
jepytaso,Transitive,resistir,"Jepytaso, jy, ñemyatã, pytaso"
jy,Transitive,resistir,"Jepytaso, jy, ñemyatã, pytaso"
ñemyatã,Transitive,resistir,"Jepytaso, jy, ñemyatã, pytaso"
pytaso,Transitive,resistir,"Jepytaso, jy, ñemyatã, pytaso"
pytuhẽ,Intransitive,resollar,"Pytuhẽ, pyambu, ambu"
pyambu,Intransitive,resollar,"Pytuhẽ, pyambu, ambu"
ambu,Intransitive,resollar,"Pytuhẽ, pyambu, ambu"
hyapu,Intransitive,resonar,Hyapu
ambu,Intransitive,resoplar,"Ambu, peju"
peju,Intransitive,resoplar,"Ambu, peju"
pytyvõ,Transitive,respaldar,"Pytyvõ, mboatukupe"
mboatukupe,Transitive,respaldar,"Pytyvõ, mboatukupe"
mboaje,Transitive,respetar,"Mboaje, momorã, jepoyhu,
momba’eguasu, ñakãity, porangareko"
momorã,Transitive,respetar,"Mboaje, momorã, jepoyhu,
momba’eguasu, ñakãity, porangareko"
jepoyhu,Transitive,respetar,"Mboaje, momorã, jepoyhu,
momba’eguasu, ñakãity, porangareko"
momba'eguasu,Transitive,respetar,"Mboaje, momorã, jepoyhu,
momba’eguasu, ñakãity, porangareko"
ñakãity,Transitive,respetar,"Mboaje, momorã, jepoyhu,
momba’eguasu, ñakãity, porangareko"
porangareko,Transitive,respetar,"Mboaje, momorã, jepoyhu,
momba’eguasu, ñakãity, porangareko"
ambu,Intransitive,respirar,"Ambu, pytuhẽ"
pytuhẽ,Intransitive,respirar,"Ambu, pytuhẽ"
mimbi,Intransitive,resplandecer,"Mimbi, vera, hesape"
vera,Intransitive,resplandecer,"Mimbi, vera, hesape"
hesape,Intransitive,resplandecer,"Mimbi, vera, hesape"
mbohovái,Transitive,responder,Mbohovái
mbotiri,Transitive,resquebrajar,Mbotiri
monguera,Transitive,restañar,"Monguera, tuguy mombyta"
mombovy,Transitive,restar,"Mombovy, pe’a. 2. Remby"
pe'a,Transitive,restar,"Mombovy, pe’a. 2. Remby"
myatyrõ,Transitive,restaurar,"Myatyrõ, mbopyahu"
mbopyahu,Transitive,restaurar,"Myatyrõ, mbopyahu"
kyty,Transitive,restregar,"Kyty, pichy"
pichy,Transitive,restregar,"Kyty, pichy"
jopy,Transitive,restringir,"Jopy, momichĩ"
momichĩ,Transitive,restringir,"Jopy, momichĩ"
sẽ,Intransitive,resultar,Sẽ
mombyky,Transitive,resumir,Mombyky
ja'o,Transitive,retar,"Ja’o, mbokavaju, mongavaju, havira"
mbokavaju,Transitive,retar,"Ja’o, mbokavaju, mongavaju, havira"
mongavaju,Transitive,retar,"Ja’o, mbokavaju, mongavaju, havira"
havira,Transitive,retar,"Ja’o, mbokavaju, mongavaju, havira"
mboare,Transitive,retardar,"Mboare, mombegue"
mombegue,Transitive,retardar,"Mboare, mombegue"
ñongatu,Transitive,retener,"Ñongatu, joko"
joko,Transitive,retener,"Ñongatu, joko"
nohẽ,Transitive,retirar,"Nohẽ, pe’a"
pe'a,Transitive,retirar,"Nohẽ, pe’a"
poka,Transitive,retorcer,"Poka, humbiri"
humbiri,Transitive,retorcer,"Poka, humbiri"
jevy,Intransitive,retomar,"Jevy, rojevy, ju jey"
rojevy,Intransitive,retomar,"Jevy, rojevy, ju jey"
saraki,Intransitive,retozar,Saraki
hekýi,Transitive,retraer,Hekýi
mbotakykue,Transitive,retrasar,"Mbotakykue, mbotakykue, mboare"
mboare,Transitive,retrasar,"Mbotakykue, mbotakykue, mboare"
moha'anga,Transitive,retratar,Moha’anga
hepyme'ẽ,Transitive,retribuir,"Hepyme’ẽ, mbyekovia, poepy"
mbyekovia,Transitive,retribuir,"Hepyme’ẽ, mbyekovia, poepy"
poepy,Transitive,retribuir,"Hepyme’ẽ, mbyekovia, poepy"
jevy,Intransitive,retroceder,"Jevy, guevi"
guevi,Intransitive,retroceder,"Jevy, guevi"
mbojevy,Transitive,retrucar,"Mbojevy, ñe’ẽ mbojevy"
hyapu,Intransitive,retumbar,Hyapu
mbyaty,Transitive,reunir,"Mbyaty, mbuaty, mboaty, mono’õ"
mbuaty,Transitive,reunir,"Mbyaty, mbuaty, mboaty, mono’õ"
mboaty,Transitive,reunir,"Mbyaty, mbuaty, mboaty, mono’õ"
mono'õ,Transitive,reunir,"Mbyaty, mbuaty, mboaty, mono’õ"
mimbi,Intransitive,reverberar,"Mimbi, vera"
vera,Intransitive,reverberar,"Mimbi, vera"
ñakãity,Transitive,reverenciar,"Ñakãity, mboaje, mbojerovia,
momba’eguasu"
mboaje,Transitive,reverenciar,"Ñakãity, mboaje, mbojerovia,
momba’eguasu"
mbojerovia,Transitive,reverenciar,"Ñakãity, mboaje, mbojerovia,
momba’eguasu"
momba'eguasu,Transitive,reverenciar,"Ñakãity, mboaje, mbojerovia,
momba’eguasu"
mbojevy,Transitive,revertir,"Mbojevy, moĩ oguývo"
hecha,Transitive,revisar,"Hecha, maña, ma’ẽ, povyvy,
poguyguy"
maña,Transitive,revisar,"Hecha, maña, ma’ẽ, povyvy,
poguyguy"
ma'ẽ,Transitive,revisar,"Hecha, maña, ma’ẽ, povyvy,
poguyguy"
povyvy,Transitive,revisar,"Hecha, maña, ma’ẽ, povyvy,
poguyguy"
poguyguy,Transitive,revisar,"Hecha, maña, ma’ẽ, povyvy,
poguyguy"
mbotove,Transitive,revocar,Mbotove. 2. Mosỹi ogyke
mboapajeréi,Transitive,revolcar,Mboapajeréi
perere,Intransitive,revolotear,"Perere, pipi"
pipi,Intransitive,revolotear,"Perere, pipi"
pyvu,Transitive,revolver,Pyvu
ñembo›e,Transitive,rezar,Ñembo›e
ñe'ẽnguru,Intransitive,rezongar,Ñe’ẽnguru
yga,Intransitive,rezumar,"Yga, guiriri"
guiriri,Intransitive,rezumar,"Yga, guiriri"
mbopukarã,Transitive,ridiculizar,"Mbopukarã, reko pukahárõ"
monda,Transitive,robar,Monda
mombarete,Transitive,robustecer,"Mombarete, moatã"
moatã,Transitive,robustecer,"Mombarete, moatã"
hypýi,Transitive,rociar,"Hypýi, myakỹ, moakỹ, mohe’õ"
myakỹ,Transitive,rociar,"Hypýi, myakỹ, moakỹ, mohe’õ"
moakỹ,Transitive,rociar,"Hypýi, myakỹ, moakỹ, mohe’õ"
mohe'õ,Transitive,rociar,"Hypýi, myakỹ, moakỹ, mohe’õ"
apajere,Intransitive,rodar,"Apajere, jere, apajeréi, japaro"
jere,Intransitive,rodar,"Apajere, jere, apajeréi, japaro"
apajeréi,Intransitive,rodar,"Apajere, jere, apajeréi, japaro"
japaro,Intransitive,rodar,"Apajere, jere, apajeréi, japaro"
mbohokái,Transitive,rodear,"Mbohokái, mbojere, mongora"
mbojere,Transitive,rodear,"Mbohokái, mbojere, mongora"
mongora,Transitive,rodear,"Mbohokái, mbojere, mongora"
ñapi'ũ,Transitive,roer,"Ñapi’ũ, ñapĩ, mindu’u, karãi, popĩ.
194"
ñapĩ,Transitive,roer,"Ñapi’ũ, ñapĩ, mindu’u, karãi, popĩ.
194"
mindu'u,Transitive,roer,"Ñapi’ũ, ñapĩ, mindu’u, karãi, popĩ.
194"
karãi,Transitive,roer,"Ñapi’ũ, ñapĩ, mindu’u, karãi, popĩ.
194"
joka,Transitive,romper,"Joka, mondoro, mondyry, mondoho,
mopẽ, mongu’i, mbo’i, mosãso, mondoso"
mondoro,Transitive,romper,"Joka, mondoro, mondyry, mondoho,
mopẽ, mongu’i, mbo’i, mosãso, mondoso"
mondyry,Transitive,romper,"Joka, mondoro, mondyry, mondoho,
mopẽ, mongu’i, mbo’i, mosãso, mondoso"
mondoho,Transitive,romper,"Joka, mondoro, mondyry, mondoho,
mopẽ, mongu’i, mbo’i, mosãso, mondoso"
mopẽ,Transitive,romper,"Joka, mondoro, mondyry, mondoho,
mopẽ, mongu’i, mbo’i, mosãso, mondoso"
mongu'i,Transitive,romper,"Joka, mondoro, mondyry, mondoho,
mopẽ, mongu’i, mbo’i, mosãso, mondoso"
mbo'i,Transitive,romper,"Joka, mondoro, mondyry, mondoho,
mopẽ, mongu’i, mbo’i, mosãso, mondoso"
mosãso,Transitive,romper,"Joka, mondoro, mondyry, mondoho,
mopẽ, mongu’i, mbo’i, mosãso, mondoso"
mondoso,Transitive,romper,"Joka, mondoro, mondyry, mondoho,
mopẽ, mongu’i, mbo’i, mosãso, mondoso"
kororõ,Intransitive,roncar,Kororõ
jere,Intransitive,rondar,Jere
yvyjo'o,Transitive,roturar,"Yvyjo’o, yvy mondoro"
ka'api,Transitive,rozar,"Ka’api, kytĩ yvyra. 2. Havere, ñopũ,
mopysykuãi"
motĩ,Transitive,ruborizar,"Motĩ, mbohovapytã"
mbohovapytã,Transitive,ruborizar,"Motĩ, mbohovapytã"
kororõ,Intransitive,rugir,"Kororõ, mburea, py’ambu"
mburea,Intransitive,rugir,"Kororõ, mburea, py’ambu"
py'ambu,Intransitive,rugir,"Kororõ, mburea, py’ambu"
hapereka,Intransitive,rumbear,Hapereka
ñamindu'u,Intransitive,rumiar,"Ñamindu’u, mindu’u"
mindu'u,Intransitive,rumiar,"Ñamindu’u, mindu’u"
ñe'ẽ,Intransitive,rumorear,"Ñe’ẽ, moherakuã"
moherakuã,Intransitive,rumorear,"Ñe’ẽ, moherakuã"
kuaha,Transitive,saber,"Kuaha,
pokuaha"
pokuaha,Transitive,saber,"Kuaha,
pokuaha"
ha'ã,Transitive,saborear,"Ha’ã, kumby"
kumby,Transitive,saborear,"Ha’ã, kumby"
nohẽ,Transitive,sacar,"Nohẽ, pe’a, hekýi, jara, kua, ‘o"
pe'a,Transitive,sacar,"Nohẽ, pe’a, hekýi, jara, kua, ‘o"
hekýi,Transitive,sacar,"Nohẽ, pe’a, hekýi, jara, kua, ‘o"
jara,Transitive,sacar,"Nohẽ, pe’a, hekýi, jara, kua, ‘o"
kua,Transitive,sacar,"Nohẽ, pe’a, hekýi, jara, kua, ‘o"
‘o,Transitive,sacar,"Nohẽ, pe’a, hekýi, jara, kua, ‘o"
mohyguatã,Transitive,saciar,"Mohyguatã, moangapyhy, mbyaju"
moangapyhy,Transitive,saciar,"Mohyguatã, moangapyhy, mbyaju"
mbyaju,Transitive,saciar,"Mohyguatã, moangapyhy, mbyaju"
juka,Transitive,sacrificar,"Juka, kuave’ẽ"
kuave'ẽ,Transitive,sacrificar,"Juka, kuave’ẽ"
tyvyro,Transitive,sacudir,Tyvyro
motimbo,Transitive,sahumar,"Motimbo, mohakuã, mohyakua"
mohakuã,Transitive,sahumar,"Motimbo, mohakuã, mohyakua"
mohyakua,Transitive,sahumar,"Motimbo, mohakuã, mohyakua"
mohe'ẽ,Transitive,salar,"Mohe’ẽ, mbojuky"
mbojuky,Transitive,salar,"Mohe’ẽ, mbojuky"
sẽ,Intransitive,salir,Sẽ
ndyvu,Intransitive,salivar,Ndyvu
hypýi,Transitive,salpicar,Hypýi
po,Intransitive,saltar,"Po, popo"
popo,Intransitive,saltar,"Po, popo"
momaitei,Transitive,saludar,Momaitei
pysyrõ,Transitive,salvar,"Pysyrõ, pytyvõ"
pytyvõ,Transitive,salvar,"Pysyrõ, pytyvõ"
mohesãi,Transitive,sanar,"Mohesãi,
monguera, pohano"
monguera,Transitive,sanar,"Mohesãi,
monguera, pohano"
pohano,Transitive,sanar,"Mohesãi,
monguera, pohano"
momimói,Transitive,sancochar,"Momimói, mímói, mbopupu"
mímói,Transitive,sancochar,"Momimói, mímói, mbopupu"
mbopupu,Transitive,sancochar,"Momimói, mímói, mbopupu"
mopotĩ,Transitive,sanear,"Mopotĩ, mohesãi"
mohesãi,Transitive,sanear,"Mopotĩ, mohesãi"
ruguy,Intransitive,sangrar,Ruguy
mbohuguy,Transitive,sangrar,Mbohuguy
momarangatu,Transitive,santificar,Momarangatu
monda,Transitive,saquear,"Monda, pe’a mba’e kuéra mbaretépe"
mbovy'a,Transitive,satisfacer,"Mbovy’a, moangapyhy. 2.
Mbohyguatã. 3. Ñyrõ, hepyme’ẽ"
moangapyhy,Transitive,satisfacer,"Mbovy’a, moangapyhy. 2.
Mbohyguatã. 3. Ñyrõ, hepyme’ẽ"
mohyvatã,Transitive,saturar,"Mohyvatã, morenyhẽ, monguerái. 2.
pml. Hyvatã, kuerái, renyhẽ"
morenyhẽ,Transitive,saturar,"Mohyvatã, morenyhẽ, monguerái. 2.
pml. Hyvatã, kuerái, renyhẽ"
monguerái,Transitive,saturar,"Mohyvatã, morenyhẽ, monguerái. 2.
pml. Hyvatã, kuerái, renyhẽ"
motyarõ,Transitive,sazonar,"Motyarõ, mbohe, mboaju"
mbohe,Transitive,sazonar,"Motyarõ, mbohe, mboaju"
mboaju,Transitive,sazonar,"Motyarõ, mbohe, mboaju"
mokã,Transitive,secar,"Mokã, mbohypa, mboypi, mboypa,
mbopiru"
mbohypa,Transitive,secar,"Mokã, mbohypa, mboypi, mboypa,
mbopiru"
mboypi,Transitive,secar,"Mokã, mbohypa, mboypi, mboypa,
mbopiru"
mboypa,Transitive,secar,"Mokã, mbohypa, mboypi, mboypa,
mbopiru"
mbopiru,Transitive,secar,"Mokã, mbohypa, mboypi, mboypa,
mbopiru"
mbovo,Transitive,seccionar,"Mbovo, pehẽ’ã, mboja’o, kytĩ"
pehẽ'ã,Transitive,seccionar,"Mbovo, pehẽ’ã, mboja’o, kytĩ"
mboja'o,Transitive,seccionar,"Mbovo, pehẽ’ã, mboja’o, kytĩ"
kytĩ,Transitive,seccionar,"Mbovo, pehẽ’ã, mboja’o, kytĩ"
mokañy,Transitive,secuestrar,"Mokañy, pe’a, raha mbaretépe,
ñomi"
pe'a,Transitive,secuestrar,"Mokañy, pe’a, raha mbaretépe,
ñomi"
ñomi,Transitive,secuestrar,"Mokañy, pe’a, raha mbaretépe,
ñomi"
pytyvõ,Transitive,secundar,"Pytyvõ, mbojoapy"
mbojoapy,Transitive,secundar,"Pytyvõ, mbojoapy"
mombytu'u,Transitive,sedar,"Mombytu’u, mbopy’aguapy"
mbopy'aguapy,Transitive,sedar,"Mombytu’u, mbopy’aguapy"
mbotavy,Transitive,seducir,"Mbotavy, py’areraha, rairõ"
py'areraha,Transitive,seducir,"Mbotavy, py’areraha, rairõ"
rairõ,Transitive,seducir,"Mbotavy, py’areraha, rairõ"
kopi,Transitive,segar,"Kopi, kytĩ"
kytĩ,Transitive,segar,"Kopi, kytĩ"
ho'ẽ,Transitive,segregar,"Ho’ẽ, he’õ"
he'õ,Transitive,segregar,"Ho’ẽ, he’õ"
poi'ỹ,Intransitive,seguir,Poi’ỹ
moña,Transitive,seguir,"Moña, ha (ho) hapykuéri"
poravo,Transitive,seleccionar,Poravo
ñotỹ,Transitive,sembrar,"Ñotỹ, ñemity"
ñemity,Transitive,sembrar,"Ñotỹ, ñemity"
mboguapy,Transitive,sentar,Mboguapy
mbohepy,Transitive,sentenciar,"Mbohepy, mohenda"
mohenda,Transitive,sentenciar,"Mbohepy, mohenda"
andu,Transitive,sentir,"Andu, ñandu, rasy, mbyasy, ñembуasy"
ñandu,Transitive,sentir,"Andu, ñandu, rasy, mbyasy, ñembуasy"
rasy,Transitive,sentir,"Andu, ñandu, rasy, mbyasy, ñembуasy"
mbyasy,Transitive,sentir,"Andu, ñandu, rasy, mbyasy, ñembуasy"
ñembуasy,Transitive,sentir,"Andu, ñandu, rasy, mbyasy, ñembуasy"
hechaka,Transitive,señalar,"Hechaka, mombe’u"
mombe'u,Transitive,señalar,"Hechaka, mombe’u"
mbojei,Transitive,separar,"Mbojei, mboyke, pe’a, mboja’o, peka"
mboyke,Transitive,separar,"Mbojei, mboyke, pe’a, mboja’o, peka"
pe'a,Transitive,separar,"Mbojei, mboyke, pe’a, mboja’o, peka"
mboja'o,Transitive,separar,"Mbojei, mboyke, pe’a, mboja’o, peka"
peka,Transitive,separar,"Mbojei, mboyke, pe’a, mboja’o, peka"
ñotỹ,Transitive,sepultar,Ñotỹ
ha'e,Intransitive,ser,Ha’e
mbopy'aguapy,Transitive,serenar,Mbopy’aguapy
ñemoñe'ẽ,Transitive,sermonear,"Ñemoñe’ẽ, mbokavaju,
mongavaju"
mbokavaju,Transitive,sermonear,"Ñemoñe’ẽ, mbokavaju,
mongavaju"
mongavaju,Transitive,sermonear,"Ñemoñe’ẽ, mbokavaju,
mongavaju"
‘ese,Transitive,significar,‘Ese
mokirirĩ,Transitive,silenciar,Mokirirĩ
ruguy,Intransitive,simpatizar,"Ruguy, ja’e, ñemoirũ"
ja'e,Intransitive,simpatizar,"Ruguy, ja’e, ñemoirũ"
ñemoirũ,Intransitive,simpatizar,"Ruguy, ja’e, ñemoirũ"
ha'ã,Transitive,simular,"Ha’ã, jejapo"
jejapo,Transitive,simular,"Ha’ã, jejapo"
mombyky,Transitive,sintetizar,Mombyky
mbojoja,Transitive,sintonizar,Mbojoja
mboysýi,Transitive,sistematizar,Mboysýi
mongora,Transitive,sitiar,Mongora
moi,Transitive,situar,"Moi, mohenda"
mohenda,Transitive,situar,"Moi, mohenda"
pichy,Transitive,sobar,Pichy
remby,Intransitive,sobrar,Remby
mbopohyive,Transitive,sobrecargar,Mbopohyive
vevúi,Intransitive,sobrenadar,Vevúi
pu'akave,Transitive,sobrepasar,"Pu’akave, hasa"
hasa,Transitive,sobrepasar,"Pu’akave, hasa"
hasa,Intransitive,sobresalir,"Hasa. 2. Pu’akave, jekuahave"
jehu,Intransitive,sobrevenir,Jehu
ikove,Intransitive,sobrevivir,"Ikove, jepe’a manógui"
mbojoja,Transitive,socializar,"Mbojoja, ñomoirũ"
ñomoirũ,Transitive,socializar,"Mbojoja, ñomoirũ"
pysyrõ,Transitive,socorrer,"Pysyrõ, pytyvõ"
pytyvõ,Transitive,socorrer,"Pysyrõ, pytyvõ"
mbogue,Transitive,sofocar,"Mbogue, pytujoko"
pytujoko,Transitive,sofocar,"Mbogue, pytujoko"
mboja,Transitive,soldar,"Mboja, mbojoapy"
mbojoapy,Transitive,soldar,"Mboja, mbojoapy"
mbokuarahy,Transitive,solear,"Mbokuarahy, monguarahy"
monguarahy,Transitive,solear,"Mbokuarahy, monguarahy"
va,Transitive,soler,Va
jerure,Transitive,solicitar,Jerure
mohatã,Transitive,solidificar,"Mohatã, myatã"
myatã,Transitive,solidificar,"Mohatã, myatã"
jahe'o,Intransitive,sollozar,Jahe’o
mondoho,Transitive,soltar,"Mondoho, poi, jora. 2. pml. Jera, so,
kúi, kukui, jepoí"
poi,Transitive,soltar,"Mondoho, poi, jora. 2. pml. Jera, so,
kúi, kukui, jepoí"
jora,Transitive,soltar,"Mondoho, poi, jora. 2. pml. Jera, so,
kúi, kukui, jepoí"
mo'ã,Transitive,sombrear,"Mo’ã, mokuarahy’ã"
mokuarahy'ã,Transitive,sombrear,"Mo’ã, mokuarahy’ã"
jopy,Transitive,someter,"Jopy, moĩ poguýpe"
mbopu,Transitive,sonar,"Mbopu, pu, hyapu"
pu,Transitive,sonar,"Mbopu, pu, hyapu"
hyapu,Transitive,sonar,"Mbopu, pu, hyapu"
pukavy,Intransitive,sonreír,Pukavy
motĩ,Transitive,sonrojar,"Motĩ, mbohovapytã"
mbohovapytã,Transitive,sonrojar,"Motĩ, mbohovapytã"
kerai,Intransitive,soñar,Kerai
ha'ã,Transitive,sopesar,"Ha’ã, ha’ã pohyikue. 2.
Jepy’amongeta"
peju,Transitive,soplar,Peju
joko,Transitive,soportar,"Joko, jejoko, mokõ, rokirirĩ, su’u"
jejoko,Transitive,soportar,"Joko, jejoko, mokõ, rokirirĩ, su’u"
mokõ,Transitive,soportar,"Joko, jejoko, mokõ, rokirirĩ, su’u"
rokirirĩ,Transitive,soportar,"Joko, jejoko, mokõ, rokirirĩ, su’u"
su'u,Transitive,soportar,"Joko, jejoko, mokõ, rokirirĩ, su’u"
kambu,Transitive,sorber,"Kambu, pyte, syryku, mokõ, y’u"
pyte,Transitive,sorber,"Kambu, pyte, syryku, mokõ, y’u"
syryku,Transitive,sorber,"Kambu, pyte, syryku, mokõ, y’u"
mokõ,Transitive,sorber,"Kambu, pyte, syryku, mokõ, y’u"
y'u,Transitive,sorber,"Kambu, pyte, syryku, mokõ, y’u"
mopy'andýi,Transitive,sorprender,"Mopy’andýi, mbojuruja, mondýi"
mbojuruja,Transitive,sorprender,"Mopy’andýi, mbojuruja, mondýi"
mondýi,Transitive,sorprender,"Mopy’andýi, mbojuruja, mondýi"
mbopo'areka,Transitive,sortear,"Mbopo’areka, mbojarareka. 2.
Jehekýi"
mbojarareka,Transitive,sortear,"Mbopo’areka, mbojarareka. 2.
Jehekýi"
mboputu'ũ,Transitive,sosegar,"Mboputu’ũ, mbopy’aguapy, mokirirĩ.
2. pml. Pytu’u"
mbopy'aguapy,Transitive,sosegar,"Mboputu’ũ, mbopy’aguapy, mokirirĩ.
2. pml. Pytu’u"
mboyke,Transitive,soslayar,Mboyke
jepoyhu,Transitive,sospechar,"Jepoyhu, hetũ, imo’ã"
hetũ,Transitive,sospechar,"Jepoyhu, hetũ, imo’ã"
imo'ã,Transitive,sospechar,"Jepoyhu, hetũ, imo’ã"
joko,Transitive,sostener,Joko
mohu'ũ,Transitive,suavizar,"Mohu’ũ, mosỹi"
mosỹi,Transitive,suavizar,"Mohu’ũ, mosỹi"
moñeko'õi,Transitive,sublevar,"Moñeko’õi, mopu’ã"
mopu'ã,Transitive,sublevar,"Moñeko’õi, mopu’ã"
mbotuicha,Transitive,sublimar,"Mbotuicha, mboyvate"
mboyvate,Transitive,sublimar,"Mbotuicha, mboyvate"
mbopoguy,Transitive,subordinar,Mbopoguy
myatyrõ,Transitive,subsanar,"Myatyrõ, pohano"
pohano,Transitive,subsanar,"Myatyrõ, pohano"
ikove,Intransitive,subsistir,"Ikove, pytave"
pytave,Intransitive,subsistir,"Ikove, pytave"
jopy,Transitive,subyugar,"Jopy, mbopoguy"
mbopoguy,Transitive,subyugar,"Jopy, mbopoguy"
kambu,Transitive,succionar,"Kambu, pyte"
pyte,Transitive,succionar,"Kambu, pyte"
jehu,Transitive,suceder,"Jehu, iko. 2. Mbuekovia, mbyekovia,
myengovia"
iko,Transitive,suceder,"Jehu, iko. 2. Mbuekovia, mbyekovia,
myengovia"
mano,Intransitive,sucumbir,"Mano, pa, poti, pytupa, jehekýi"
pa,Intransitive,sucumbir,"Mano, pa, poti, pytupa, jehekýi"
poti,Intransitive,sucumbir,"Mano, pa, poti, pytupa, jehekýi"
pytupa,Intransitive,sucumbir,"Mano, pa, poti, pytupa, jehekýi"
jehekýi,Intransitive,sucumbir,"Mano, pa, poti, pytupa, jehekýi"
ry'ái,Intransitive,sudar,Ry’ái
rasy,Intransitive,sufrir,"Rasy, hasa asy, jepy’apy, su’u mokõ"
jepy'apy,Intransitive,sufrir,"Rasy, hasa asy, jepy’apy, su’u mokõ"
joko,Transitive,sujetar,"Joko, jopy, mombyta, jokua,
mbopoguy, jatyka"
jopy,Transitive,sujetar,"Joko, jopy, mombyta, jokua,
mbopoguy, jatyka"
mombyta,Transitive,sujetar,"Joko, jopy, mombyta, jokua,
mbopoguy, jatyka"
jokua,Transitive,sujetar,"Joko, jopy, mombyta, jokua,
mbopoguy, jatyka"
mbopoguy,Transitive,sujetar,"Joko, jopy, mombyta, jokua,
mbopoguy, jatyka"
jatyka,Transitive,sujetar,"Joko, jopy, mombyta, jokua,
mbopoguy, jatyka"
papa,Transitive,sumar,Papa
moñapymi,Transitive,sumergir,"Moñapymi, mboguy. 2. Ñapymi,
guy"
mboguy,Transitive,sumergir,"Moñapymi, mboguy. 2. Ñapymi,
guy"
pu'akave,Transitive,superar,"Pu’akave, hasa"
hasa,Transitive,superar,"Pu’akave, hasa"
jo'a,Transitive,superponer,Jo’a
jerure,Transitive,suplicar,"Jerure, jerure asy"
imo'ã,Transitive,suponer,"Imo’ã, pipo, nipo"
pipo,Transitive,suponer,"Imo’ã, pipo, nipo"
nipo,Transitive,suponer,"Imo’ã, pipo, nipo"
pe'a,Transitive,suprimir,"Pe’a, mbopaha"
mbopaha,Transitive,suprimir,"Pe’a, mbopaha"
joko,Transitive,suspender,"Joko, mombyta.
suspirar. intr, Aho, py’aho"
myengovia,Transitive,sustituir,"Myengovia, mbuekovia, mbohekovia,
pyru"
mbuekovia,Transitive,sustituir,"Myengovia, mbuekovia, mbohekovia,
pyru"
mbohekovia,Transitive,sustituir,"Myengovia, mbuekovia, mbohekovia,
pyru"
pyru,Transitive,sustituir,"Myengovia, mbuekovia, mbohekovia,
pyru"
monda,Transitive,sustraer,"Monda, pe’a, nohẽ, javyky"
pe'a,Transitive,sustraer,"Monda, pe’a, nohẽ, javyky"
nohẽ,Transitive,sustraer,"Monda, pe’a, nohẽ, javyky"
javyky,Transitive,sustraer,"Monda, pe’a, nohẽ, javyky"
mbovyvy,Transitive,suturar,Mbovyvy
mboje'o,Transitive,tachar,"Mboje’o, hai ári"
pehẽ'a,Transitive,tajar,"Pehẽ’a, kytĩ, mboja’o, mbovo, mbo’ĩ"
kytĩ,Transitive,tajar,"Pehẽ’a, kytĩ, mboja’o, mbovo, mbo’ĩ"
mboja'o,Transitive,tajar,"Pehẽ’a, kytĩ, mboja’o, mbovo, mbo’ĩ"
mbovo,Transitive,tajar,"Pehẽ’a, kytĩ, mboja’o, mbovo, mbo’ĩ"
mbo'ĩ,Transitive,tajar,"Pehẽ’a, kytĩ, mboja’o, mbovo, mbo’ĩ"
mbokua,Transitive,taladrar,Mbokua
mbovava,Transitive,tambalear,"Mbovava, mongu’e"
mongu'e,Transitive,tambalear,"Mbovava, mongu’e"
pu,Intransitive,tañer,Pu
pyso,Transitive,tender,"Pyso, myasãi"
myasãi,Transitive,tender,"Pyso, myasãi"
reko,Transitive,tener,"Reko, guereko"
guereko,Transitive,tener,"Reko, guereko"
ryrýi,Intransitive,tiritar,Ryrýi
poko,Intransitive,tocar,Poko
hechakuaha,Transitive,tolerar,Hechakuaha
pyhy,Transitive,tomar,Pyhy
mba'apo,Intransitive,trabajar,Mba’apo
gueru,Transitive,traer,Gueru
mokõ,Transitive,tragar,Mokõ
mbopy'aguapy,Transitive,tranquilizar,Mbopy’aguapy
moambue,Transitive,transformar,Moambue
momarandu,Transitive,transmitir,Momarandu
mohesakã,Transitive,transparentar,Mohesakã
ry'ái,Intransitive,transpirar,Ry’ái
ñapi,Transitive,trasquilar,"Ñapi, hague’o"
hague'o,Transitive,trasquilar,"Ñapi, hague’o"
mbo'i,Transitive,triturar,"Mbo’i, mongu’i, joso"
mongu'i,Transitive,triturar,"Mbo’i, mongu’i, joso"
joso,Transitive,triturar,"Mbo’i, mongu’i, joso"
ñepysanga,Intransitive,tropezar,Ñepysanga
jokua,Transitive,uncir,"Jokua, ñapytĩ"
ñapytĩ,Transitive,uncir,"Jokua, ñapytĩ"
moñandy,Transitive,ungir,"Moñandy, mongarai"
mongarai,Transitive,ungir,"Moñandy, mongarai"
mbojoaju,Transitive,unificar,"Mbojoaju, mbojoapy, mopeteĩ"
mbojoapy,Transitive,unificar,"Mbojoaju, mbojoapy, mopeteĩ"
mopeteĩ,Transitive,unificar,"Mbojoaju, mbojoapy, mopeteĩ"
mbojoja,Transitive,uniformar,"Mbojoja, joja, mopeteĩ, mboaojoja"
joja,Transitive,uniformar,"Mbojoja, joja, mopeteĩ, mboaojoja"
mopeteĩ,Transitive,uniformar,"Mbojoja, joja, mopeteĩ, mboaojoja"
mboaojoja,Transitive,uniformar,"Mbojoja, joja, mopeteĩ, mboaojoja"
mbojoaju,Transitive,unir,"Mbojoaju, mbojoapy, mopeteĩ, mbojoja,
ñope"
mbojoapy,Transitive,unir,"Mbojoaju, mbojoapy, mopeteĩ, mbojoja,
ñope"
mopeteĩ,Transitive,unir,"Mbojoaju, mbojoapy, mopeteĩ, mbojoja,
ñope"
mbojoja,Transitive,unir,"Mbojoaju, mbojoapy, mopeteĩ, mbojoja,
ñope"
ñope,Transitive,unir,"Mbojoaju, mbojoapy, mopeteĩ, mbojoja,
ñope"
mohenda,Transitive,ubicar,"Mohenda, juhu. 2. Prnl. Iko, ime,
ñemohenda, pyta"
juhu,Transitive,ubicar,"Mohenda, juhu. 2. Prnl. Iko, ime,
ñemohenda, pyta"
mboai,Transitive,ulcerar,"Mboai, mbyai"
mbyai,Transitive,ulcerar,"Mboai, mbyai"
mbopaha,Transitive,ultimar,"Mbopaha, japopa, momba, juka.
último, ma. Pahague, paha, pahare.
ultra. pref. Rasa, iterei, eterei, mboypýri"
japopa,Transitive,ultimar,"Mbopaha, japopa, momba, juka.
último, ma. Pahague, paha, pahare.
ultra. pref. Rasa, iterei, eterei, mboypýri"
momba,Transitive,ultimar,"Mbopaha, japopa, momba, juka.
último, ma. Pahague, paha, pahare.
ultra. pref. Rasa, iterei, eterei, mboypýri"
ma,Transitive,ultimar,"Mbopaha, japopa, momba, juka.
último, ma. Pahague, paha, pahare.
ultra. pref. Rasa, iterei, eterei, mboypýri"
rairõ,Transitive,ultrajar,"Rairõ, momarã, royrõ, já’o, jahéi"
momarã,Transitive,ultrajar,"Rairõ, momarã, royrõ, já’o, jahéi"
royrõ,Transitive,ultrajar,"Rairõ, momarã, royrõ, já’o, jahéi"
já'o,Transitive,ultrajar,"Rairõ, momarã, royrõ, já’o, jahéi"
jahéi,Transitive,ultrajar,"Rairõ, momarã, royrõ, já’o, jahéi"
hasẽ,Intransitive,ulular,"Hasẽ, pyahẽ, guahu.
207"
pyahẽ,Intransitive,ulular,"Hasẽ, pyahẽ, guahu.
207"
mopavẽ,Transitive,universalizar,Mopavẽ
mona,Transitive,untar,"Mona, moñandy, pichy"
moñandy,Transitive,untar,"Mona, moñandy, pichy"
pichy,Transitive,untar,"Mona, moñandy, pichy"
moragẽ,Transitive,urgir,"Moragẽ, mbopya’e"
mbopya'e,Transitive,urgir,"Moragẽ, mbopya’e"
puru,Transitive,usar,"Puru, poru"
poru,Transitive,usar,"Puru, poru"
poru,Transitive,usufructuar,"Poru, puru"
puru,Transitive,usufructuar,"Poru, puru"
ñemomba'e,Transitive,usurpar,"Ñemomba’e, ñembojára, monda,
pe’a"
ñembojára,Transitive,usurpar,"Ñemomba’e, ñembojára, monda,
pe’a"
monda,Transitive,usurpar,"Ñemomba’e, ñembojára, monda,
pe’a"
pe'a,Transitive,usurpar,"Ñemomba’e, ñembojára, monda,
pe’a"
poru,Transitive,utilizar,"Poru, puru"
puru,Transitive,utilizar,"Poru, puru"
monandi,Transitive,vaciar,"Monandi, ñohe, hekuavo"
ñohe,Transitive,vaciar,"Monandi, ñohe, hekuavo"
hekuavo,Transitive,vaciar,"Monandi, ñohe, hekuavo"
vava,Intransitive,vacilar,"Vava, ku’e"
ku'e,Intransitive,vacilar,"Vava, ku’e"
hasymombia,Transitive,vacunar,"Hasymombia, pohano ani ñanderasy"
tavahu,Intransitive,vagabundear,"Tavahu, iko rei, kundaha"
kundaha,Intransitive,vagabundear,"Tavahu, iko rei, kundaha"
tavahu,Intransitive,vagar,"Tavahu, iko rei, kundaha"
kundaha,Intransitive,vagar,"Tavahu, iko rei, kundaha"
momba'eguasu,Transitive,valorar,"Momba’eguasu, mbohepy"
mbohepy,Transitive,valorar,"Momba’eguasu, mbohepy"
motimbo,Transitive,vaporizar,Motimbo
nupã,Transitive,vapulear,"Nupã, kaguai"
kaguai,Transitive,vapulear,"Nupã, kaguai"
va,Intransitive,variar,"Va, koe, joavy, ñemoambue"
koe,Intransitive,variar,"Va, koe, joavy, ñemoambue"
joavy,Intransitive,variar,"Va, koe, joavy, ñemoambue"
ñemoambue,Intransitive,variar,"Va, koe, joavy, ñemoambue"
moambue,Transitive,variar,"Moambue, mbojoavy, moingoe"
mbojoavy,Transitive,variar,"Moambue, mbojoavy, moingoe"
moingoe,Transitive,variar,"Moambue, mbojoavy, moingoe"
ha'uvõ,Transitive,vaticinar,Ha’uvõ
pu'ãka,Intransitive,vencer,"Pu’ãka, sẽ"
sẽ,Intransitive,vencer,"Pu’ãka, sẽ"
pyrũ,Transitive,vencer,"Pyrũ, mboyke"
mboyke,Transitive,vencer,"Pyrũ, mboyke"
jokua,Transitive,vendar,"Jokua, ñapytĩ"
ñapytĩ,Transitive,vendar,"Jokua, ñapytĩ"
ñemu,Transitive,vender,Ñemu
jehepy,Transitive,vengar,"y prnl Jepy, jehepy"
ju,Intransitive,venir,Ju
peju,Transitive,ventilar,"Peju, mboyvytu"
mboyvytu,Transitive,ventilar,"Peju, mboyvytu"
ñohẽ,Transitive,verter,Ñohẽ
monde,Transitive,vestir,"Monde, mboao"
mboao,Transitive,vestir,"Monde, mboao"
guata,Intransitive,viajar,"Guata, ho mombyry"
ryrýi,Intransitive,vibrar,"Ryrýi, sysýi, tytýi, vava, pu.
vice. pref. Tekovia"
sysýi,Intransitive,vibrar,"Ryrýi, sysýi, tytýi, vava, pu.
vice. pref. Tekovia"
tytýi,Intransitive,vibrar,"Ryrýi, sysýi, tytýi, vava, pu.
vice. pref. Tekovia"
vava,Intransitive,vibrar,"Ryrýi, sysýi, tytýi, vava, pu.
vice. pref. Tekovia"
mbyai,Transitive,viciar,"Mbyai, momarã, haru, mongy’a"
momarã,Transitive,viciar,"Mbyai, momarã, haru, mongy’a"
haru,Transitive,viciar,"Mbyai, momarã, haru, mongy’a"
mongy'a,Transitive,viciar,"Mbyai, momarã, haru, mongy’a"
mombarete,Transitive,vigorizar,Mombarete
jahéi,Transitive,vilipendiar,"Jahéi, royrõ, mboherakuã aigue"
royrõ,Transitive,vilipendiar,"Jahéi, royrõ, mboherakuã aigue"
ñapytĩ,Transitive,vincular,"Ñapytĩ, mbojoaju"
mbojoaju,Transitive,vincular,"Ñapytĩ, mbojoaju"
rairõ,Transitive,violentar,"Rairõ, jasuru"
jasuru,Transitive,violentar,"Rairõ, jasuru"
jere,Intransitive,virar,"Jere, pia"
pia,Intransitive,virar,"Jere, pia"
ñandu,Transitive,visitar,"Ñandu, poandu"
poandu,Transitive,visitar,"Ñandu, poandu"
hechavy,Transitive,vislumbrar,"Hechavy, hecha vai vai"
rosapukái,Transitive,vitorear,"Rosapukái, rohory"
rohory,Transitive,vitorear,"Rosapukái, rohory"
moingove,Transitive,vivificar,"Moingove, mbohetia’e"
mbohetia'e,Transitive,vivificar,"Moingove, mbohetia’e"
iko,Intransitive,vivir,"Iko, ikove"
ikove,Intransitive,vivir,"Iko, ikove"
sapukái,Intransitive,vocear,"Sapukái, henói hatã"
sapukái,Intransitive,vociferar,"Sapukái, ñe’ẽ pochy"
veve,Intransitive,volar,Veve
mbovapy,Transitive,voltear,Mbovapy
jere,Intransitive,volver,"Jere, jevy, ju jey"
jevy,Intransitive,volver,"Jere, jevy, ju jey"
ñeno,Intransitive,yacer,Ñeno
mbopohéi,Transitive,yuxtaponer,"Mbopohéi, moĩ oñondive,
joykemoĩ"
joykemoĩ,Transitive,yuxtaponer,"Mbopohéi, moĩ oñondive,
joykemoĩ"
jei,Intransitive,zafar,"Jei, hekýi, jora, poi, mbogua. 2. pernl.
Jahekýi, ñembogua, piã"
hekýi,Intransitive,zafar,"Jei, hekýi, jora, poi, mbogua. 2. pernl.
Jahekýi, ñembogua, piã"
jora,Intransitive,zafar,"Jei, hekýi, jora, poi, mbogua. 2. pernl.
Jahekýi, ñembogua, piã"
poi,Intransitive,zafar,"Jei, hekýi, jora, poi, mbogua. 2. pernl.
Jahekýi, ñembogua, piã"
mbogua,Intransitive,zafar,"Jei, hekýi, jora, poi, mbogua. 2. pernl.
Jahekýi, ñembogua, piã"
tyvyro,Transitive,zamarrear,Tyvyro
mbogua,Transitive,zarandear,"Mbogua, tyvyro"
tyvyro,Transitive,zarandear,"Mbogua, tyvyro"
ñapymi,Intransitive,zozobrar,"Ñapymi, ho yga yguýpe"
hyapu,Intransitive,zumbar,"Hyapu, sunu"
sunu,Intransitive,zumbar,"Hyapu, sunu"
mbohape,Transitive,zurcar,Mbohape
pyaha,Transitive,zurcir,"Pyaha, mbovyvy"
mbovyvy,Transitive,zurcir,"Pyaha, mbovyvy"
