lemma_id,word,primary_pos,verb_class,transitivity,is_irregular,irregular_lemma,root_class,gender,orality,human,flags,raw_pos,spanish_gloss
L000000,ã,adj,,,,,,,Nasal,,,adj.,
L000001,'a,noun,,,,,Uniform,GendNone,Oral,,,s.,
L000002,'ã,noun,,,,,Uniform,GendNone,Nasal,,,s.,
L000003,ache,noun,,,,,Uniform,GendNone,Oral,,,s.,
L000004,achegety,noun,,,,,Uniform,GendNone,Oral,,,neol.|s.,
L000005,ae,adj,,,,,,,Oral,,,adj.|adv.,
L000005,ae,adv,,,,,,,Oral,,,adj.|adv.,
L000006,ãga,adv,,,,,,,Nasal,,,adv.,
L000007,ãgagua,adj,,,,,,,Nasal,,,adj.,
L000008,ãgaite,adv,,,,,,,Nasal,,,adv.,
L000009,ãgave,adv,,,,,,,Nasal,,,adv.,
L000010,ãge,adv,,,,,,,Nasal,,,adv.,
L000011,ágotyo,adv,,,,,,,Oral,,,adv.,
L000012,aguai,noun,,,,,Uniform,GendNone,Oral,,,s.,
L000013,aguape,noun,,,,,Uniform,GendNone,Oral,,,s.,
L000014,aguapeaso,noun,,,,,Uniform,GendNone,Oral,,,s.,
L000015,aguara,adj,,,,,,,Oral,,,adj.|s.,
L000015,aguara,noun,,,,,Uniform,GendNone,Oral,,,adj.|s.,
L000016,aguĩ,adv,,,,,,,Nasal,,,adv.,
L000017,águi,adv,,,,,,,Oral,,,adv.,
L000018,aguĩgua,adj,,,,,,,Nasal,,CHECK_NASAL_COMPOUND,adj.,
L000019,águio,adv,,,,,,,Oral,,,adv.,
L000020,aguive,adv,,,,,,,Oral,,,adv.,
L000021,aguyje,exp,,,,,,,Oral,,,exp.,
L000022,aha,verb,Irregular,,true,Irreg_Ho,,,Oral,,CONJUGATED_FORM_OF_Ho_1sg,v.,
L000023,ahẽ,adj,,,,,,,Nasal,,,adj.|s.,
L000023,ahẽ,noun,,,,,Uniform,GendNone,Nasal,,,adj.|s.,
L000024,ãho,noun,,,,,Uniform,GendNone,Nasal,,,s.|v. atr.,
L000024,ãho,verb,Chendal,Transitive,false,,,,Nasal,,CHECK_TRANSITIVITY,s.|v. atr.,añorar
L000025,ahoja,noun,,,,,Uniform,GendNone,Oral,,,s.,
L000026,ahy'o,noun,,,,,Uniform,GendNone,Oral,,,s.,
L000027,ahy'ojere,verb,Chendal,,false,,,,Oral,,CHECK_TRANSITIVITY,v. atr.,
L000028,ahy'opa'ã,verb,Chendal,,false,,,,Nasal,,CHECK_TRANSITIVITY,v. atr.,
L000029,ahy'otĩ,noun,,,,,Uniform,GendNone,Nasal,,,s.,
L000030,ai,noun,,,,,Uniform,GendNone,Oral,,,s.,
L000031,ãicha,adv,,,,,,,Nasal,,,adv.,
L000032,aigue,adj,,,,,,,Oral,,,adj.,
L000033,aiguy'i,noun,,,,,Uniform,GendNone,Oral,,,s.,
L000034,aipo,adj,,,,,,,Oral,,,adj.,
L000035,aipórõ,conj,,,,,,,Nasal,,,conj.,
L000036,aipóva,pron,,,,,,,Oral,,,pron. dem.,
L000036,aipóva,dem,,,,,,,Oral,,,pron. dem.,
L000037,aisy,adj,,,,,,,Oral,,,adj.,
L000038,aja,other,,,,,,,Oral,,,p. n.,
L000039,ajaka,noun,,,,,Uniform,GendNone,Oral,,,s.,
L000040,aje,exp,,,,,,,Oral,,,exp.,
L000041,aje'i,adv,,,,,,,Oral,,,adv.,
L000042,aju,adj,,,,,,,Oral,,,adj.|v. atr.,
L000042,aju,verb,Irregular,Intransitive,true,Irreg_Ju,,,Oral,,CONJUGATED_FORM_OF_Ju_1sg,adj.|v. atr.,madurar
L000043,ajukue,noun,,,,,Uniform,GendNone,Oral,,,s.,
L000044,ajúra,noun,,,,,Uniform,GendNone,Oral,,,s.,
L000045,ajurigua,noun,,,,,Uniform,GendNone,Oral,,,s.,
L000046,aju'y,noun,,,,,Uniform,GendNone,Oral,,,s.,
L000047,akã,noun,,,,,Uniform,GendNone,Nasal,,,s.,
L000048,akãchara,noun,,,,,Uniform,GendNone,Nasal,,,s.,
L000049,aka'ẽ,noun,,,,,Uniform,GendNone,Nasal,,,s.,
L000050,akãguapy,adj,,,,,,,Nasal,,,adj.,
L000051,akahãta,adj,,,,,,,Nasal,,CHECK_NASAL_COMPOUND,adj.|s.,
L000051,akahãta,noun,,,,,Uniform,GendNone,Nasal,,CHECK_NASAL_COMPOUND,adj.|s.,
L000052,akãjere,noun,,,,,Uniform,GendNone,Nasal,,,s.,
L000053,akãkangue,noun,,,,,Uniform,GendNone,Nasal,,,s.,
L000054,akãmbota,noun,,,,,Uniform,GendNone,Nasal,,,s.,
L000055,akãmbyte,noun,,,,,Uniform,GendNone,Nasal,,,s.,
L000056,akãndu,noun,,,,,Uniform,GendNone,Nasal,,,s.,
L000057,akãngao,noun,,,,,Uniform,GendNone,Nasal,,,s.,
L000058,akãngata,noun,,,,,Uniform,GendNone,Nasal,,,s.,
L000059,akãngatu,noun,,,,,Uniform,GendNone,Nasal,,,s.,
L000060,akãnga'u,noun,,,,,Uniform,GendNone,Nasal,,,s.|v.,
L000060,akãnga'u,verb,Areal,,false,,,,Nasal,,CHECK_TRANSITIVITY,s.|v.,
L000061,akãngyta,noun,,,,,Uniform,GendNone,Nasal,,,s.,
L000062,akãnundu,adj,,,,,,,Nasal,,,adj.|s.,
L000062,akãnundu,noun,,,,,Uniform,GendNone,Nasal,,,adj.|s.,
L000063,akã'o,noun,,,,,Uniform,GendNone,Nasal,,,s.|v.,
L000063,akã'o,verb,Areal,Transitive,false,,,,Nasal,,CHECK_TRANSITIVITY,s.|v.,degollar
L000064,akãperõ,adj,,,,,,,Nasal,,,adj.,
L000065,akãpicha'ĩ,noun,,,,,Uniform,GendNone,Nasal,,,s.,
L000066,akãporã,adj,,,,,,,Nasal,,,adj.|s.,
L000066,akãporã,noun,,,,,Uniform,GendNone,Nasal,,,adj.|s.,
L000067,akãpyta,adj,,,,,,,Nasal,,,adj.,
L000068,akãpytã,adj,,,,,,,Nasal,,,adj.,
L000069,akãrague,noun,,,,,Uniform,GendNone,Nasal,,,s.,
L000070,akãraku,adj,,,,,,,Nasal,,,adj.,
L000071,apasionado,verb,Chendal,,false,,,,Oral,,CHECK_TRANSITIVITY,v. atr.,
L000072,akãrapu'ã,noun,,,,,Uniform,GendNone,Nasal,,,s.,
L000073,akãrasy,noun,,,,,Uniform,GendNone,Nasal,,,s.,
L000074,akãratĩ,noun,,,,,Uniform,GendNone,Nasal,,,s.,
L000075,akãsã,noun,,,,,Uniform,GendNone,Nasal,,,s.,
L000076,akãtĩ,noun,,,,,Uniform,GendNone,Nasal,,,s.,
L000077,akatúa,adj,,,,,,,Oral,,,adj.|s.,
L000077,akatúa,noun,,,,,Uniform,GendNone,Oral,,,adj.|s.,
L000078,akã'y,noun,,,,,Uniform,GendNone,Nasal,,,s.,
L000079,áke,other,,,,,,,Oral,,,interj.,
L000080,ako,adj,,,,,,,Oral,,,adj.,
L000081,akói,adv,,,,,,,Oral,,,adv.,
L000082,akua,adj,,,,,,,Oral,,,adj.,
L000083,akuã,adj,,,,,,,Nasal,,,adj.,
L000084,akuãngue,noun,,,,,Uniform,GendNone,Nasal,,CHECK_NASAL_COMPOUND,s.,
L000085,akue,adv,,,,,,,Oral,,,adv.,
L000086,akuruchĩ,adv,,,,,,,Nasal,,,adv.|s.,
L000086,akuruchĩ,noun,,,,,Uniform,GendNone,Nasal,,,adv.|s.,
L000087,aky,adj,,,,,,,Oral,,,adj.,
L000088,akỹ,adj,,,,,,,Nasal,,,adj.,
L000089,akỹmba,verb,Chendal,,false,,,,Nasal,,CHECK_TRANSITIVITY,v. atr.,
L000090,akỹta,noun,,,,,Uniform,GendNone,Nasal,,,s.,
L000091,ama,noun,,,,,Uniform,GendNone,Oral,,,s.,
L000092,amambái,noun,,,,,Uniform,GendNone,Nasal,,,s.,
L000093,amamo'ãha,noun,,,,,Uniform,GendNone,Nasal,,CHECK_NASAL_COMPOUND,s.,
L000094,amandaje,noun,,,,,Uniform,GendNone,Nasal,,,s.,
L000095,amandáu,noun,,,,,Uniform,GendNone,Nasal,,,s.,
L000096,amandy,adj,,,,,,,Nasal,,,adj.|s.,
L000096,amandy,noun,,,,,Uniform,GendNone,Nasal,,,adj.|s.,
L000097,amangurusu,noun,,,,,Uniform,GendNone,Nasal,,,s.,
L000098,amangy,noun,,,,,Uniform,GendNone,Nasal,,,s.,
L000099,amba'y,noun,,,,,Uniform,GendNone,Nasal,,,s.,
L000100,ambere,noun,,,,,Uniform,GendNone,Nasal,,,s.,
L000101,ambu,noun,,,,,Uniform,GendNone,Nasal,,,s.|v. atr.,
L000101,ambu,verb,Chendal,Intransitive,false,,,,Nasal,,CHECK_TRANSITIVITY,s.|v. atr.,jadear
L000102,ambu'a,adj,,,,,,,Nasal,,,adj.|s.,
L000102,ambu'a,noun,,,,,Uniform,GendNone,Nasal,,,adj.|s.,
L000103,ambu'e,adj,,,,,,,Nasal,,,adj. ind. y pron. ind.,
L000103,ambu'e,pron,,,,,,,Nasal,,,adj. ind. y pron. ind.,
L000104,ambu'éicha,adv,,,,,,,Nasal,,,adv.,
L000105,ambuéva,pron,,,,,,,Nasal,,,pron. ind.,
L000106,amo,adj,,,,,,,Oral,,,adj.|adv.,
L000106,amo,adv,,,,,,,Oral,,,adj.|adv.,
L000107,amóguio,adv,,,,,,,Oral,,,adv.,
L000108,amóicha,adv,,,,,,,Oral,,,adv.,
L000109,amóme,adv,,,,,,,Oral,,,adv.,
L000110,amóva,pron,,,,,,,Oral,,,pron. dem.,
L000110,amóva,dem,,,,,,,Oral,,,pron. dem.,
L000111,amyrỹ,noun,,,,,Uniform,GendNone,Nasal,,,s.,
L000112,anambusu,adj,,,,,,,Nasal,,,adj.,
L000113,andai,noun,,,,,Uniform,GendNone,Nasal,,,s.,
L000114,andu,noun,,,,,Uniform,GendNone,Nasal,,,s.,
L000115,andupe'aha,noun,,,,,Uniform,GendNone,Nasal,,,s.,
L000116,anga,adj,,,,,,,Nasal,,,adj.,
L000117,ánga,noun,,,,,Uniform,GendNone,Nasal,,,s.,
L000118,angapyhy,adj,,,,,,,Nasal,,,adj.|s.,
L000118,angapyhy,noun,,,,,Uniform,GendNone,Nasal,,,adj.|s.,
L000119,anga'u,noun,,,,,Uniform,GendNone,Nasal,,,s.,
L000120,ange,adv,,,,,,,Nasal,,,adv.,
L000121,angekói,adj,,,,,,,Nasal,,,adj.,
L000122,angete,adv,,,,,,,Nasal,,,adv.,
L000123,angirũ,noun,,,,,Uniform,GendNone,Nasal,,,s.,
L000124,angu'a,noun,,,,,Uniform,GendNone,Nasal,,,s.,
L000125,angue,noun,,,,,Uniform,GendNone,Nasal,,,s.,
L000126,anguja,noun,,,,,Uniform,GendNone,Nasal,,,s.,
L000127,anguja'i,noun,,,,,Uniform,GendNone,Nasal,,,s.,
L000128,ani,adv,,,,,,,Oral,,,adv. de neg.,
L000129,anichéne,exp,,,,,,,Oral,,,exp.,
L000130,ano,noun,,,,,Uniform,GendNone,Oral,,,s.,
L000131,aña,adj,,,,,,,Nasal,,,adj.|s.,
L000131,aña,noun,,,,,Uniform,GendNone,Nasal,,,adj.|s.,
L000132,añamechu,other,,,,,,,Nasal,,,interj.,
L000133,añareko,adj,,,,,,,Nasal,,,adj.,
L000134,añaretã,adj,,,,,,,Nasal,,,adj.,
L000135,añete,adj,,,,,,,Nasal,,,adj.|s.|adv.,
L000135,añete,noun,,,,,Uniform,GendNone,Nasal,,,adj.|s.|adv.,
L000135,añete,adv,,,,,,,Nasal,,,adj.|s.|adv.,
L000136,añete'eha,noun,,,,,Uniform,GendNone,Nasal,,,s.,
L000137,añetegua,adj,,,,,,,Nasal,,,adj.,
L000138,añeteguáicha,adj,,,,,,,Nasal,,,adj.,
L000139,añetehápe,adv,,,,,,,Nasal,,,adv.,
L000140,añetépa,exp,,,,,,,Nasal,,,exp.,
L000141,añetete,adj,,,,,,,Nasal,,,adj.,
L000142,año,adj,,,,,,,Nasal,,,adj.|adv.,
L000142,año,adv,,,,,,,Nasal,,,adj.|adv.,
L000143,añohapegua,noun,,,,,Uniform,GendNone,Nasal,,,s.,
L000144,añoite,noun,,,,,Uniform,GendNone,Nasal,,,s.,
L000145,añónte,adv,,,,,,,Nasal,,,adv.,
L000146,añuã,noun,,,,,Uniform,GendNone,Nasal,,,s.|v. pr.,
L000146,añuã,verb,Areal,Transitive,false,,,,Nasal,,CHECK_VERB_CLASS|CHECK_TRANSITIVITY,s.|v. pr.,abrazar
L000147,añyka,noun,,,,,Uniform,GendNone,Nasal,,,s.,
L000148,ao,noun,,,,,Uniform,GendNone,Oral,,,s.,
L000149,akyty,verb,Areal,,false,,,,Oral,,CHECK_VERB_CLASS|CHECK_TRANSITIVITY,v. pr.,
L000150,aokytyha,noun,,,,,Uniform,GendNone,Oral,,,s.,
L000151,aomokãrã,noun,,,,,Uniform,GendNone,Nasal,,CHECK_NASAL_COMPOUND,s.,
L000152,apajeréi,noun,,,,,Uniform,GendNone,Oral,,,s.|v. atr.,
L000152,apajeréi,verb,Chendal,Intransitive,false,,,,Oral,,CHECK_TRANSITIVITY,s.|v. atr.,rodar
L000153,apajuái,noun,,,,,Uniform,GendNone,Oral,,,s.,
L000154,apakua,noun,,,,,Uniform,GendNone,Oral,,,s.,
L000155,akuapy,noun,,,,,Uniform,GendNone,Oral,,,s.,
L000156,apakuapyre,adj,,,,,,,Oral,,,adj.,
L000157,apañuái,noun,,,,,Uniform,GendNone,Nasal,,CHECK_NASAL_COMPOUND,s.,
L000158,apasusũ,noun,,,,,Uniform,GendNone,Nasal,,,s.,
L000159,apatĩ,adj,,,,,,,Nasal,,,adj.,
L000160,ape,noun,,,,,Uniform,GendNone,Oral,,,s.,
L000161,ápe,adv,,,,,,,Oral,,,adv.,
L000162,apegua,adj,,,,,,,Oral,,,adj.,
L000163,apeju,adj,,,,,,,Oral,,,adj.,
L000164,apekangue,noun,,,,,Uniform,GendNone,Nasal,,,s.,
L000165,apekũ,noun,,,,,Uniform,GendNone,Nasal,,,s.,
L000166,apekue,noun,,,,,Uniform,GendNone,Oral,,,s.,
L000167,apekũguy,noun,,,,,Uniform,GendNone,Nasal,,CHECK_NASAL_COMPOUND,s.,
L000168,apekuma,noun,,,,,Uniform,GendNone,Oral,,,s.,
L000169,apeno,noun,,,,,Uniform,GendNone,Oral,,,s.,
L000170,ápeo,adv,,,,,,,Oral,,,adv.,
L000171,apepu,noun,,,,,Uniform,GendNone,Oral,,,s.,
L000172,apere'a,noun,,,,,Uniform,GendNone,Oral,,,s.,
L000173,apesã,noun,,,,,Uniform,GendNone,Nasal,,,s.,
L000174,apesỹi,adj,,,,,,,Nasal,,,adj.,
L000175,apete,adv,,,,,,,Oral,,,adv.,
L000176,apĩ,adj,,,,,,,Nasal,,,adj.,
L000177,apicha'ĩ,adj,,,,,,,Nasal,,,adj.,
L000178,apiku'i,noun,,,,,Uniform,GendNone,Oral,,,s.,
L000179,apiru'a,noun,,,,,Uniform,GendNone,Oral,,,s.,
L000180,apo,verb,Areal,,false,,,,Oral,,CHECK_TRANSITIVITY,v.,
L000181,apoha,noun,,,,,Uniform,GendNone,Oral,,,s.,
L000182,apohára,noun,,,,,Uniform,GendNone,Oral,,,s.,
L000183,apohare,noun,,,,,Uniform,GendNone,Oral,,,s.,
L000184,apojovái,noun,,,,,Uniform,GendNone,Oral,,,s.,
L000185,apokytã,adj,,,,,,,Nasal,,,adj.|s.,
L000185,apokytã,noun,,,,,Uniform,GendNone,Nasal,,,adj.|s.,
L000186,apopẽ,adj,,,,,,,Nasal,,,adj.,
L000187,apoporãmby,noun,,,,,Uniform,GendNone,Nasal,,CHECK_NASAL_COMPOUND,s.,
L000188,apoporã'y,adj,,,,,,,Nasal,,CHECK_NASAL_COMPOUND,adj.,
L000189,apopy,adj,,,,,,,Oral,,,adj.,
L000190,apopyrã,noun,,,,,Uniform,GendNone,Nasal,,,s.,
L000191,apopyre,adj,,,,,,,Oral,,,adj.|s.,
L000191,apopyre,noun,,,,,Uniform,GendNone,Oral,,,adj.|s.,
L000192,aporeko,noun,,,,,Uniform,GendNone,Oral,,,s.,
L000193,apose,noun,,,,,Uniform,GendNone,Oral,,,s.,
L000194,apoukaha,noun,,,,,Uniform,GendNone,Oral,,,s.,
L000195,apoukapy,noun,,,,,Uniform,GendNone,Oral,,,s.,
L000196,apoukarã,noun,,,,,Uniform,GendNone,Nasal,,,s.,
L000197,apovaihare,noun,,,,,Uniform,GendNone,Oral,,,s.,
L000198,apovõ,adj,,,,,,,Nasal,,,adj.,
L000199,apu'a,adj,,,,,,,Oral,,,adj.|s.,
L000199,apu'a,noun,,,,,Uniform,GendNone,Oral,,,adj.|s.,
L000200,apy,noun,,,,,Uniform,GendNone,Oral,,,s.,
L000201,apyaty,verb,Areal,,false,,,,Oral,,CHECK_VERB_CLASS|CHECK_TRANSITIVITY,v. pr.,
L000202,apỹi,noun,,,,,Uniform,GendNone,Nasal,,,s.,
L000203,apyka,noun,,,,,Uniform,GendNone,Oral,,,s.,
L000204,apykahai,noun,,,,,Uniform,GendNone,Oral,,,neol.|s.,
L000205,apyka'i,noun,,,,,Uniform,GendNone,Oral,,,s.,
L000206,apykatymói,noun,,,,,Uniform,GendNone,Oral,,,s.,
L000207,apyngua,noun,,,,,Uniform,GendNone,Nasal,,,s.,
L000208,apype,noun,,,,,Uniform,GendNone,Oral,,,s.,
L000209,apyrapegua,adj,,,,,,,Oral,,,adj.,
L000210,apyra'ỹ,adj,,,,,,,Nasal,,,adj.,
L000211,apyre'ỹ,adj,,,,,,,Nasal,,,adj.,
L000212,apyre'ỹme,adv,,,,,,,Nasal,,CHECK_NASAL_COMPOUND,adv.,
L000213,apyryve,verb,Chendal,,false,,,,Oral,,CHECK_TRANSITIVITY,v. atr.,
L000214,apysa,noun,,,,,Uniform,GendNone,Oral,,,s.,
L000215,apysape,adj,,,,,,,Oral,,,adj.,
L000216,apysatũ,adj,,,,,,,Nasal,,,adj.,
L000217,apysa'ỹ,noun,,,,,Uniform,GendNone,Nasal,,,s.,
L000218,apysẽ,verb,Chendal,Intransitive,false,,,,Nasal,,CHECK_TRANSITIVITY,v. atr.,asomar
L000219,apyte,noun,,,,,Uniform,GendNone,Oral,,,s.,
L000220,apytépe,other,,,,,,,Oral,,,p. n.,
L000221,apytere,adj,,,,,,,Oral,,,adj.|s.,
L000221,apytere,noun,,,,,Uniform,GendNone,Oral,,,adj.|s.,
L000222,apytĩ,noun,,,,,Uniform,GendNone,Nasal,,,s.,
L000223,apytĩha,noun,,,,,Uniform,GendNone,Nasal,,CHECK_NASAL_COMPOUND,s.,
L000224,apytĩmby,noun,,,,,Uniform,GendNone,Nasal,,CHECK_NASAL_COMPOUND,s.,
L000225,apytĩmbyre,adj,,,,,,,Nasal,,CHECK_NASAL_COMPOUND,adj.,
L000226,apytĩngue,noun,,,,,Uniform,GendNone,Nasal,,CHECK_NASAL_COMPOUND,s.,
L000227,apytu'ũ,noun,,,,,Uniform,GendNone,Nasal,,,s.,
L000228,apytu'ũroky,noun,,,,,Uniform,GendNone,Nasal,,CHECK_NASAL_COMPOUND,s.,
L000229,apỹve'y,adj,,,,,,,Nasal,,,adj.,
L000230,arã,adv,,,,,,,Nasal,,,adv.,
L000231,ára,noun,,,,,Uniform,GendNone,Oral,,,s.,
L000232,araapy,noun,,,,,Uniform,GendNone,Oral,,,neol.|s.,
L000233,arahechauka,noun,,,,,Uniform,GendNone,Oral,,,neol.|s.,
L000234,arai,noun,,,,,Uniform,GendNone,Oral,,,s.,
L000235,araitepe,adv,,,,,,,Oral,,,adv.,
L000236,araity,noun,,,,,Uniform,GendNone,Oral,,,s.,
L000237,araka,noun,,,,,Uniform,GendNone,Oral,,,s.,
L000238,araka'e,adv,,,,,,,Oral,,,adv.,
L000239,araka'eve,adv,,,,,,,Oral,,,adv.,
L000240,arakõi,noun,,,,,Uniform,GendNone,Nasal,,,neol.|s.,
L000241,aramboha,noun,,,,,Uniform,GendNone,Nasal,,,h.|s.,
L000242,aramboty,noun,,,,,Uniform,GendNone,Nasal,,,s.,
L000243,aramirõ,noun,,,,,Uniform,GendNone,Nasal,,,h.|s.,
L000244,arandu,adj,,,,,,,Nasal,,,adj.,
L000245,sagaz,noun,,,,,Uniform,GendNone,Oral,,,s.,
L000246,aranduhape,adv,,,,,,,Nasal,,,adv.,
L000247,aranduka,noun,,,,,Uniform,GendNone,Nasal,,,neol.|s.,
L000248,arandukarenda,noun,,,,,Uniform,GendNone,Nasal,,,s.,
L000249,arandukuaa,noun,,,,,Uniform,GendNone,Nasal,,,neol.|s.,
L000250,arange,adv,,,,,,,Nasal,,,adv.,
L000251,arapaha,noun,,,,,Uniform,GendNone,Oral,,,s.,
L000252,arapapaha,noun,,,,,Uniform,GendNone,Oral,,,neol.|s.,
L000253,arapa'ũ,noun,,,,,Uniform,GendNone,Nasal,,,s.,
L000254,arapave'ỹme,adv,,,,,,,Nasal,,CHECK_NASAL_COMPOUND,adv.,
L000255,arapa'ỹme,adv,,,,,,,Nasal,,CHECK_NASAL_COMPOUND,adv.,
L000256,arapo,noun,,,,,Uniform,GendNone,Oral,,,neol.|s.,
L000257,arapokõi,noun,,,,,Uniform,GendNone,Nasal,,,neol.|s.,
L000258,arapokõindy,noun,,,,,Uniform,GendNone,Nasal,,CHECK_NASAL_COMPOUND,neol.|s.,
L000259,arapoteĩ,noun,,,,,Uniform,GendNone,Nasal,,,neol.|s.,
L000260,arapoty,noun,,,,,Uniform,GendNone,Oral,,,neol.|s.,
L000261,arapy,noun,,,,,Uniform,GendNone,Oral,,,s.,
L000262,arapytu'u,noun,,,,,Uniform,GendNone,Oral,,,neol.|s.,
L000263,arara'a,noun,,,,,Uniform,GendNone,Oral,,,s.,
L000264,ararapo,noun,,,,,Uniform,GendNone,Oral,,,s.,
L000265,ararasa,noun,,,,,Uniform,GendNone,Oral,,,s.,
L000266,ararembe,noun,,,,,Uniform,GendNone,Nasal,,,s.,
L000267,araresa,noun,,,,,Uniform,GendNone,Oral,,,s.,
L000268,araroguekúi,noun,,,,,Uniform,GendNone,Oral,,,neol.|s.,
L000269,araro'y,noun,,,,,Uniform,GendNone,Oral,,,s.,
L000270,araro'ysã,noun,,,,,Uniform,GendNone,Nasal,,,s.,
L000271,ararundy,noun,,,,,Uniform,GendNone,Nasal,,,neol.|s.,
L000272,arasa,noun,,,,,Uniform,GendNone,Oral,,,s.,
L000273,arasaty,noun,,,,,Uniform,GendNone,Oral,,,s.,
L000274,arasẽ,noun,,,,,Uniform,GendNone,Nasal,,,s.,
L000275,arasunu,noun,,,,,Uniform,GendNone,Oral,,,s.|v. atr.,
L000275,arasunu,verb,Chendal,,false,,,,Oral,,CHECK_TRANSITIVITY,s.|v. atr.,
L000276,arateĩ,noun,,,,,Uniform,GendNone,Nasal,,,neol.|s.,
L000277,aratiku,noun,,,,,Uniform,GendNone,Oral,,,s.,
L000278,aratimbo,noun,,,,,Uniform,GendNone,Nasal,,,s.,
L000279,aratiri,noun,,,,,Uniform,GendNone,Oral,,,s.,
L000280,aravai,noun,,,,,Uniform,GendNone,Oral,,,s.,
L000281,aravera,noun,,,,,Uniform,GendNone,Oral,,,s.,
L000282,araveraicha,adv,,,,,,,Oral,,,adv.,
L000283,aravo,noun,,,,,Uniform,GendNone,Oral,,,neol.|s.,
L000284,aravo'i,noun,,,,,Uniform,GendNone,Oral,,,neol.|s.,
L000285,aravo'ive,noun,,,,,Uniform,GendNone,Oral,,,neol.|s.,
L000286,aravopapaha,noun,,,,,Uniform,GendNone,Oral,,,neol.|s.,
L000287,arayvoty,noun,,,,,Uniform,GendNone,Oral,,,neol.|s.,
L000288,are,adj,,,,,,,Oral,,,adj.,
L000289,arekue,noun,,,,,Uniform,GendNone,Oral,,,s.,
L000290,arete,noun,,,,,Uniform,GendNone,Oral,,,s.,
L000291,ári,other,,,,,,,Oral,,,p. n.,
L000292,arigua,noun,,,,,Uniform,GendNone,Oral,,,s.,
L000293,áripi,other,,,,,,,Oral,,,p. n.,
L000294,árupi,adv,,,,,,,Oral,,,adv.,
L000295,aruru,adj,,,,,,,Oral,,,adj.,
L000296,ary,other,,,,,,,Oral,,,neol.,
L000297,asãi,adj,,,,,,,Nasal,,,adj.,
L000298,asaje,noun,,,,,Uniform,GendNone,Oral,,,s.,
L000299,mediodía,adv,,,,,,,Oral,,,adv.,
L000300,asajema,exp,,,,,,,Oral,,,exp.,
L000301,asajepyte,noun,,,,,Uniform,GendNone,Oral,,,s.|adv.,
L000301,asajepyte,adv,,,,,,,Oral,,,s.|adv.,
L000302,asu,adj,,,,,,,Oral,,,adj.,
L000303,atã,adj,,,,,,,Nasal,,,adj.,
L000304,atãngue,noun,,,,,Uniform,GendNone,Nasal,,,s.,
L000305,atã'ỹ,adj,,,,,,,Nasal,,,adj.,
L000306,ate'ỹ,adj,,,,,,,Nasal,,,adj.,
L000307,holgazán,noun,,,,,Uniform,GendNone,Oral,,,s.,
L000308,atĩ,noun,,,,,Uniform,GendNone,Nasal,,,s.,
L000309,atĩa,noun,,,,,Uniform,GendNone,Nasal,,,s.|v. atr.,
L000309,atĩa,verb,Chendal,Intransitive,false,,,,Nasal,,CHECK_TRANSITIVITY,s.|v. atr.,estornudar
L000310,atĩva,adj,,,,,,,Nasal,,,adj.,
L000311,ati'y,noun,,,,,Uniform,GendNone,Oral,,,s.,
L000312,atõi,noun,,,,,Uniform,GendNone,Nasal,,,s.,
L000313,atõiha,noun,,,,,Uniform,GendNone,Nasal,,,s.,
L000314,atúa,noun,,,,,Uniform,GendNone,Oral,,,s.,
L000315,atuape,noun,,,,,Uniform,GendNone,Oral,,,s.,
L000316,atukupe,noun,,,,,Uniform,GendNone,Oral,,,s.,
L000317,atukupépe,adv,,,,,,,Oral,,,adv.,
L000318,aturu,adj,,,,,,,Oral,,,adj.,
L000319,aty,noun,,,,,Uniform,GendNone,Oral,,,s.,
L000320,atyha,noun,,,,,Uniform,GendNone,Oral,,,s.,
L000321,atykaha,noun,,,,,Uniform,GendNone,Oral,,,s.,
L000322,aupa,noun,,,,,Uniform,GendNone,Oral,,,s.,
L000323,ava,noun,,,,,Uniform,GendNone,Oral,,,s.,
L000324,áva,noun,,,,,Uniform,GendNone,Oral,,,s.,
L000325,avágui,adv,,,,,,,Oral,,,adv.,
L000326,ãva,pron,,,,,,,Nasal,,,pron.,
L000327,avaite,noun,,,,,Uniform,GendNone,Oral,,,s.,
L000328,avakachi,noun,,,,,Uniform,GendNone,Oral,,,s.,
L000329,avakua,noun,,,,,Uniform,GendNone,Oral,,,s.,
L000330,avañe'ẽ,noun,,,,,Uniform,GendNone,Nasal,,CHECK_NASAL_COMPOUND,s.,
L000331,avare,noun,,,,,Uniform,GendNone,Oral,,,s.,
L000332,avati,noun,,,,,Uniform,GendNone,Oral,,,s.,
L000333,avatiky,noun,,,,,Uniform,GendNone,Oral,,,s.,
L000334,avatimirĩ,noun,,,,,Uniform,GendNone,Nasal,,,neol.|s.,
L000335,avatisoka,noun,,,,,Uniform,GendNone,Oral,,,s.,
L000336,avatity,noun,,,,,Uniform,GendNone,Oral,,,s.,
L000337,avati'y,noun,,,,,Uniform,GendNone,Oral,,,s.,
L000338,avausu,noun,,,,,Uniform,GendNone,Oral,,,s.,
L000339,avave,adj,,,,,,,Oral,,,adj. ind.|pron. ind.,
L000339,avave,pron,,,,,,,Oral,,,adj. ind.|pron. ind.,
L000340,avavusu,adj,,,,,,,Oral,,,adj.,
L000341,avei,adv,,,,,,,Oral,,,adv.,
L000342,avevo,adj,,,,,,,Oral,,,adj.,
L000343,avoa,noun,,,,,Uniform,GendNone,Oral,,,s.,
L000344,avyky,verb,Chendal,,false,,,,Oral,,CHECK_TRANSITIVITY,v. atr.,
L000345,ay,adj,,,,,,,Oral,,,adj.,
L000346,a'ỹ,adj,,,,,,,Nasal,,,adj.|s.,
L000346,a'ỹ,noun,,,,,Uniform,GendNone,Nasal,,,adj.|s.,
L000347,aysy,adj,,,,,,,Oral,,,adj.|s.,
L000347,aysy,noun,,,,,Uniform,GendNone,Oral,,,adj.|s.,
L000348,ayvi,adj,,,,,,,Oral,,,adj.,
L000349,ayvu,noun,,,,,Uniform,GendNone,Oral,,,s.,
L000350,alboroto,verb,Chendal,,false,,,,Oral,,CHECK_TRANSITIVITY,v. atr.,
L000351,chae,adj,,,,,,,Oral,,,adj.,
L000352,chahã,noun,,,,,Uniform,GendNone,Nasal,,,s.,
L000353,cha'ĩ,adj,,,,,,,Nasal,,,adj.,
L000354,cháke,other,,,,,,,Oral,,,interj.,
L000355,chalái,adj,,,,,,,Oral,,,adj.,
L000356,chamame,noun,,,,,Uniform,GendNone,Oral,,,s.,
L000357,chamíga,noun,,,,,Uniform,GendNone,Oral,,,h.|s.|voc.,
L000358,chamígo,noun,,,,,Uniform,GendNone,Oral,,,h.|s.|voc.,
L000359,changui,noun,,,,,Uniform,GendNone,Nasal,,,s.,
L000360,chapĩ,adj,,,,,,,Nasal,,,adj.,
L000361,chara,adj,,,,,,,Oral,,,adj.,
L000362,charara,adj,,,,,,,Oral,,,adj.|v. pr.,
L000362,charara,verb,Areal,,false,,,,Oral,,CHECK_VERB_CLASS|CHECK_TRANSITIVITY,adj.|v. pr.,
L000363,chavi,adj,,,,,,,Oral,,,adj.,
L000364,che,adj,,,,,,,Oral,,,adj.,
L000365,che'áma,noun,,,,,Uniform,GendNone,Oral,,,h.|s.|voc.,
L000366,chejehe,pron,,,,,,,Oral,,,pron.,
L000367,chejehegui,pron,,,,,,,Oral,,,pron.,
L000368,chejeupe,pron,,,,,,,Oral,,,pron.,
L000369,chejupe,pron,,,,,,,Oral,,,pron.,
L000370,chemba'e,pron,,,,,,,Nasal,,,pron. pos.,
L000371,chéne,adv,,,,,,,Oral,,,adv.,
L000372,chentese,noun,,,,,Uniform,GendNone,Nasal,,,s.,
L000373,chera'a,other,,,,,,,Oral,,,voc.,
L000374,chesyasy,noun,,,,,Uniform,GendNone,Oral,,,s.,
L000375,chete,exp,,,,,,,Oral,,,exp.,
L000376,chéve,pron,,,,,,,Oral,,,pron.,
L000377,chi,suf,,,,,,,Oral,,,suf. a. n.,
L000378,chiã,verb,Areal,Intransitive,false,,,,Nasal,,CHECK_VERB_CLASS|CHECK_TRANSITIVITY,v. pr.,rechinar
L000379,chichã,noun,,,,,Uniform,GendNone,Nasal,,,s.,
L000380,chichi,noun,,,,,Uniform,GendNone,Oral,,,s.,
L000381,chigua,adj,,,,,,,Oral,,,adj.,
L000382,chi'i,adj,,,,,,,Oral,,,adj.,
L000383,chi'õ,adj,,,,,,,Nasal,,,adj.|s.|v. atr.,
L000383,chi'õ,noun,,,,,Uniform,GendNone,Nasal,,,adj.|s.|v. atr.,
L000383,chi'õ,verb,Chendal,Intransitive,false,,,,Nasal,,CHECK_TRANSITIVITY,adj.|s.|v. atr.,rechinar
L000384,chipa,noun,,,,,Uniform,GendNone,Oral,,,s.,
L000385,chiri,noun,,,,,Uniform,GendNone,Oral,,,s.,
L000386,chiripa,noun,,,,,Uniform,GendNone,Oral,,,s.,
L000387,chirirĩ,noun,,,,,Uniform,GendNone,Nasal,,,s.|v. pr.,
L000387,chirirĩ,verb,Areal,,false,,,,Nasal,,CHECK_VERB_CLASS|CHECK_TRANSITIVITY,s.|v. pr.,
L000388,chivivi,verb,Areal,,false,,,,Oral,,CHECK_VERB_CLASS|CHECK_TRANSITIVITY,v. pr.,
L000389,chivu,verb,Areal,,false,,,,Oral,,CHECK_VERB_CLASS|CHECK_TRANSITIVITY,v. pr.,
L000390,chochĩ,noun,,,,,Uniform,GendNone,Nasal,,,s.,
L000391,chokokue,noun,,,,,Uniform,GendNone,Oral,,,s.,
L000392,chororo,noun,,,,,Uniform,GendNone,Oral,,,s.,
L000393,chovi,adj,,,,,,,Oral,,,adj.|s.|v. atr.,
L000393,chovi,noun,,,,,Uniform,GendNone,Oral,,,adj.|s.|v. atr.,
L000393,chovi,verb,Chendal,,false,,,,Oral,,CHECK_TRANSITIVITY,adj.|s.|v. atr.,
L000394,chovy,adj,,,,,,,Oral,,,adj.,
L000395,chuchu,noun,,,,,Uniform,GendNone,Oral,,,s.|v. pr.,
L000395,chuchu,verb,Areal,,false,,,,Oral,,CHECK_VERB_CLASS|CHECK_TRANSITIVITY,s.|v. pr.,
L000396,chu'i,adj,,,,,,,Oral,,,adj.,
L000397,chumbe,noun,,,,,Uniform,GendNone,Nasal,,,s.,
L000398,chupe,pron,,,,,,,Oral,,,pron.,
L000399,chure,adj,,,,,,,Oral,,,adj.,
L000400,churi,adj,,,,,,,Oral,,,adj.,
L000401,churugue,noun,,,,,Uniform,GendNone,Oral,,,s.,
L000402,chyryry,adj,,,,,,,Oral,,,adj.|v. pr.,
L000402,chyryry,verb,Areal,,false,,,,Oral,,CHECK_VERB_CLASS|CHECK_TRANSITIVITY,adj.|v. pr.,
L000403,de,noun,,,,,Uniform,GendNone,Oral,,,s.,
L000404,'e,verb,Areal,,false,,,,Oral,,CHECK_TRANSITIVITY,v.,
L000405,'ẽ,verb,Areal,,false,,,,Nasal,,CHECK_TRANSITIVITY,v.,
L000406,eha,adj,,,,,,,Oral,,,adj.|exp.,
L000406,eha,exp,,,,,,,Oral,,,adj.|exp.,
L000407,eichu,noun,,,,,Uniform,GendNone,Oral,,,s.,
L000408,eira,noun,,,,,Uniform,GendNone,Oral,,,s.,
L000409,eíra,noun,,,,,Uniform,GendNone,Oral,,,s.,
L000410,eiraity,noun,,,,,Uniform,GendNone,Oral,,,s.,
L000411,eirete,noun,,,,,Uniform,GendNone,Oral,,,s.,
L000412,eju,verb,Areal,,false,,,,Oral,,CHECK_TRANSITIVITY,v.,
L000413,epyta,exp,,,,,,,Oral,,,exp.,
L000414,erado,adj,,,,,,,Oral,,,adj.,
L000415,ere,verb,Irregular,,true,Irreg_E,,,Oral,,CONJUGATED_FORM_OF_E_2sg,v.,
L000416,eta,suf,,,,,,,Oral,,,suf. a. n.,
L000417,ete,suf,,,,,,,Oral,,,suf. a. n.,
L000418,real,suf,,,,,,,Oral,,,suf. a. v.,
L000418,real,verb,Areal,,false,,,,Oral,,CHECK_TRANSITIVITY,suf. a. v.,
L000419,etehápe,suf,,,,,,,Oral,,,suf. a. v.,
L000419,etehápe,verb,Areal,,false,,,,Oral,,CHECK_TRANSITIVITY,suf. a. v.,
L000420,eterei,adv,,,,,,,Oral,,,adv.,
L000421,eteve,suf,,,,,,,Oral,,,suf. a. n.|suf. a. v.,
L000421,eteve,verb,Areal,,false,,,,Oral,,CHECK_TRANSITIVITY,suf. a. n.|suf. a. v.,
L000422,'e'ỹ,noun,,,,,Uniform,GendNone,Nasal,,,s.,
L000423,gi,suf,,,,,,,Oral,,,suf. a. v.,
L000423,gi,verb,Areal,,false,,,,Oral,,CHECK_TRANSITIVITY,suf. a. v.,
L000424,gotyo,other,,,,,,,Oral,,,p. n.,
L000425,gua,other,,,,,,,Oral,,,p. n.,
L000426,guã,other,,,,,,,Nasal,,,p. n.,
L000427,gua'a,noun,,,,,Uniform,GendNone,Oral,,,s.,
L000428,guahẽ,noun,,,,,Uniform,GendNone,Nasal,,,s.|v. pr.,
L000428,guahẽ,verb,Areal,Ambitransitive,false,,,,Nasal,,CHECK_VERB_CLASS|CHECK_TRANSITIVITY|CHECK_AMBITRANSITIVE,s.|v. pr.,alcanzar
L000429,guahẽmba,verb,Areal,Ambitransitive,false,,,,Nasal,,CHECK_NASAL_COMPOUND|CHECK_VERB_CLASS|CHECK_TRANSITIVITY|CHECK_AMBITRANSITIVE,v. pr.,acometer
L000430,guaho,noun,,,,,Uniform,GendNone,Oral,,,s.,
L000431,guahu,noun,,,,,Uniform,GendNone,Oral,,,s.|v. pr.,
L000431,guahu,verb,Areal,,false,,,,Oral,,CHECK_VERB_CLASS|CHECK_TRANSITIVITY,s.|v. pr.,
L000432,guáicha,other,,,,,,,Oral,,,p. n.,
L000433,gualala,noun,,,,,Uniform,GendNone,Oral,,,s.|v. pr.,
L000433,gualala,verb,Areal,,false,,,,Oral,,CHECK_VERB_CLASS|CHECK_TRANSITIVITY,s.|v. pr.,
L000434,gualambáu,noun,,,,,Uniform,GendNone,Nasal,,,s.,
L000435,guapo'y,noun,,,,,Uniform,GendNone,Oral,,,s.,
L000436,guapy,adj,,,,,,,Oral,,,adj.|v. pr.,
L000436,guapy,verb,Areal,Intransitive,false,,,,Oral,,CHECK_VERB_CLASS|CHECK_TRANSITIVITY,adj.|v. pr.,posar
L000437,guapyha,noun,,,,,Uniform,GendNone,Oral,,,s.,
L000438,guarã,other,,,,,,,Nasal,,,p. n.,
L000439,guarápo,noun,,,,,Uniform,GendNone,Oral,,,s.,
L000440,guarara,noun,,,,,Uniform,GendNone,Oral,,,s.,
L000441,guare,other,,,,,,,Oral,,,p. n.,
L000442,guareporu,noun,,,,,Uniform,GendNone,Oral,,,s.,
L000443,guari,noun,,,,,Uniform,GendNone,Oral,,,s.|v. pr.,
L000443,guari,verb,Areal,Intransitive,false,,,,Oral,,CHECK_VERB_CLASS|CHECK_TRANSITIVITY,s.|v. pr.,huir
L000444,guarimbe,noun,,,,,Uniform,GendNone,Nasal,,,s.,
L000445,guarini,verb,Areal,,false,,,,Oral,,CHECK_VERB_CLASS|CHECK_TRANSITIVITY,v. pr.,
L000446,guaripóla,noun,,,,,Uniform,GendNone,Oral,,,s.,
L000447,guasu,adj,,,,,,,Oral,,,adj.|s.,
L000447,guasu,noun,,,,,Uniform,GendNone,Oral,,,adj.|s.,
L000448,guasuha,noun,,,,,Uniform,GendNone,Oral,,,s.,
L000449,guasuve,adj,,,,,,,Oral,,,adj.,
L000450,guasuvira,noun,,,,,Uniform,GendNone,Oral,,,s.,
L000451,guata,verb,Areal,Intransitive,false,,,,Oral,,CHECK_VERB_CLASS|CHECK_TRANSITIVITY,v. pr.,andar
L000452,guataha,noun,,,,,Uniform,GendNone,Oral,,,s.,
L000453,guatahára,noun,,,,,Uniform,GendNone,Oral,,,s.,
L000454,guatapu,noun,,,,,Uniform,GendNone,Oral,,,s.,
L000455,guavira,noun,,,,,Uniform,GendNone,Oral,,,s.,
L000456,gue,verb,Areal,,false,,,,Oral,,CHECK_VERB_CLASS|CHECK_TRANSITIVITY,v. pr.,
L000457,gue'ẽ,noun,,,,,Uniform,GendNone,Nasal,,,s.|v. pr.,
L000457,gue'ẽ,verb,Areal,Ambitransitive,false,,,,Nasal,,CHECK_VERB_CLASS|CHECK_TRANSITIVITY|CHECK_AMBITRANSITIVE,s.|v. pr.,eructar
L000458,guejy,verb,Areal,Intransitive,false,,,,Oral,,CHECK_VERB_CLASS|CHECK_TRANSITIVITY,v. pr.,aterrizar
L000459,guejyha,noun,,,,,Uniform,GendNone,Oral,,,s.,
L000460,guenda,noun,,,,,Uniform,GendNone,Nasal,,,s.,
L000461,gueraha,verb,Areal,Transitive,false,,,,Oral,,CHECK_VERB_CLASS|CHECK_TRANSITIVITY,v. pr.,llevar
L000462,guereko,verb,Areal,Transitive,false,,,,Oral,,CHECK_VERB_CLASS|CHECK_TRANSITIVITY,v. pr.,poseer
L000463,guerohory,noun,,,,,Uniform,GendNone,Oral,,,s.|v.,
L000463,guerohory,verb,Areal,Transitive,false,,,,Oral,,CHECK_TRANSITIVITY,s.|v.,agasajar
L000464,guerombyasy,noun,,,,,Uniform,GendNone,Nasal,,,s.|v.,
L000464,guerombyasy,verb,Areal,,false,,,,Nasal,,CHECK_TRANSITIVITY,s.|v.,
L000465,guerosapukái,verb,Areal,,false,,,,Oral,,CHECK_VERB_CLASS|CHECK_TRANSITIVITY,v. pr.,
L000466,guerova,verb,Areal,Transitive,false,,,,Oral,,CHECK_VERB_CLASS|CHECK_TRANSITIVITY,v. pr.,acarrear
L000467,guerovia,verb,Areal,,false,,,,Oral,,CHECK_VERB_CLASS|CHECK_TRANSITIVITY,v. pr.,
L000468,guerovia'ỹ,adj,,,,,,,Nasal,,,adj.,
L000469,gueru,verb,Areal,Transitive,false,,,,Oral,,CHECK_VERB_CLASS|CHECK_TRANSITIVITY,v. pr.,aportar
L000470,gueruka,verb,Areal,,false,,,,Oral,,CHECK_VERB_CLASS|CHECK_TRANSITIVITY,v. pr.,
L000471,gueteri,adv,,,,,,,Oral,,,adv.,
L000472,guevi,adj,,,,,,,Oral,,,adj.|s.|v. pr.,
L000472,guevi,noun,,,,,Uniform,GendNone,Oral,,,adj.|s.|v. pr.,
L000472,guevi,verb,Areal,Intransitive,false,,,,Oral,,CHECK_VERB_CLASS|CHECK_TRANSITIVITY,adj.|s.|v. pr.,regresar
L000473,gue'ỹva,adj,,,,,,,Nasal,,CHECK_NASAL_COMPOUND,adj.,
L000474,gui,other,,,,,,,Oral,,,p. n.,
L000475,guio,other,,,,,,,Oral,,,p. n.,
L000476,guive,other,,,,,,,Oral,,,p. n.,
L000477,guy,noun,,,,,Uniform,GendNone,Oral,,,s.,
L000478,guyguy,adv,,,,,,,Oral,,,adv.|v. pr.,
L000478,guyguy,verb,Areal,Transitive,false,,,,Oral,,CHECK_VERB_CLASS|CHECK_TRANSITIVITY,adv.|v. pr.,escarbar
L000479,guyhai,verb,Areal,,false,,,,Oral,,CHECK_TRANSITIVITY,neol.|v.|adv.,
L000479,guyhai,adv,,,,,,,Oral,,,neol.|v.|adv.,
L000480,guyra,noun,,,,,Uniform,GendNone,Oral,,,s.,
L000481,guyrajetapa,noun,,,,,Uniform,GendNone,Oral,,,s.,
L000482,guyraju,noun,,,,,Uniform,GendNone,Oral,,,s.,
L000483,guyrajura,noun,,,,,Uniform,GendNone,Oral,,,s.,
L000484,guyrapa,noun,,,,,Uniform,GendNone,Oral,,,s.,
L000485,guyratĩ,noun,,,,,Uniform,GendNone,Nasal,,,s.,
L000486,guyraũ,noun,,,,,Uniform,GendNone,Nasal,,,s.,
L000487,guyru,verb,Aireal,,false,,,,Oral,,CHECK_TRANSITIVITY,v. air.,
L000488,guyry,noun,,,,,Uniform,GendNone,Oral,,,s.,
L000489,guyryry,noun,,,,,Uniform,GendNone,Oral,,,s.,
L000490,guy'u,verb,Aireal,,false,,,,Oral,,CHECK_TRANSITIVITY,v. air.,
L000491,gy,suf,,,,,,,Oral,,,suf. a. n.,
L000492,ha,noun,,,,,Uniform,GendNone,Oral,,,s.,
L000493,tanda,verb,Areal,,false,,,,Nasal,,CHECK_TRANSITIVITY,v.|conj.,
L000493,tanda,conj,,,,,,,Nasal,,,v.|conj.,
L000494,ha'a,verb,Areal,,false,,,,Oral,,CHECK_TRANSITIVITY,v.,
L000495,ha'ã,noun,,,,,Triform,GendNone,Nasal,,,t.|s.|v. pr.,
L000495,ha'ã,verb,Areal,Transitive,false,,,,Nasal,,CHECK_VERB_CLASS|CHECK_TRANSITIVITY,t.|s.|v. pr.,apostar
L000496,ha'ãha,noun,,,,,Triform,GendNone,Nasal,,,t.|s.,
L000497,ha'ãmba,verb,Areal,,false,,,,Nasal,,CHECK_NASAL_COMPOUND|CHECK_TRANSITIVITY,t.|v.,
L000498,ha'anga,verb,Areal,Transitive,false,,,,Nasal,,CHECK_TRANSITIVITY,t.|v.,amenazar
L000499,ha'angahai,noun,,,,,Triform,GendNone,Nasal,,,neol.|t.|s.,
L000500,ha'ãra,noun,,,,,Uniform,GendNone,Nasal,,,s.,
L000501,ha'ãrã'ỹ,adj,,,,,,,Nasal,,CHECK_NASAL_COMPOUND,t.|adj.,
L000502,ha'arõ,verb,Areal,,false,,,,Nasal,,CHECK_TRANSITIVITY,t.|v.,
L000503,ha'e,pron,,,,,,,Oral,,,pron.,
L000504,ha'éicha,adv,,,,,,,Oral,,,adv.,
L000505,ha'entese,noun,,,,,Uniform,GendNone,Nasal,,,s.,
L000506,ha'eño,adj,,,,,,,Nasal,,,adj.,
L000507,ha'ete,pron,,,,,,,Oral,,,pron.|adv.|v.,
L000507,ha'ete,adv,,,,,,,Oral,,,pron.|adv.|v.,
L000507,ha'ete,verb,Areal,,false,,,,Oral,,CHECK_TRANSITIVITY,pron.|adv.|v.,
L000508,ha'etegua,adj,,,,,,,Oral,,,adj.,
L000509,ha'eteícha,adv,,,,,,,Oral,,,adv.,
L000510,ha'etépe,adv,,,,,,,Oral,,,adv.,
L000511,ha'etéva,adj,,,,,,,Oral,,,adj.,
L000512,ha'eve,adj,,,,,,,Oral,,,adj.,
L000513,capaz,noun,,,,,Uniform,GendNone,Oral,,,s.,
L000514,ha'eve'ỹ,adj,,,,,,,Nasal,,,adj.|s.,
L000514,ha'eve'ỹ,noun,,,,,Uniform,GendNone,Nasal,,,adj.|s.,
L000515,hagẽ,adj,,,,,,,Nasal,,,t.|adj.,
L000516,hague,adj,,,,,,,Oral,,,t.|adj.|s.,
L000516,hague,noun,,,,,Triform,GendNone,Oral,,,t.|adj.|s.,
L000517,hague'o,verb,Areal,Transitive,false,,,,Oral,,CHECK_TRANSITIVITY,t.|v.,depilar
L000518,haguyno,adj,,,,,,,Oral,,,t.|adj.|s.,
L000518,haguyno,noun,,,,,Triform,GendNone,Oral,,,t.|adj.|s.,
L000519,haguyrõ,adj,,,,,,,Nasal,,,t.|adj.,
L000520,hai,noun,,,,,Uniform,GendNone,Oral,,,s.|v. pr.,
L000520,hai,verb,Areal,Transitive,false,,,,Oral,,CHECK_VERB_CLASS|CHECK_TRANSITIVITY,s.|v. pr.,rayar
L000521,hái,adj,,,,,,,Oral,,,adj.|v. atr.,
L000521,hái,verb,Chendal,,false,,,,Oral,,CHECK_TRANSITIVITY,adj.|v. atr.,
L000522,haiha,noun,,,,,Uniform,GendNone,Oral,,,neol.|s.,
L000523,haihára,noun,,,,,Uniform,GendNone,Oral,,,neol.|s.,
L000524,haijerepy,noun,,,,,Uniform,GendNone,Oral,,,neol.|s.,
L000525,haimbe,adj,,,,,,,Nasal,,,adj.|s.,
L000525,haimbe,noun,,,,,Uniform,GendNone,Nasal,,,adj.|s.,
L000526,Filo,verb,Areal,,false,,,,Oral,,CHECK_VERB_CLASS|CHECK_TRANSITIVITY,v. pr.,
L000527,haimbe'e,verb,Areal,Transitive,false,,,,Nasal,,CHECK_VERB_CLASS|CHECK_TRANSITIVITY,v. pr.,afilar
L000528,haimbe'eha,noun,,,,,Uniform,GendNone,Nasal,,,s.,
L000529,haimbe'ỹ,adj,,,,,,,Nasal,,,adj.,
L000530,hãimbíra,noun,,,,,Triform,GendNone,Nasal,,,t.|s.,
L000531,hãimbiti,adj,,,,,,,Nasal,,,t.|adj.,
L000532,haimbyry,noun,,,,,Uniform,GendNone,Nasal,,,neol.|s.,
L000533,háime,adv,,,,,,,Oral,,,adv.,
L000534,haimete,adv,,,,,,,Oral,,,adv.,
L000535,hainga,adj,,,,,,,Nasal,,,adj.,
L000536,desafilado,verb,Areal,,false,,,,Oral,,CHECK_VERB_CLASS|CHECK_TRANSITIVITY,v. pr.,
L000537,haipyre,adj,,,,,,,Oral,,,neol.|adj.,
L000538,haipyvo,noun,,,,,Uniform,GendNone,Oral,,,neol.|s.,
L000539,haysyry,other,,,,,,,Oral,,,neol.,
L000540,haitĩ,noun,,,,,Uniform,GendNone,Nasal,,,neol.|s.,
L000541,haitypo,verb,Areal,Intransitive,false,,,,Oral,,CHECK_TRANSITIVITY,t.|v.,anidar
L000542,hajy,noun,,,,,Triform,GendNone,Oral,,,t.|s.,
L000543,hajygue,adj,,,,,,,Oral,,,t.|adj.,
L000544,hakã,noun,,,,,Triform,GendNone,Nasal,,,t.|s.,
L000545,hakãkytĩ,verb,Areal,,false,,,,Nasal,,CHECK_NASAL_COMPOUND|CHECK_TRANSITIVITY,t.|v.,
L000546,haka'o,verb,Areal,,false,,,,Oral,,CHECK_TRANSITIVITY,t.|v.,
L000547,hakate'ỹ,adj,,,,,,,Nasal,,,t.|adj.,
L000548,háke,other,,,,,,,Oral,,,interj.,
L000549,haku,adj,,,,,,,Oral,,,adj.,
L000550,hakua,adj,,,,,,,Oral,,,t.|adj.,
L000551,hakuchi,adj,,,,,,,Oral,,,t.|adj.,
L000552,hauvy,adj,,,,,,,Oral,,,t.|adj.,
L000553,hakykuerigua,adj,,,,,,,Oral,,,t.|adj.,
L000554,ha'o,adj,,,,,,,Oral,,,t.|adj.,
L000555,hapejoko,verb,Areal,,false,,,,Oral,,CHECK_TRANSITIVITY,t.|v.,
L000556,hapera'arõ,verb,Areal,Transitive,false,,,,Nasal,,CHECK_TRANSITIVITY,t.|v.,acechar
L000557,hapereka,verb,Areal,Intransitive,false,,,,Oral,,CHECK_TRANSITIVITY,t.|v.,rumbear
L000558,hapi'u,verb,Areal,,false,,,,Oral,,CHECK_VERB_CLASS|CHECK_TRANSITIVITY,v. pr.,
L000559,hapo'o,verb,Areal,Transitive,false,,,,Oral,,CHECK_TRANSITIVITY,t.|v.,arrancar
L000560,hapy,verb,Areal,Transitive,false,,,,Oral,,CHECK_TRANSITIVITY,t.|v.,atormentar
L000561,hapykuerigua,adj,,,,,,,Oral,,,t.|adj.,
L000562,hapypyre,adj,,,,,,,Oral,,,t.|adj.,
L000563,hara,verb,Areal,Transitive,false,,,,Oral,,CHECK_VERB_CLASS|CHECK_TRANSITIVITY,v. pr.,deshacer
L000564,haro,verb,Areal,,false,,,,Oral,,CHECK_VERB_CLASS|CHECK_TRANSITIVITY,v. pr.,
L000565,haru,verb,Areal,Transitive,false,,,,Oral,,CHECK_VERB_CLASS|CHECK_TRANSITIVITY,v. pr.,desgraciar
L000566,haruha,noun,,,,,Uniform,GendNone,Oral,,,s.,
L000567,harúva,adj,,,,,,,Oral,,,adj.,
L000568,hary,verb,Areal,,false,,,,Oral,,CHECK_VERB_CLASS|CHECK_TRANSITIVITY,v. pr.,
L000569,harypyre,adj,,,,,,,Oral,,,adj.,
L000570,haryvo,verb,Areal,Transitive,false,,,,Oral,,CHECK_VERB_CLASS|CHECK_TRANSITIVITY,v. pr.,desvainar
L000571,hasa,verb,Areal,Ambitransitive,false,,,,Oral,,CHECK_TRANSITIVITY|CHECK_AMBITRANSITIVE,t.|v.,exceder
L000572,hasaha,noun,,,,,Triform,GendNone,Oral,,,t.|s.,
L000573,hasaha'i,noun,,,,,Triform,GendNone,Oral,,,t.|s.,
L000574,hasahára,noun,,,,,Triform,GendNone,Oral,,,t.|s.,
L000575,hasa'ỹha,adj,,,,,,,Nasal,,CHECK_NASAL_COMPOUND,t.|adj.,
L000576,hasẽ,verb,Chendal,Intransitive,false,,,,Nasal,,CHECK_TRANSITIVITY,v. atr.,ulular
L000577,háse,noun,,,,,Uniform,GendNone,Oral,,,h.|s.,
L000578,hasy,adj,,,,,,,Oral,,,t.|adj.,
L000579,hasykatúva,adj,,,,,,,Oral,,,t.|adj.,
L000580,hasymombia,verb,Areal,Transitive,false,,,,Nasal,,CHECK_TRANSITIVITY,t.|neol.|v.,vacunar
L000581,hasy'ỹ,adj,,,,,,,Nasal,,,t.|adj.|s.,
L000581,hasy'ỹ,noun,,,,,Triform,GendNone,Nasal,,,t.|adj.|s.,
L000582,hatã,adj,,,,,,,Nasal,,,t.|adj.|adv.,
L000582,hatã,adv,,,,,,,Nasal,,,t.|adj.|adv.,
L000583,hatãkue,noun,,,,,Triform,GendNone,Nasal,,CHECK_NASAL_COMPOUND,t.|s.,
L000584,hatapyña,verb,Areal,Transitive,false,,,,Nasal,,CHECK_TRANSITIVITY,t.|v.,atizar
L000585,hatapyñaha,noun,,,,,Triform,GendNone,Nasal,,CHECK_NASAL_COMPOUND,t.|s.,
L000586,hatatĩ,verb,Areal,,false,,,,Nasal,,CHECK_TRANSITIVITY,t.|v.,
L000587,hatã'ỹva,adj,,,,,,,Nasal,,CHECK_NASAL_COMPOUND,t.|adj.,
L000588,hatĩ,adj,,,,,,,Nasal,,,t.|adj.,
L000589,hati'õ,verb,Areal,,false,,,,Nasal,,CHECK_TRANSITIVITY,t.|v.,
L000590,hatĩpẽva,other,,,,,,,Nasal,,CHECK_NASAL_COMPOUND,t.,
L000591,hatĩva,adj,,,,,,,Nasal,,,t.|adj.,
L000592,ha'u,verb,Areal,,false,,,,Oral,,CHECK_TRANSITIVITY,v.,
L000593,ha'uvõ,noun,,,,,Triform,GendNone,Nasal,,,t.|s.|v. pr.,
L000593,ha'uvõ,verb,Areal,Transitive,false,,,,Nasal,,CHECK_VERB_CLASS|CHECK_TRANSITIVITY,t.|s.|v. pr.,augurar
L000594,havara,adj,,,,,,,Oral,,,adj.,
L000595,havẽ,adj,,,,,,,Nasal,,,t.|adj.,
L000596,havere,noun,,,,,Triform,GendNone,Oral,,,t.|s.|v. pr.,
L000596,havere,verb,Areal,,false,,,,Oral,,CHECK_VERB_CLASS|CHECK_TRANSITIVITY,t.|s.|v. pr.,
L000597,havía,noun,,,,,Uniform,GendNone,Oral,,,s.,
L000598,haviju,adj,,,,,,,Oral,,,t.|adj.,
L000599,havira,verb,Areal,Transitive,false,,,,Oral,,CHECK_TRANSITIVITY,t.|v.,azotar
L000600,haviru,adj,,,,,,,Oral,,,t.|adj.,
L000601,havi'u,noun,,,,,Triform,GendNone,Oral,,,t.|s.|v. pr.,
L000601,havi'u,verb,Areal,Transitive,false,,,,Oral,,CHECK_VERB_CLASS|CHECK_TRANSITIVITY,t.|s.|v. pr.,acariciar
L000602,havõ,noun,,,,,Uniform,GendNone,Nasal,,,h.|s.,
L000603,havyka,verb,Areal,Transitive,false,,,,Oral,,CHECK_VERB_CLASS|CHECK_TRANSITIVITY,v. pr.,escarbar
L000604,hayhu,verb,Areal,Transitive,false,,,,Oral,,CHECK_TRANSITIVITY,t.|v.,amar
L000605,hayhuha,noun,,,,,Triform,GendNone,Oral,,,t.|s.,
L000606,hayhupy,noun,,,,,Triform,GendNone,Oral,,,t.|s.,
L000607,hayhupyre,adj,,,,,,,Oral,,,t.|adj.,
L000608,hayhuve,verb,Areal,Transitive,false,,,,Oral,,CHECK_TRANSITIVITY,t.|v.,preferir
L000609,hayhu'ỹ,verb,Areal,,false,,,,Nasal,,CHECK_TRANSITIVITY,t.|v.,
L000610,ha'ỹijo,verb,Areal,Transitive,false,,,,Nasal,,CHECK_NASAL_COMPOUND|CHECK_TRANSITIVITY,t.|v.,desmotar
L000611,ha'ỹi'o,verb,Areal,Transitive,false,,,,Nasal,,CHECK_NASAL_COMPOUND|CHECK_VERB_CLASS|CHECK_TRANSITIVITY,t.|v.|v. pr.,castrar
L000612,he,adj,,,,,,,Oral,,,adj.,
L000613,hecha,verb,Areal,Ambitransitive,false,,,,Oral,,CHECK_TRANSITIVITY|CHECK_AMBITRANSITIVE,t.|v.,atender
L000614,hechaga'u,verb,Areal,Transitive,false,,,,Oral,,CHECK_TRANSITIVITY,t.|v.,añorar
L000615,hechga'úva,adj,,,,,,,Oral,,,t.|adj.,
L000616,hechahare,noun,,,,,Triform,GendNone,Oral,,,t.|s.,
L000617,hechakuaha,verb,Areal,Transitive,false,,,,Oral,,CHECK_TRANSITIVITY,t.|v.,comprender
L000618,hechauaha'ỹ,noun,,,,,Triform,GendNone,Nasal,,,t.|s.,
L000619,hechambyky,adj,,,,,,,Nasal,,,t.|adj.,
L000620,hechapy,adj,,,,,,,Oral,,,t.|adj.,
L000621,hechapyrã,adj,,,,,,,Nasal,,,t.|adj.,
L000622,hechapyrãite,adj,,,,,,,Nasal,,CHECK_NASAL_COMPOUND,t.|adj.,
L000623,hechapyre,adj,,,,,,,Oral,,,t.|adj.,
L000624,hecharamo,verb,Areal,Transitive,false,,,,Oral,,CHECK_TRANSITIVITY,t.|v.,admirar
L000625,hecharamomby,adj,,,,,,,Nasal,,,t.|adj.,
L000626,hecharei,verb,Areal,,false,,,,Oral,,CHECK_TRANSITIVITY,t.|v.,
L000627,hechauka,verb,Areal,Transitive,false,,,,Oral,,CHECK_TRANSITIVITY,t.|v.,demostrar
L000628,hechavy,verb,Areal,Transitive,false,,,,Oral,,CHECK_TRANSITIVITY,t.|v.,entrever
L000629,hecha'ỹ,adj,,,,,,,Nasal,,,adj.,
L000630,heẽ,adv,,,,,,,Nasal,,,adv.,
L000631,he'ẽ,adj,,,,,,,Nasal,,,adj.,
L000632,he'i,verb,Irregular,,true,Irreg_E,,,Oral,,CONJUGATED_FORM_OF_E_3sg,v.,
L000633,heindy,noun,,,,,Triform,GendNone,Nasal,,,t.|s.,
L000634,he'ise,verb,Areal,,false,,,,Oral,,CHECK_TRANSITIVITY,v.,
L000635,he'iséva,noun,,,,,Uniform,GendNone,Oral,,,s.,
L000636,he'iva,noun,,,,,Uniform,GendNone,Oral,,,s.,
L000637,heja,verb,Areal,Ambitransitive,false,,,,Oral,,CHECK_TRANSITIVITY|CHECK_AMBITRANSITIVE,t.|v.,abandonar
L000638,hejapyra'ỹ,adj,,,,,,,Nasal,,,t.|adj.,
L000639,heka,verb,Areal,Ambitransitive,false,,,,Oral,,CHECK_TRANSITIVITY|CHECK_AMBITRANSITIVE,t.|v.,buscar
L000640,hekoatã,adj,,,,,,,Nasal,,,t.|adj.,
L000641,hekojoja,adj,,,,,,,Oral,,,t.|adj.,
L000642,hekokatu,adj,,,,,,,Oral,,,t.|adj.,
L000643,hekombo'e,verb,Areal,Ambitransitive,false,,,,Nasal,,CHECK_TRANSITIVITY|CHECK_AMBITRANSITIVE,t.|v.,aconsejar
L000644,hekombyai,verb,Areal,Transitive,false,,,,Nasal,,CHECK_TRANSITIVITY,t.|v.,damnificar
L000645,hekome'ẽ,verb,Areal,Intransitive,false,,,,Nasal,,CHECK_TRANSITIVITY,t.|v.,legislar
L000646,hekópe,adv,,,,,,,Oral,,,t.|adv.,
L000647,hekopegua,adj,,,,,,,Oral,,,t.|adj.,
L000648,hekopegua'ỹ,adj,,,,,,,Nasal,,,t.|adj.,
L000649,hekope'ỹ,adj,,,,,,,Nasal,,,t.|adj.,
L000650,incorrecto,adv,,,,,,,Oral,,,adv.,
L000651,hekoporã,adj,,,,,,,Nasal,,,t.|adj.,
L000652,hekora'ã,verb,Areal,Transitive,false,,,,Nasal,,CHECK_TRANSITIVITY,t.|v.,imitar
L000653,hekorei,adj,,,,,,,Oral,,,t.|adj.,
L000654,hekovai,adj,,,,,,,Oral,,,t.|adj.,
L000655,hekovia,noun,,,,,Triform,GendNone,Oral,,,t.|s.,
L000656,hekua,noun,,,,,Triform,GendNone,Oral,,,t.|s.,
L000657,hekuavo,verb,Areal,Transitive,false,,,,Oral,,CHECK_VERB_CLASS|CHECK_TRANSITIVITY,v. pr.,vaciar
L000658,hekua'ỹ,noun,,,,,Triform,GendNone,Nasal,,,t.|s.|adv.,
L000658,hekua'ỹ,adv,,,,,,,Nasal,,,t.|s.|adv.,
L000659,hekue,noun,,,,,Uniform,GendNone,Oral,,,s.,
L000660,hembe'yva,adj,,,,,,,Nasal,,,t.|adj.,
L000661,hembiayhu,adj,,,,,,,Nasal,,,t.|adj.,
L000662,hembireko'ỹva,adj,,,,,,,Nasal,,CHECK_NASAL_COMPOUND,t.|adj.,
L000663,hembi'u'apo,verb,Areal,,false,,,,Nasal,,CHECK_TRANSITIVITY,t.|v.,
L000664,hembi'ume'ẽ,verb,Areal,Transitive,false,,,,Nasal,,CHECK_TRANSITIVITY,t.|v.,alimentar
L000665,hemby,verb,Areal,Intransitive,false,,,,Nasal,,CHECK_TRANSITIVITY,t.|v.,exceder
L000666,hemói,verb,Areal,,false,,,,Oral,,CHECK_TRANSITIVITY,t.|v.,
L000667,hendape'ỹ,adv,,,,,,,Nasal,,,t.|adv.,
L000668,hendave'ỹ,adj,,,,,,,Nasal,,,t.|adj.,
L000669,henda'ỹ,adj,,,,,,,Nasal,,,t.|adj.,
L000670,henda'ỹme,adv,,,,,,,Nasal,,CHECK_NASAL_COMPOUND,t.|adv.,
L000671,hendu,verb,Areal,,false,,,,Nasal,,CHECK_TRANSITIVITY,t.|v.,
L000672,henduha,noun,,,,,Triform,GendNone,Nasal,,,t.|s.,
L000673,henduhára,noun,,,,,Triform,GendNone,Nasal,,,t.|s.,
L000674,henduhare,noun,,,,,Triform,GendNone,Nasal,,,t.|s.,
L000675,henduka,verb,Areal,Transitive,false,,,,Nasal,,CHECK_TRANSITIVITY,t.|v.,pregonar
L000676,hendupyrã,adj,,,,,,,Nasal,,,t.|adj.|s.,
L000676,hendupyrã,noun,,,,,Triform,GendNone,Nasal,,,t.|adj.|s.,
L000677,hendupyre,adj,,,,,,,Nasal,,,t.|adj.,
L000678,hendypu,adj,,,,,,,Nasal,,,t.|adj.,
L000679,henói,verb,Areal,Transitive,false,,,,Oral,,CHECK_TRANSITIVITY,t.|v.,invocar
L000680,henoypyre,adj,,,,,,,Oral,,,t.|adj.,
L000681,henonde'a,verb,Areal,Transitive,false,,,,Nasal,,CHECK_TRANSITIVITY,t.|v.,ganar
L000682,henyhẽ,adj,,,,,,,Nasal,,,t.|adj.,
L000683,henyhẽmba,adj,,,,,,,Nasal,,CHECK_NASAL_COMPOUND,t.|adj.,
L000684,henypy'ãvã,adj,,,,,,,Nasal,,CHECK_NASAL_COMPOUND,t.|adj.,
L000685,heñói,verb,Areal,Intransitive,false,,,,Nasal,,CHECK_TRANSITIVITY,v.,germinar
L000686,heñóiva,adj,,,,,,,Nasal,,,t.|adj.,
L000687,he'õ,adj,,,,,,,Nasal,,,t.|adj.,
L000688,hepy,adj,,,,,,,Oral,,,t.|adj.,
L000689,hepyguejy,verb,Areal,,false,,,,Oral,,CHECK_TRANSITIVITY,t.|v.,
L000690,hepy'íva,adj,,,,,,,Oral,,,t.|adj.,
L000691,hepyme'ẽ,verb,Areal,Transitive,false,,,,Nasal,,CHECK_TRANSITIVITY,t.|v.,costear
L000692,hepyme'ẽva,noun,,,,,Triform,GendNone,Nasal,,CHECK_NASAL_COMPOUND,t.|s.,
L000693,héra,noun,,,,,Uniform,GendNone,Oral,,,s.,
L000694,heraitépe,adv,,,,,,,Oral,,,t.|adv.,
L000695,herakuã,adj,,,,,,,Nasal,,,t.|adj.,
L000696,herekua,noun,,,,,Triform,GendNone,Oral,,,t.|s.,
L000697,herekuave'ỹme,adv,,,,,,,Nasal,,CHECK_NASAL_COMPOUND,t.|adv.,
L000698,herekuávo,adv,,,,,,,Oral,,,t.|adv.,
L000699,hero,noun,,,,,Triform,GendNone,Oral,,,t.|s.,
L000700,heropyre,adj,,,,,,,Oral,,,t.|adj.,
L000701,herunguã,adj,,,,,,,Nasal,,,adj.|s.,
L000701,herunguã,noun,,,,,Uniform,GendNone,Nasal,,,adj.|s.,
L000702,hesaguasu,adj,,,,,,,Oral,,,t.|adj.,
L000703,hesãi,adj,,,,,,,Nasal,,,t.|adj.,
L000704,hesaite,adj,,,,,,,Oral,,,t.|adj.,
L000705,hesaite'o,verb,Areal,Transitive,false,,,,Oral,,CHECK_TRANSITIVITY,t.|v.,domar
L000706,hesakã,adj,,,,,,,Nasal,,,t.|adj.,
L000707,hesakuaguyry,adj,,,,,,,Oral,,,t.|adj.,
L000708,hesakuape,adj,,,,,,,Oral,,,t.|adj.,
L000709,hesamo'ã,verb,Areal,,false,,,,Nasal,,CHECK_TRANSITIVITY,t.|v.,
L000710,hesangy,adj,,,,,,,Nasal,,,t.|adj.,
L000711,hesape,verb,Areal,Ambitransitive,false,,,,Oral,,CHECK_TRANSITIVITY|CHECK_AMBITRANSITIVE,t.|v.,esclarecer
L000712,hesape'a,verb,Areal,Transitive,false,,,,Oral,,CHECK_TRANSITIVITY,t.|v.,avispar
L000713,hesapirĩ,verb,Areal,,false,,,,Nasal,,CHECK_TRANSITIVITY,t.|v.,
L000714,hesarái,verb,Areal,,false,,,,Oral,,CHECK_TRANSITIVITY,t.|v.,
L000715,hesaraipyre,adj,,,,,,,Oral,,,t.|adj.,
L000716,hesarai'ỹva,adj,,,,,,,Nasal,,CHECK_NASAL_COMPOUND,t.|adj.,
L000717,hesarea,verb,Areal,Transitive,false,,,,Oral,,CHECK_TRANSITIVITY,t.|v.,desconcertar
L000718,hesareaha,adj,,,,,,,Oral,,,t.|adj.,
L000719,hesavã,adj,,,,,,,Nasal,,,t.|adj.,
L000720,hesayva,adj,,,,,,,Oral,,,t.|adj.,
L000721,hesy,verb,Areal,Transitive,false,,,,Oral,,CHECK_TRANSITIVITY,t.|v.,asar
L000722,hesyha,noun,,,,,Triform,GendNone,Oral,,,t.|s.,
L000723,hesypyre,adj,,,,,,,Oral,,,t.|adj.,
L000724,heta,adj,,,,,,,Oral,,,t.|adj.|adv.,
L000724,heta,adv,,,,,,,Oral,,,t.|adj.|adv.,
L000725,hetakue,noun,,,,,Triform,GendNone,Oral,,,t.|s.,
L000726,hetami,adj,,,,,,,Oral,,,t.|adj.,
L000727,hetave,adv,,,,,,,Oral,,,t.|adv.,
L000728,hete,noun,,,,,Triform,GendNone,Oral,,,t.|s.,
L000729,heteỹ,adj,,,,,,,Nasal,,,t.|adj.,
L000730,hetia'e,adj,,,,,,,Oral,,,t.|adj.,
L000731,hetũ,verb,Areal,Transitive,false,,,,Nasal,,CHECK_TRANSITIVITY,t.|v.,besar
L000732,hetyma,noun,,,,,Triform,GendNone,Oral,,,t.|s.,
L000733,he'ỹ,adj,,,,,,,Nasal,,,adj.,
L000734,he'ỹi,verb,Areal,Transitive,false,,,,Nasal,,CHECK_TRANSITIVITY,t.|v.,rascar
L000735,hi'ã,verb,Areal,Transitive,false,,,,Nasal,,CHECK_TRANSITIVITY,v.,apetecer
L000736,hi'aragua,adj,,,,,,,Oral,,,adj.,
L000737,hi'are,adj,,,,,,,Oral,,,adj.,
L000738,hi'ari,adv,,,,,,,Oral,,,adv.,
L000739,hi'áva,adj,,,,,,,Oral,,,adj.,
L000740,hi'a'ỹva,adj,,,,,,,Nasal,,CHECK_NASAL_COMPOUND,adj.,
L000741,hikuái,pron,,,,,,,Oral,,,pron.,
L000742,hína,adv,,,,,,,Oral,,,adv.,
L000743,hi'upy,noun,,,,,Uniform,GendNone,Oral,,,s.,
L000744,hi'yva,adj,,,,,,,Oral,,,adj.,
L000745,ho,noun,,,,,Uniform,GendNone,Oral,,,s.|v.,
L000745,ho,verb,Areal,Ambitransitive,false,,,,Oral,,CHECK_TRANSITIVITY|CHECK_AMBITRANSITIVE,s.|v.,andar
L000746,ho'ẽ,noun,,,,,Uniform,GendNone,Nasal,,,s.,
L000747,hogue'o,verb,Areal,Transitive,false,,,,Oral,,CHECK_TRANSITIVITY,t.|v.,deshojar
L000748,hoja'o,verb,Areal,Transitive,false,,,,Oral,,CHECK_VERB_CLASS|CHECK_TRANSITIVITY,v. pr.,destapar
L000749,hoky'o,verb,Areal,,false,,,,Oral,,CHECK_TRANSITIVITY,t.|v.,
L000750,hory,adj,,,,,,,Oral,,,t.|adj.,
L000751,hory'ỹva,adj,,,,,,,Nasal,,CHECK_NASAL_COMPOUND,t.|adj.,
L000752,hosã,adj,,,,,,,Nasal,,,t.|adj.,
L000753,hova,noun,,,,,Triform,GendNone,Oral,,,t.|s.,
L000754,hovái,other,,,,,,,Oral,,,t.,
L000755,hovaigua,adj,,,,,,,Oral,,,t.|adj.,
L000756,hovaju,adj,,,,,,,Oral,,,t.|adj.,
L000757,hovamokõi,adj,,,,,,,Nasal,,,t.|adj.,
L000758,hovana,noun,,,,,Uniform,GendNone,Oral,,,s.,
L000759,hovapete,verb,Areal,,false,,,,Oral,,CHECK_TRANSITIVITY,t.|v.,
L000760,hovapoi,verb,Areal,,false,,,,Oral,,CHECK_TRANSITIVITY,t.|v.,
L000761,hovapuku,adj,,,,,,,Oral,,,t.|adj.,
L000762,hovasa,verb,Areal,Transitive,false,,,,Oral,,CHECK_TRANSITIVITY,t.|v.,bendecir
L000763,hovasapyre,adj,,,,,,,Oral,,,t.|adj.,
L000764,hovasy,adj,,,,,,,Oral,,,t.|adj.,
L000765,hovatavy,adj,,,,,,,Oral,,,t.|adj.,
L000766,hovy,adj,,,,,,,Oral,,,t.|adj.,
L000767,hovyũ,adj,,,,,,,Nasal,,,t.|adj.,
L000768,ho'ysã,adj,,,,,,,Nasal,,,t.|adj.,
L000769,hũ,adj,,,,,,,Nasal,,,adj.,
L000770,hua'ĩ,verb,Areal,Intransitive,false,,,,Nasal,,CHECK_VERB_CLASS|CHECK_TRANSITIVITY,v. pr.,acudir
L000771,hugua,noun,,,,,Triform,GendNone,Oral,,,t.|s.,
L000772,huguái,noun,,,,,Triform,GendNone,Oral,,,t.|s.,
L000773,huguaitĩ,verb,Areal,,false,,,,Nasal,,CHECK_TRANSITIVITY,t.|v.,
L000774,hugua'o,verb,Areal,,false,,,,Oral,,CHECK_TRANSITIVITY,t.|v.,
L000775,huguy,adj,,,,,,,Oral,,,t.|adj.,
L000776,huguypáva,adj,,,,,,,Oral,,,t.|adj.,
L000777,hu'utĩ,noun,,,,,Uniform,GendNone,Nasal,,,s.,
L000778,humbiri,verb,Areal,Transitive,false,,,,Nasal,,CHECK_VERB_CLASS|CHECK_TRANSITIVITY,v. pr.,apretar
L000779,hunga,verb,Areal,Transitive,false,,,,Nasal,,CHECK_TRANSITIVITY,v.|t.,lacerar
L000780,hũngy,adj,,,,,,,Nasal,,,adj.,
L000781,hupi,verb,Areal,Transitive,false,,,,Oral,,CHECK_TRANSITIVITY,t.|v.,alzar
L000782,hupiha,noun,,,,,Triform,GendNone,Oral,,,t.|s.,
L000783,hupyty,verb,Areal,Ambitransitive,false,,,,Oral,,CHECK_TRANSITIVITY|CHECK_AMBITRANSITIVE,t.|v.,alcanzar
L000784,hupytypyrã,noun,,,,,Triform,GendNone,Nasal,,,t.|s.,
L000785,hu'ũ,adj,,,,,,,Nasal,,,t.|adj.,
L000786,hu'y,noun,,,,,Uniform,GendNone,Oral,,,s.,
L000787,hu'yvo,noun,,,,,Uniform,GendNone,Oral,,,s.|v. atr.,
L000787,hu'yvo,verb,Chendal,,false,,,,Oral,,CHECK_TRANSITIVITY,s.|v. atr.,
L000788,hy'a,noun,,,,,Uniform,GendNone,Oral,,,s.,
L000789,hyakuã,adj,,,,,,,Nasal,,,t.|adj.|v. atr.,
L000789,hyakuã,verb,Chendal,,false,,,,Nasal,,CHECK_TRANSITIVITY,t.|adj.|v. atr.,
L000790,hyakuãvu,adj,,,,,,,Nasal,,CHECK_NASAL_COMPOUND,t.|adj.,
L000791,hyakuã'ỹva,adj,,,,,,,Nasal,,CHECK_NASAL_COMPOUND,t.|adj.,
L000792,hyapu,verb,Areal,Ambitransitive,false,,,,Oral,,CHECK_TRANSITIVITY|CHECK_AMBITRANSITIVE,t.|v.,resonar
L000793,hyekuekytĩ,verb,Areal,,false,,,,Nasal,,CHECK_TRANSITIVITY,t.|v.,
L000794,hyepy,noun,,,,,Triform,GendNone,Oral,,,t.|s.,
L000795,hyepypegua,adj,,,,,,,Oral,,,t.|adj.,
L000796,hyguatã,adj,,,,,,,Nasal,,,t.|adj.,
L000797,hyguatã'ỹ,adj,,,,,,,Nasal,,CHECK_NASAL_COMPOUND,t.|adj.,
L000798,hyjúi,adj,,,,,,,Oral,,,t.|adj.,
L000799,hykuavo,verb,Areal,,false,,,,Oral,,CHECK_TRANSITIVITY,v.,
L000800,hykue'o,verb,Areal,Transitive,false,,,,Oral,,CHECK_TRANSITIVITY,t.|v.,desentrañar
L000801,hykuéva,adj,,,,,,,Oral,,,t.|adj.,
L000802,hypa,adj,,,,,,,Oral,,,t.|adj.,
L000803,hypa'ỹ,adj,,,,,,,Nasal,,,t.|adj.,
L000804,hypy,adj,,,,,,,Oral,,,t.|adj.,
L000805,hypy'ũ,adj,,,,,,,Nasal,,,t.|adj.,
L000806,hyru,noun,,,,,Triform,GendNone,Oral,,,t.|s.,
L000807,hyvi,adj,,,,,,,Oral,,,adj.|s.|v. pr.,
L000807,hyvi,noun,,,,,Uniform,GendNone,Oral,,,adj.|s.|v. pr.,
L000807,hyvi,verb,Areal,Transitive,false,,,,Oral,,CHECK_VERB_CLASS|CHECK_TRANSITIVITY,adj.|s.|v. pr.,deshilar
L000808,a,verb,Areal,,false,,,,Oral,,CHECK_TRANSITIVITY,v.,
L000809,'i,suf,,,,,,,Oral,,,suf. a. n.,
L000810,icha,other,,,,,,,Oral,,,p. n.,
L000811,ichagua,other,,,,,,,Oral,,,p. n.,
L000812,ichupe,pron,,,,,,,Oral,,,pron.,
L000813,iguypegua,adj,,,,,,,Oral,,,adj.,
L000814,ikatu,verb,Areal,,false,,,,Oral,,CHECK_TRANSITIVITY,v.|adv.,
L000814,ikatu,adv,,,,,,,Oral,,,v.|adv.,
L000815,ikatúne,adv,,,,,,,Oral,,,adv.,
L000816,ikatupáva,adj,,,,,,,Oral,,,adj.,
L000817,ikatúva,adj,,,,,,,Oral,,,adj.,
L000818,ikatu'ỹha,noun,,,,,Uniform,GendNone,Nasal,,CHECK_NASAL_COMPOUND,s.,
L000819,ikatu'ỹva,adj,,,,,,,Nasal,,CHECK_NASAL_COMPOUND,adj.,
L000820,ike,verb,Areal,Intransitive,false,,,,Oral,,CHECK_VERB_CLASS|CHECK_TRANSITIVITY,v. pr.,caber
L000821,iko,verb,Areal,Ambitransitive,false,,,,Oral,,CHECK_VERB_CLASS|CHECK_TRANSITIVITY|CHECK_AMBITRANSITIVE,v. pr.,estar
L000822,ikoe,adj,,,,,,,Oral,,,adj.|v. atr.|adv.,
L000822,ikoe,verb,Chendal,Intransitive,false,,,,Oral,,CHECK_TRANSITIVITY,adj.|v. atr.|adv.,diferir
L000822,ikoe,adv,,,,,,,Oral,,,adj.|v. atr.|adv.,
L000823,ikokatu,verb,Areal,Transitive,false,,,,Oral,,CHECK_VERB_CLASS|CHECK_TRANSITIVITY,v. pr.,conseguir
L000824,ikose,verb,Areal,,false,,,,Oral,,CHECK_VERB_CLASS|CHECK_TRANSITIVITY,v. pr.,
L000825,ikove,verb,Areal,Intransitive,false,,,,Oral,,CHECK_VERB_CLASS|CHECK_TRANSITIVITY,v. pr.,existir
L000826,ikua'íva,adj,,,,,,,Oral,,,adj.,
L000827,ikuáva,adj,,,,,,,Oral,,,adj.,
L000828,ilílla,noun,,,,,Uniform,GendNone,Oral,,,h.|s.,
L000829,imba'e,pron,,,,,,,Nasal,,,pron. pos.,
L000830,ime,verb,Areal,Ambitransitive,false,,,,Oral,,CHECK_VERB_CLASS|CHECK_TRANSITIVITY|CHECK_AMBITRANSITIVE,v. pr.,distar
L000831,imo'ã,verb,Areal,Ambitransitive,false,,,,Nasal,,CHECK_VERB_CLASS|CHECK_TRANSITIVITY|CHECK_AMBITRANSITIVE,v. pr.,elucubrar
L000832,imo'ãporãva,adj,,,,,,,Nasal,,CHECK_NASAL_COMPOUND,adj.,
L000833,inga,noun,,,,,Uniform,GendNone,Nasal,,,s.,
L000834,inimbe,noun,,,,,Triform,GendNone,Nasal,,,t.|s.,
L000835,inimbo,noun,,,,,Triform,GendNone,Nasal,,,t.|s.,
L000836,ipahápe,adv,,,,,,,Oral,,,adv.,
L000837,ipi,other,,,,,,,Oral,,,p. n.,
L000838,ipo,suf,,,,,,,Oral,,,suf. a. v.,
L000838,ipo,verb,Areal,,false,,,,Oral,,CHECK_TRANSITIVITY,suf. a. v.,
L000839,iporãma,other,,,,,,,Nasal,,CHECK_NASAL_COMPOUND,interj.,
L000840,iporupy,adj,,,,,,,Oral,,,adj.,
L000841,ipúva,adj,,,,,,,Oral,,,adj.,
L000842,ipuvaíva,adj,,,,,,,Oral,,,adj.,
L000843,irũ,noun,,,,,Uniform,GendNone,Nasal,,,s.,
L000844,irundy,adj,,,,,,,Nasal,,,adj.,
L000845,irundyha,adj,,,,,,,Nasal,,,adj.,
L000846,irundykue,noun,,,,,Uniform,GendNone,Nasal,,,neol.|s.,
L000847,irundypa,adj,,,,,,,Nasal,,,neol.|adj.,
L000848,ita,noun,,,,,Uniform,GendNone,Oral,,,s.,
L000849,itahũ,noun,,,,,Uniform,GendNone,Nasal,,,s.,
L000850,itaju,noun,,,,,Uniform,GendNone,Oral,,,s.,
L000851,itakái,noun,,,,,Uniform,GendNone,Oral,,,neol.|s.,
L000852,itakua,noun,,,,,Uniform,GendNone,Oral,,,s.,
L000853,itakurutĩ,noun,,,,,Uniform,GendNone,Nasal,,,s.,
L000854,itakuruvi,noun,,,,,Uniform,GendNone,Oral,,,s.,
L000855,itangecha,noun,,,,,Uniform,GendNone,Nasal,,,neol.|s.,
L000856,itapa,noun,,,,,Uniform,GendNone,Oral,,,s.,
L000857,itapu,noun,,,,,Uniform,GendNone,Oral,,,neol.|s.,
L000858,itasã,noun,,,,,Uniform,GendNone,Nasal,,,neol.|s.,
L000859,itasy,noun,,,,,Uniform,GendNone,Oral,,,s.,
L000860,itatĩ,noun,,,,,Uniform,GendNone,Nasal,,,s.,
L000861,itaty,noun,,,,,Uniform,GendNone,Oral,,,s.,
L000862,ite,suf,,,,,,,Oral,,,suf. a. n.|suf. a. v.,
L000862,ite,verb,Areal,,false,,,,Oral,,CHECK_TRANSITIVITY,suf. a. n.|suf. a. v.,
L000863,iterei,adv,,,,,,,Oral,,,adv.,
L000864,iteve,suf,,,,,,,Oral,,,suf. a. n.,
L000865,ity,verb,Areal,Transitive,false,,,,Oral,,CHECK_VERB_CLASS|CHECK_TRANSITIVITY,v. pr.,demoler
L000866,'ive,suf,,,,,,,Oral,,,suf. a. v.,
L000866,'ive,verb,Areal,,false,,,,Oral,,CHECK_TRANSITIVITY,suf. a. v.,
L000867,ja,noun,,,,,Uniform,GendNone,Oral,,,s.,
L000868,posibilidad,verb,Areal,,false,,,,Oral,,CHECK_VERB_CLASS|CHECK_TRANSITIVITY,v. pr.,
L000869,ja'e,verb,Irregular,Ambitransitive,true,Irreg_E,,,Oral,,CONJUGATED_FORM_OF_E_1pl_incl|CHECK_AMBITRANSITIVE,v. atr.,querer
L000870,jagua,noun,,,,,Uniform,GendNone,Oral,,,s.,
L000871,jagua'i,noun,,,,,Uniform,GendNone,Oral,,,s.,
L000872,jaguape,noun,,,,,Uniform,GendNone,Oral,,,s.,
L000873,jaguapytã,noun,,,,,Uniform,GendNone,Nasal,,,s.,
L000874,jaguarete,noun,,,,,Uniform,GendNone,Oral,,,s.,
L000875,jaguarete'i,noun,,,,,Uniform,GendNone,Oral,,,s.,
L000876,jaguaru,noun,,,,,Uniform,GendNone,Oral,,,s.,
L000877,jaguary'e,noun,,,,,Uniform,GendNone,Oral,,,s.,
L000878,jaha,verb,Irregular,,true,Irreg_Ho,,,Oral,,CONJUGATED_FORM_OF_Ho_1pl_incl,v.,
L000879,jahapa,noun,,,,,Uniform,GendNone,Oral,,,s.,
L000880,jahape,noun,,,,,Uniform,GendNone,Oral,,,s.,
L000881,jahéi,noun,,,,,Uniform,GendNone,Oral,,,s.|v. pr.,
L000881,jahéi,verb,Areal,Transitive,false,,,,Oral,,CHECK_VERB_CLASS|CHECK_TRANSITIVITY,s.|v. pr.,despreciar
L000882,jahei'ỹ,noun,,,,,Uniform,GendNone,Nasal,,,s.,
L000883,jahe'o,noun,,,,,Uniform,GendNone,Oral,,,s.|v. pr.,
L000883,jahe'o,verb,Areal,Intransitive,false,,,,Oral,,CHECK_VERB_CLASS|CHECK_TRANSITIVITY,s.|v. pr.,llorar
L000884,jaho'i,verb,Areal,Transitive,false,,,,Oral,,CHECK_VERB_CLASS|CHECK_TRANSITIVITY,v. pr.,abrigar
L000885,jaho'i'o,verb,Areal,,false,,,,Oral,,CHECK_VERB_CLASS|CHECK_TRANSITIVITY,v. pr.,
L000886,jaho'ipyre,adj,,,,,,,Oral,,,adj.,
L000887,jahu,verb,Areal,,false,,,,Oral,,CHECK_VERB_CLASS|CHECK_TRANSITIVITY,v. pr.,
L000888,jahuha,other,,,,,,,Oral,,,neol.,
L000889,jai,noun,,,,,Uniform,GendNone,Oral,,,s.,
L000890,jái,adj,,,,,,,Oral,,,adj.,
L000891,jaipa,adj,,,,,,,Oral,,,adj.,
L000892,jaitypo,verb,Areal,Intransitive,false,,,,Oral,,CHECK_VERB_CLASS|CHECK_TRANSITIVITY,v. pr.,anidar
L000893,jajái,noun,,,,,Uniform,GendNone,Oral,,,s.|v. pr.,
L000893,jajái,verb,Areal,,false,,,,Oral,,CHECK_VERB_CLASS|CHECK_TRANSITIVITY,s.|v. pr.,
L000894,jajupiha,noun,,,,,Uniform,GendNone,Oral,,,neol.|s.,
L000895,jakarati'a,noun,,,,,Uniform,GendNone,Oral,,,s.,
L000896,jakare,noun,,,,,Uniform,GendNone,Oral,,,s.,
L000897,jakavere,noun,,,,,Uniform,GendNone,Oral,,,s.,
L000898,jaku,noun,,,,,Uniform,GendNone,Oral,,,s.,
L000899,jakupeti,noun,,,,,Uniform,GendNone,Oral,,,s.,
L000900,ja'o,noun,,,,,Uniform,GendNone,Oral,,,s.|v. pr.,
L000900,ja'o,verb,Areal,Transitive,false,,,,Oral,,CHECK_VERB_CLASS|CHECK_TRANSITIVITY,s.|v. pr.,agraviar
L000901,ja'opy,noun,,,,,Uniform,GendNone,Oral,,,s.,
L000902,ja'opyre,adj,,,,,,,Oral,,,adj.,
L000903,japa,noun,,,,,Uniform,GendNone,Oral,,,s.,
L000904,jápa,noun,,,,,Uniform,GendNone,Oral,,,h.|s.,
L000905,japajeréi,verb,Areal,,false,,,,Oral,,CHECK_VERB_CLASS|CHECK_TRANSITIVITY,v. pr.,
L000906,japajua,adj,,,,,,,Oral,,,adj.,
L000907,japakua,verb,Areal,Transitive,false,,,,Oral,,CHECK_VERB_CLASS|CHECK_TRANSITIVITY,v. pr.,arrollar
L000908,japaro,noun,,,,,Uniform,GendNone,Oral,,,s.|v. pr.,
L000908,japaro,verb,Areal,Intransitive,false,,,,Oral,,CHECK_VERB_CLASS|CHECK_TRANSITIVITY,s.|v. pr.,rodar
L000909,japaso,verb,Areal,,false,,,,Oral,,CHECK_VERB_CLASS|CHECK_TRANSITIVITY,v. pr.,
L000910,jape'o,verb,Areal,,false,,,,Oral,,CHECK_VERB_CLASS|CHECK_TRANSITIVITY,v. pr.,
L000911,japete,noun,,,,,Uniform,GendNone,Oral,,,s.,
L000912,japeusa,noun,,,,,Uniform,GendNone,Oral,,,s.,
L000913,japi,noun,,,,,Uniform,GendNone,Oral,,,s.|v. pr.,
L000913,japi,verb,Areal,Ambitransitive,false,,,,Oral,,CHECK_VERB_CLASS|CHECK_TRANSITIVITY|CHECK_AMBITRANSITIVE,s.|v. pr.,andar
L000914,japo,verb,Areal,Ambitransitive,false,,,,Oral,,CHECK_VERB_CLASS|CHECK_TRANSITIVITY|CHECK_AMBITRANSITIVE,v. pr.,confeccionar
L000915,japokói,verb,Areal,,false,,,,Oral,,CHECK_VERB_CLASS|CHECK_TRANSITIVITY,v. pr.,
L000916,japokuaha,noun,,,,,Uniform,GendNone,Oral,,,s.|v. pr.,
L000916,japokuaha,verb,Areal,,false,,,,Oral,,CHECK_VERB_CLASS|CHECK_TRANSITIVITY,s.|v. pr.,
L000917,japopa,verb,Areal,Transitive,false,,,,Oral,,CHECK_VERB_CLASS|CHECK_TRANSITIVITY,v. pr.,completar
L000918,japopyre,noun,,,,,Uniform,GendNone,Oral,,,s.,
L000919,japose,verb,Areal,Transitive,false,,,,Oral,,CHECK_VERB_CLASS|CHECK_TRANSITIVITY,v. pr.,proyectar
L000920,japouka,verb,Areal,Transitive,false,,,,Oral,,CHECK_VERB_CLASS|CHECK_TRANSITIVITY,v. pr.,encomendar
L000921,japove,verb,Areal,Transitive,false,,,,Oral,,CHECK_VERB_CLASS|CHECK_TRANSITIVITY,v. pr.,proseguir
L000922,japu,adj,,,,,,,Oral,,,adj.|s.,
L000922,japu,noun,,,,,Uniform,GendNone,Oral,,,adj.|s.,
L000923,macana,verb,Chendal,,false,,,,Oral,,CHECK_TRANSITIVITY,v. atr.,
L000924,japu'ỹ,adj,,,,,,,Nasal,,,adj.,
L000925,japu'ỹre,adv,,,,,,,Nasal,,CHECK_NASAL_COMPOUND,adv.,
L000926,japu'ỹva,adj,,,,,,,Nasal,,CHECK_NASAL_COMPOUND,adj.,
L000927,japyhara,verb,Areal,,false,,,,Oral,,CHECK_VERB_CLASS|CHECK_TRANSITIVITY,v. pr.,
L000928,japyhy,verb,Areal,Transitive,false,,,,Oral,,CHECK_VERB_CLASS|CHECK_TRANSITIVITY,v. pr.,agarrar
L000929,japysaka,noun,,,,,Uniform,GendNone,Oral,,,s.|v. pr.,
L000929,japysaka,verb,Areal,Ambitransitive,false,,,,Oral,,CHECK_VERB_CLASS|CHECK_TRANSITIVITY|CHECK_AMBITRANSITIVE,s.|v. pr.,atender
L000930,jara,verb,Areal,Transitive,false,,,,Oral,,CHECK_VERB_CLASS|CHECK_TRANSITIVITY,v. pr.,sacar
L000931,jára,noun,,,,,Uniform,GendNone,Oral,,,s.,
L000932,jarara,noun,,,,,Uniform,GendNone,Oral,,,s.,
L000933,jararã,noun,,,,,Uniform,GendNone,Nasal,,,s.,
L000934,jarareka,verb,Areal,,false,,,,Oral,,CHECK_VERB_CLASS|CHECK_TRANSITIVITY,v. pr.,
L000935,jara'ỹva,adj,,,,,,,Nasal,,CHECK_NASAL_COMPOUND,adj.,
L000936,jare,adj,,,,,,,Oral,,,adj.|s.,
L000936,jare,noun,,,,,Uniform,GendNone,Oral,,,adj.|s.,
L000937,jari'i,noun,,,,,Uniform,GendNone,Oral,,,s.,
L000938,jaru,noun,,,,,Uniform,GendNone,Oral,,,s.,
L000939,jasuru,verb,Areal,Transitive,false,,,,Oral,,CHECK_VERB_CLASS|CHECK_TRANSITIVITY,v. pr.,invadir
L000940,jasurúva,adj,,,,,,,Oral,,,adj.,
L000941,jasy,noun,,,,,Uniform,GendNone,Oral,,,s.,
L000942,jasyapy,noun,,,,,Uniform,GendNone,Oral,,,neol.|s.,
L000943,jasyho,noun,,,,,Uniform,GendNone,Oral,,,s.,
L000944,jasyjatere,noun,,,,,Uniform,GendNone,Oral,,,s.,
L000945,jasykõi,noun,,,,,Uniform,GendNone,Nasal,,,neol.|s.,
L000946,jasypaha,noun,,,,,Uniform,GendNone,Oral,,,s.,
L000947,jasypakõi,noun,,,,,Uniform,GendNone,Nasal,,,neol.|s.,
L000948,jasypateĩ,noun,,,,,Uniform,GendNone,Nasal,,,neol.|s.,
L000949,jasypegua,adj,,,,,,,Oral,,,adj.,
L000950,jasypo,noun,,,,,Uniform,GendNone,Oral,,,neol.|s.,
L000951,jasypoapy,noun,,,,,Uniform,GendNone,Oral,,,neol.|s.,
L000952,jasypokõi,noun,,,,,Uniform,GendNone,Nasal,,,neol.|s.,
L000953,jasyporundy,noun,,,,,Uniform,GendNone,Nasal,,,neol.|s.,
L000954,jasypoteĩ,noun,,,,,Uniform,GendNone,Nasal,,,neol.|s.,
L000955,jasyrundy,noun,,,,,Uniform,GendNone,Nasal,,,neol.|s.,
L000956,jasyteĩ,noun,,,,,Uniform,GendNone,Nasal,,,neol.|s.,
L000957,jata'i,noun,,,,,Uniform,GendNone,Oral,,,s.,
L000958,jatapy,verb,Areal,Ambitransitive,false,,,,Oral,,CHECK_VERB_CLASS|CHECK_TRANSITIVITY|CHECK_AMBITRANSITIVE,v. pr.,criticar
L000959,jate'i,noun,,,,,Uniform,GendNone,Oral,,,s.,
L000960,jatevu,noun,,,,,Uniform,GendNone,Oral,,,s.,
L000961,jati'i,noun,,,,,Uniform,GendNone,Oral,,,s.,
L000962,jaty,verb,Areal,Transitive,false,,,,Oral,,CHECK_VERB_CLASS|CHECK_TRANSITIVITY,v. pr.,enterrar
L000963,jatyka,verb,Areal,Transitive,false,,,,Oral,,CHECK_VERB_CLASS|CHECK_TRANSITIVITY,v. pr.,cavar
L000964,jatykaha,noun,,,,,Uniform,GendNone,Oral,,,s.,
L000965,jatyko,verb,Areal,,false,,,,Oral,,CHECK_VERB_CLASS|CHECK_TRANSITIVITY,v. pr.,
L000966,jatyta,noun,,,,,Uniform,GendNone,Oral,,,s.,
L000967,ja'u,verb,Areal,,false,,,,Oral,,CHECK_TRANSITIVITY,v.,
L000968,ja'upyrã,adj,,,,,,,Nasal,,,adj.,
L000969,ja'úva,adj,,,,,,,Oral,,,adj.,
L000970,jave,adj,,,,,,,Oral,,,adj.|s.,
L000970,jave,noun,,,,,Uniform,GendNone,Oral,,,adj.|s.,
L000971,javegua,noun,,,,,Uniform,GendNone,Oral,,,s.,
L000972,javete,adv,,,,,,,Oral,,,adv.,
L000973,javeve,adj,,,,,,,Oral,,,adj.|s.|p. n.,
L000973,javeve,noun,,,,,Uniform,GendNone,Oral,,,adj.|s.|p. n.,
L000974,jabiru,verb,Areal,,false,,,,Oral,,CHECK_VERB_CLASS|CHECK_TRANSITIVITY,v. pr.,
L000975,javo'o,verb,Areal,,false,,,,Oral,,CHECK_VERB_CLASS|CHECK_TRANSITIVITY,v. pr.,
L000976,javo'ói,adj,,,,,,,Oral,,,adj.|s.,
L000976,javo'ói,noun,,,,,Uniform,GendNone,Oral,,,adj.|s.,
L000977,javorái,noun,,,,,Uniform,GendNone,Oral,,,s.,
L000978,javorai'o,verb,Areal,,false,,,,Oral,,CHECK_VERB_CLASS|CHECK_TRANSITIVITY,v. pr.,
L000979,javy,noun,,,,,Uniform,GendNone,Oral,,,s.|v. pr.,
L000979,javy,verb,Areal,Intransitive,false,,,,Oral,,CHECK_VERB_CLASS|CHECK_TRANSITIVITY,s.|v. pr.,fallar
L000980,javyky,verb,Areal,Transitive,false,,,,Oral,,CHECK_VERB_CLASS|CHECK_TRANSITIVITY,v. pr.,hurtar
L000981,ja'yvere,verb,Areal,,false,,,,Oral,,CHECK_VERB_CLASS|CHECK_TRANSITIVITY,v. pr.,
L000982,jayvy,adj,,,,,,,Oral,,,adj.,
L000983,je,noun,,,,,Uniform,GendNone,Oral,,,s.,
L000984,je'a,noun,,,,,Uniform,GendNone,Oral,,,s.,
L000985,je'aha,noun,,,,,Uniform,GendNone,Oral,,,s.,
L000986,jeaojyvapepi,verb,Areal,,false,,,,Oral,,CHECK_VERB_CLASS|CHECK_TRANSITIVITY,v. pr.,
L000987,jecha,noun,,,,,Uniform,GendNone,Oral,,,s.|v. pr.,
L000987,jecha,verb,Areal,,false,,,,Oral,,CHECK_VERB_CLASS|CHECK_TRANSITIVITY,s.|v. pr.,
L000988,jechakuaa,noun,,,,,Uniform,GendNone,Oral,,,s.,
L000989,jechauka,noun,,,,,Uniform,GendNone,Oral,,,s.,
L000990,je'e,noun,,,,,Uniform,GendNone,Oral,,,s.,
L000991,jeepy,noun,,,,,Uniform,GendNone,Oral,,,s.,
L000992,jegua,adj,,,,,,,Oral,,,adj.|s.|v. pr.,
L000992,jegua,noun,,,,,Uniform,GendNone,Oral,,,adj.|s.|v. pr.,
L000992,jegua,verb,Areal,,false,,,,Oral,,CHECK_VERB_CLASS|CHECK_TRANSITIVITY,adj.|s.|v. pr.,
L000993,jegua'íva,adj,,,,,,,Oral,,,adj.,
L000994,jeguaka,noun,,,,,Uniform,GendNone,Oral,,,s.,
L000995,jeguareipáva,adj,,,,,,,Oral,,,adj.,
L000996,jeguata,noun,,,,,Uniform,GendNone,Oral,,,s.,
L000997,jeguataha,noun,,,,,Uniform,GendNone,Oral,,,neol.|s.,
L000998,jegua'ỹ,noun,,,,,Uniform,GendNone,Nasal,,,s.,
L000999,jegua'ỹre,adj,,,,,,,Nasal,,CHECK_NASAL_COMPOUND,adj.,
L001000,jeguejy,noun,,,,,Uniform,GendNone,Oral,,,s.,
L001001,jeguejyha,noun,,,,,Uniform,GendNone,Oral,,,s.,
L001002,jegueroviapy,noun,,,,,Uniform,GendNone,Oral,,,s.,
L001003,jegueru,noun,,,,,Uniform,GendNone,Oral,,,s.,
L001004,jeguevi,noun,,,,,Uniform,GendNone,Oral,,,s.,
L001005,jehai,noun,,,,,Uniform,GendNone,Oral,,,s.,
L001006,jehaipyre,noun,,,,,Uniform,GendNone,Oral,,,neol.|s.,
L001007,jehapy,noun,,,,,Uniform,GendNone,Oral,,,s.,
L001008,jeharu,noun,,,,,Uniform,GendNone,Oral,,,s.,
L001009,jehasa,noun,,,,,Uniform,GendNone,Oral,,,s.,
L001010,jehasaha,noun,,,,,Uniform,GendNone,Oral,,,s.,
L001011,jehayhu,adj,,,,,,,Oral,,,adj.,
L001012,jehayhuve,adj,,,,,,,Oral,,,adj.|s.,
L001012,jehayhuve,noun,,,,,Uniform,GendNone,Oral,,,adj.|s.,
L001013,jehayhu'ỹva,adj,,,,,,,Nasal,,CHECK_NASAL_COMPOUND,adj.,
L001014,jehe,other,,,,,,,Oral,,,p. n.,
L001015,jehe'a,noun,,,,,Uniform,GendNone,Oral,,,s.,
L001016,complicación,verb,Areal,,false,,,,Oral,,CHECK_VERB_CLASS|CHECK_TRANSITIVITY,v. pr.,
L001017,jehecha,noun,,,,,Uniform,GendNone,Oral,,,s.,
L001018,jehechauka,noun,,,,,Uniform,GendNone,Oral,,,s.,
L001019,demostración,verb,Areal,,false,,,,Oral,,CHECK_VERB_CLASS|CHECK_TRANSITIVITY,v. pr.,
L001020,jehecháva,adj,,,,,,,Oral,,,adj.,
L001021,jehegua,exp,,,,,,,Oral,,,exp.,
L001022,jehegui,pron,,,,,,,Oral,,,pron.,
L001023,jeheja,noun,,,,,Uniform,GendNone,Oral,,,s.,
L001024,jeheja'ỹ,noun,,,,,Uniform,GendNone,Nasal,,,s.,
L001025,jeheja'ỹre,adv,,,,,,,Nasal,,CHECK_NASAL_COMPOUND,adv.,
L001026,jeheka,noun,,,,,Uniform,GendNone,Oral,,,s.|v. pr.,
L001026,jeheka,verb,Areal,Intransitive,false,,,,Oral,,CHECK_VERB_CLASS|CHECK_TRANSITIVITY,s.|v. pr.,comerciar
L001027,jehekombo'e,verb,Areal,,false,,,,Nasal,,CHECK_VERB_CLASS|CHECK_TRANSITIVITY,v. pr.,
L001028,jehekoporanga,verb,Areal,,false,,,,Nasal,,CHECK_VERB_CLASS|CHECK_TRANSITIVITY,v. pr.,
L001029,jehero,verb,Areal,,false,,,,Oral,,CHECK_VERB_CLASS|CHECK_TRANSITIVITY,v. pr.,
L001030,jehetepyso,verb,Areal,,false,,,,Oral,,CHECK_VERB_CLASS|CHECK_TRANSITIVITY,v. pr.,
L001031,jeheterayhu,noun,,,,,Uniform,GendNone,Oral,,,s.,
L001032,jeho,noun,,,,,Uniform,GendNone,Oral,,,s.,
L001033,jehovañuã,verb,Areal,,false,,,,Nasal,,CHECK_NASAL_COMPOUND|CHECK_VERB_CLASS|CHECK_TRANSITIVITY,v. pr.,
L001034,jehovasa,verb,Areal,,false,,,,Oral,,CHECK_VERB_CLASS|CHECK_TRANSITIVITY,v. pr.,
L001035,jehu,verb,Areal,Ambitransitive,false,,,,Oral,,CHECK_VERB_CLASS|CHECK_TRANSITIVITY|CHECK_AMBITRANSITIVE,v. pr.,acontecer
L001036,jehupa,noun,,,,,Uniform,GendNone,Oral,,,s.,
L001037,jehupi,noun,,,,,Uniform,GendNone,Oral,,,s.,
L001038,jehupyre,noun,,,,,Uniform,GendNone,Oral,,,s.,
L001039,jehupyty,noun,,,,,Uniform,GendNone,Oral,,,s.|v. atr.,
L001039,jehupyty,verb,Chendal,,false,,,,Oral,,CHECK_TRANSITIVITY,s.|v. atr.,
L001040,jehykuavo,noun,,,,,Uniform,GendNone,Oral,,,s.,
L001041,jei,noun,,,,,Uniform,GendNone,Oral,,,s.|v. pr.,
L001041,jei,verb,Areal,Ambitransitive,false,,,,Oral,,CHECK_VERB_CLASS|CHECK_TRANSITIVITY|CHECK_AMBITRANSITIVE,s.|v. pr.,esquivar
L001042,jeike,noun,,,,,Uniform,GendNone,Oral,,,s.,
L001043,jeikeha,noun,,,,,Uniform,GendNone,Oral,,,s.,
L001044,jeiko,noun,,,,,Uniform,GendNone,Oral,,,s.|v. pr.,
L001044,jeiko,verb,Areal,Transitive,false,,,,Oral,,CHECK_VERB_CLASS|CHECK_TRANSITIVITY,s.|v. pr.,ocurrir
L001045,jeikoha,noun,,,,,Uniform,GendNone,Oral,,,s.,
L001046,jeikove,noun,,,,,Uniform,GendNone,Oral,,,s.,
L001047,jeity,noun,,,,,Uniform,GendNone,Oral,,,s.|v. pr.,
L001047,jeity,verb,Areal,,false,,,,Oral,,CHECK_VERB_CLASS|CHECK_TRANSITIVITY,s.|v. pr.,
L001048,jejaho'iha,noun,,,,,Uniform,GendNone,Oral,,,s.,
L001049,jeja'o,noun,,,,,Uniform,GendNone,Oral,,,s.,
L001050,jejapi,noun,,,,,Uniform,GendNone,Oral,,,s.,
L001051,jejapo,adj,,,,,,,Oral,,,adj.|s.,
L001051,jejapo,noun,,,,,Uniform,GendNone,Oral,,,adj.|s.,
L001052,jejapokatúva,adj,,,,,,,Oral,,,adj.,
L001053,jejapopáva,adj,,,,,,,Oral,,,adj.,
L001054,jejaporã,noun,,,,,Uniform,GendNone,Nasal,,,s.,
L001055,jejapose,noun,,,,,Uniform,GendNone,Oral,,,s.,
L001056,jejapose'ỹ,noun,,,,,Uniform,GendNone,Nasal,,,s.,
L001057,jejapóva,adj,,,,,,,Oral,,,adj.,
L001058,jejapove,noun,,,,,Uniform,GendNone,Oral,,,s.,
L001059,jejapo'ỹ,adj,,,,,,,Nasal,,,adj.|s.,
L001059,jejapo'ỹ,noun,,,,,Uniform,GendNone,Nasal,,,adj.|s.,
L001060,jejapyhy,verb,Areal,,false,,,,Oral,,CHECK_VERB_CLASS|CHECK_TRANSITIVITY,v. pr.,
L001061,jejaro,verb,Areal,,false,,,,Oral,,CHECK_VERB_CLASS|CHECK_TRANSITIVITY,v. pr.,
L001062,jejasuru,noun,,,,,Uniform,GendNone,Oral,,,s.,
L001063,jejavy,noun,,,,,Uniform,GendNone,Oral,,,s.,
L001064,desacierto,verb,Areal,,false,,,,Oral,,CHECK_VERB_CLASS|CHECK_TRANSITIVITY,v. pr.,
L001065,jejehe'a,verb,Areal,,false,,,,Oral,,CHECK_VERB_CLASS|CHECK_TRANSITIVITY,v. pr.,
L001066,jejeroviarei,noun,,,,,Uniform,GendNone,Oral,,,s.,
L001067,jejoheiha,noun,,,,,Uniform,GendNone,Oral,,,s.,
L001068,jejoko,noun,,,,,Uniform,GendNone,Oral,,,s.|v. pr.,
L001068,jejoko,verb,Areal,Transitive,false,,,,Oral,,CHECK_VERB_CLASS|CHECK_TRANSITIVITY,s.|v. pr.,soportar
L001069,jejokoha,noun,,,,,Uniform,GendNone,Oral,,,s.,
L001070,jejoko'ỹ,noun,,,,,Uniform,GendNone,Nasal,,,s.,
L001071,jejokuapy,adj,,,,,,,Oral,,,adj.,
L001072,jejopi,noun,,,,,Uniform,GendNone,Oral,,,s.,
L001073,jejopy,adj,,,,,,,Oral,,,adj.|s.,
L001073,jejopy,noun,,,,,Uniform,GendNone,Oral,,,adj.|s.,
L001074,jejopyru,noun,,,,,Uniform,GendNone,Oral,,,s.,
L001075,jejovasa,verb,Areal,,false,,,,Oral,,CHECK_VERB_CLASS|CHECK_TRANSITIVITY,v. pr.,
L001076,jeju,noun,,,,,Uniform,GendNone,Oral,,,s.,
L001077,jejuka,noun,,,,,Uniform,GendNone,Oral,,,s.,
L001078,jejukaha,adj,,,,,,,Oral,,,adj.,
L001079,jejupi,noun,,,,,Uniform,GendNone,Oral,,,s.,
L001080,jejura,noun,,,,,Uniform,GendNone,Oral,,,s.,
L001081,jejuruhéi,noun,,,,,Uniform,GendNone,Oral,,,s.,
L001082,jejuru'o,verb,Areal,,false,,,,Oral,,CHECK_VERB_CLASS|CHECK_TRANSITIVITY,v. pr.,
L001083,jejuru'óva,noun,,,,,Uniform,GendNone,Oral,,,s.,
L001084,jejurupe'a,verb,Areal,,false,,,,Oral,,CHECK_VERB_CLASS|CHECK_TRANSITIVITY,v. pr.,
L001085,jejurupeka,noun,,,,,Uniform,GendNone,Oral,,,s.,
L001086,jejuvoka,adj,,,,,,,Oral,,,adj.,
L001087,jejyvamboi,noun,,,,,Uniform,GendNone,Nasal,,,s.,
L001088,jeka,adj,,,,,,,Oral,,,adj.|s.|v. pr.,
L001088,jeka,noun,,,,,Uniform,GendNone,Oral,,,adj.|s.|v. pr.,
L001088,jeka,verb,Areal,Transitive,false,,,,Oral,,CHECK_VERB_CLASS|CHECK_TRANSITIVITY,adj.|s.|v. pr.,demoler
L001089,jekaguai,noun,,,,,Uniform,GendNone,Oral,,,s.,
L001090,jekái,noun,,,,,Uniform,GendNone,Oral,,,s.,
L001091,jekakaha,noun,,,,,Uniform,GendNone,Oral,,,s.,
L001092,jekakuaha,noun,,,,,Uniform,GendNone,Oral,,,s.,
L001093,jekakue,adj,,,,,,,Oral,,,adj.,
L001094,jeka'u,noun,,,,,Uniform,GendNone,Oral,,,s.,
L001095,jeko,verb,Areal,,false,,,,Oral,,CHECK_VERB_CLASS|CHECK_TRANSITIVITY,v. pr.,
L001096,jekoha,noun,,,,,Uniform,GendNone,Oral,,,s.,
L001097,jekopyty,noun,,,,,Uniform,GendNone,Oral,,,s.|v.,
L001097,jekopyty,verb,Areal,Transitive,false,,,,Oral,,CHECK_TRANSITIVITY,s.|v.,entender
L001098,jekuahapyre,adj,,,,,,,Oral,,,adj.,
L001099,jekuahauka,noun,,,,,Uniform,GendNone,Oral,,,s.,
L001100,jekuahave,verb,Areal,Intransitive,false,,,,Oral,,CHECK_VERB_CLASS|CHECK_TRANSITIVITY,v. pr.,descollar
L001101,jekuaha'ỹ,noun,,,,,Uniform,GendNone,Nasal,,,s.,
L001102,jekuaha'ỹva,adj,,,,,,,Nasal,,CHECK_NASAL_COMPOUND,adj.,
L001103,jekuaru,noun,,,,,Uniform,GendNone,Oral,,,s.,
L001104,jeku'e,noun,,,,,Uniform,GendNone,Oral,,,s.,
L001105,jekutu,noun,,,,,Uniform,GendNone,Oral,,,s.,
L001106,jekyty,noun,,,,,Uniform,GendNone,Oral,,,s.|v. pr.,
L001106,jekyty,verb,Areal,,false,,,,Oral,,CHECK_VERB_CLASS|CHECK_TRANSITIVITY,s.|v. pr.,
L001107,jeive,noun,,,,,Uniform,GendNone,Oral,,,s.|adv.,
L001107,jeive,adv,,,,,,,Oral,,,s.|adv.,
L001108,jeliaha,noun,,,,,Uniform,GendNone,Oral,,,h.|s.,
L001109,je'o,adj,,,,,,,Oral,,,adj.|v. pr.,
L001109,je'o,verb,Areal,Intransitive,false,,,,Oral,,CHECK_VERB_CLASS|CHECK_TRANSITIVITY,adj.|v. pr.,palidecer
L001110,je'ói,noun,,,,,Uniform,GendNone,Oral,,,s.|v. pr.,
L001110,je'ói,verb,Areal,Intransitive,false,,,,Oral,,CHECK_VERB_CLASS|CHECK_TRANSITIVITY,s.|v. pr.,acudir
L001111,je'o'ỹva,adj,,,,,,,Nasal,,CHECK_NASAL_COMPOUND,adj.,
L001112,jepapa,noun,,,,,Uniform,GendNone,Oral,,,s.,
L001113,jepara,noun,,,,,Uniform,GendNone,Oral,,,h.|s.,
L001114,jepe,adv,,,,,,,Oral,,,adv.|conj.,
L001114,jepe,conj,,,,,,,Oral,,,adv.|conj.,
L001115,jepe'a,adj,,,,,,,Oral,,,adj.,
L001116,jepe'aha,noun,,,,,Uniform,GendNone,Oral,,,s.,
L001117,jepe'ava,verb,Areal,,false,,,,Oral,,CHECK_VERB_CLASS|CHECK_TRANSITIVITY,v. pr.,
L001118,jepe'e,verb,Areal,,false,,,,Oral,,CHECK_VERB_CLASS|CHECK_TRANSITIVITY,v. pr.,
L001119,jepeju,noun,,,,,Uniform,GendNone,Oral,,,s.|v. pr.,
L001119,jepeju,verb,Areal,,false,,,,Oral,,CHECK_VERB_CLASS|CHECK_TRANSITIVITY,s.|v. pr.,
L001120,jepejuha,noun,,,,,Uniform,GendNone,Oral,,,s.,
L001121,jepepy,verb,Areal,,false,,,,Oral,,CHECK_VERB_CLASS|CHECK_TRANSITIVITY,v. pr.,
L001122,jepéva,adv,,,,,,,Oral,,,adv.,
L001123,jepeve,conj,,,,,,,Oral,,,conj.,
L001124,jepi,adv,,,,,,,Oral,,,adv.,
L001125,jepichy,noun,,,,,Uniform,GendNone,Oral,,,s.|v. pr.,
L001125,jepichy,verb,Areal,,false,,,,Oral,,CHECK_VERB_CLASS|CHECK_TRANSITIVITY,s.|v. pr.,
L001126,jepigua,adj,,,,,,,Oral,,,adj.,
L001127,jepigua'ỹ,adj,,,,,,,Nasal,,,adj.,
L001128,jepire'o,noun,,,,,Uniform,GendNone,Oral,,,s.,
L001129,jepiro,verb,Areal,,false,,,,Oral,,CHECK_VERB_CLASS|CHECK_TRANSITIVITY,v. pr.,
L001130,jepive,adv,,,,,,,Oral,,,adv.,
L001131,jepo,noun,,,,,Uniform,GendNone,Oral,,,s.,
L001132,jepoapi,verb,Areal,,false,,,,Oral,,CHECK_VERB_CLASS|CHECK_TRANSITIVITY,v. pr.,
L001133,jepohéi,verb,Areal,,false,,,,Oral,,CHECK_VERB_CLASS|CHECK_TRANSITIVITY,v. pr.,
L001134,jepoi,noun,,,,,Uniform,GendNone,Oral,,,s.|v. pr.,
L001134,jepoi,verb,Areal,Ambitransitive,false,,,,Oral,,CHECK_VERB_CLASS|CHECK_TRANSITIVITY|CHECK_AMBITRANSITIVE,s.|v. pr.,acometer
L001135,jepoity,verb,Areal,,false,,,,Oral,,CHECK_VERB_CLASS|CHECK_TRANSITIVITY,v. pr.,
L001136,jepoka,noun,,,,,Uniform,GendNone,Oral,,,s.|v. pr.,
L001136,jepoka,verb,Areal,Intransitive,false,,,,Oral,,CHECK_VERB_CLASS|CHECK_TRANSITIVITY,s.|v. pr.,depender
L001137,jepoko,noun,,,,,Uniform,GendNone,Oral,,,s.,
L001138,jepokogua,adj,,,,,,,Oral,,,adj.,
L001139,jepokói,verb,Areal,,false,,,,Oral,,CHECK_VERB_CLASS|CHECK_TRANSITIVITY,v. pr.,
L001140,jepokokuaháva,adj,,,,,,,Oral,,,adj.,
L001141,jepokuaha,adj,,,,,,,Oral,,,adj.,
L001142,usual,noun,,,,,Uniform,GendNone,Oral,,,s.,
L001143,jepokuahaha,noun,,,,,Uniform,GendNone,Oral,,,s.,
L001144,jepokuaháva,adj,,,,,,,Oral,,,adj.,
L001145,jepokuaha,noun,,,,,Uniform,GendNone,Oral,,,s.,
L001146,jepokuita,verb,Areal,Intransitive,false,,,,Oral,,CHECK_VERB_CLASS|CHECK_TRANSITIVITY,v. pr.,bracear
L001147,jepokyty,verb,Areal,,false,,,,Oral,,CHECK_VERB_CLASS|CHECK_TRANSITIVITY,v. pr.,
L001148,jepopete,noun,,,,,Uniform,GendNone,Oral,,,s.|v. pr.,
L001148,jepopete,verb,Areal,Intransitive,false,,,,Oral,,CHECK_VERB_CLASS|CHECK_TRANSITIVITY,s.|v. pr.,aplaudir
L001149,jepopyhy,verb,Areal,,false,,,,Oral,,CHECK_VERB_CLASS|CHECK_TRANSITIVITY,v. pr.,
L001150,jeporavo,noun,,,,,Uniform,GendNone,Oral,,,s.,
L001151,jeporavopyre,adj,,,,,,,Oral,,,adj.,
L001152,jeporoheka,noun,,,,,Uniform,GendNone,Oral,,,s.,
L001153,jeporu,noun,,,,,Uniform,GendNone,Oral,,,s.,
L001154,jeporuháicha,adv,,,,,,,Oral,,,adv.,
L001155,jeporuka,noun,,,,,Uniform,GendNone,Oral,,,s.,
L001156,jeporukuaha,adj,,,,,,,Oral,,,adj.,
L001157,jeporupyre,adj,,,,,,,Oral,,,adj.,
L001158,jeporuypy,noun,,,,,Uniform,GendNone,Oral,,,s.,
L001159,jepota,noun,,,,,Uniform,GendNone,Oral,,,s.,
L001160,jepotave,adj,,,,,,,Oral,,,adj.,
L001161,jepoupi,verb,Areal,,false,,,,Oral,,CHECK_VERB_CLASS|CHECK_TRANSITIVITY,v. pr.,
L001162,jepovyvy,verb,Areal,Ambitransitive,false,,,,Oral,,CHECK_VERB_CLASS|CHECK_TRANSITIVITY|CHECK_AMBITRANSITIVE,v. pr.,hurgar
L001163,jepoyhu,adj,,,,,,,Oral,,,adj.|s.|v. pr.,
L001163,jepoyhu,noun,,,,,Uniform,GendNone,Oral,,,adj.|s.|v. pr.,
L001163,jepoyhu,verb,Areal,Ambitransitive,false,,,,Oral,,CHECK_VERB_CLASS|CHECK_TRANSITIVITY|CHECK_AMBITRANSITIVE,adj.|s.|v. pr.,maliciar
L001164,jepuru'a,verb,Areal,,false,,,,Oral,,CHECK_VERB_CLASS|CHECK_TRANSITIVITY,v. pr.,
L001165,jepuruypy,noun,,,,,Uniform,GendNone,Oral,,,s.,
L001166,jepy,noun,,,,,Uniform,GendNone,Oral,,,s.|v. pr.,
L001166,jepy,verb,Areal,,false,,,,Oral,,CHECK_VERB_CLASS|CHECK_TRANSITIVITY,s.|v. pr.,
L001167,jepy'ajoko,verb,Areal,Intransitive,false,,,,Oral,,CHECK_VERB_CLASS|CHECK_TRANSITIVITY,v. pr.,merendar
L001168,jepy'ajopy,adj,,,,,,,Oral,,,adj.|v.,
L001168,jepy'ajopy,verb,Areal,,false,,,,Oral,,CHECK_TRANSITIVITY,adj.|v.,
L001169,jepy'amongeta,noun,,,,,Uniform,GendNone,Nasal,,,s.|v. pr.,
L001169,jepy'amongeta,verb,Areal,Ambitransitive,false,,,,Nasal,,CHECK_VERB_CLASS|CHECK_TRANSITIVITY|CHECK_AMBITRANSITIVE,s.|v. pr.,meditar
L001170,jepy'añopũ,verb,Areal,,false,,,,Nasal,,CHECK_NASAL_COMPOUND|CHECK_VERB_CLASS|CHECK_TRANSITIVITY,v. pr.,
L001171,jepy'apy,adj,,,,,,,Oral,,,adj.|s.|v. pr.,
L001171,jepy'apy,noun,,,,,Uniform,GendNone,Oral,,,adj.|s.|v. pr.,
L001171,jepy'apy,verb,Areal,Intransitive,false,,,,Oral,,CHECK_VERB_CLASS|CHECK_TRANSITIVITY,adj.|s.|v. pr.,sufrir
L001172,jepy'aremói,noun,,,,,Uniform,GendNone,Oral,,,s.,
L001173,jepyhéi,verb,Areal,,false,,,,Oral,,CHECK_VERB_CLASS|CHECK_TRANSITIVITY,v. pr.,
L001174,jepyta,noun,,,,,Uniform,GendNone,Oral,,,s.,
L001175,jepytaha,noun,,,,,Uniform,GendNone,Oral,,,s.,
L001176,jepytaka,verb,Areal,,false,,,,Oral,,CHECK_VERB_CLASS|CHECK_TRANSITIVITY,v. pr.,
L001177,jepytaso,adj,,,,,,,Oral,,,adj.|s.,
L001177,jepytaso,noun,,,,,Uniform,GendNone,Oral,,,adj.|s.,
L001178,empeño,verb,Areal,,false,,,,Nasal,,CHECK_VERB_CLASS|CHECK_TRANSITIVITY,v. pr.,
L001179,jepyte,noun,,,,,Uniform,GendNone,Oral,,,s.,
L001180,jepyteha,noun,,,,,Uniform,GendNone,Oral,,,s.,
L001181,jepyvoi,noun,,,,,Uniform,GendNone,Oral,,,s.,
L001182,jepyvu,noun,,,,,Uniform,GendNone,Oral,,,s.,
L001183,jera,adj,,,,,,,Oral,,,adj.|s.,
L001183,jera,noun,,,,,Uniform,GendNone,Oral,,,adj.|s.,
L001184,jere,noun,,,,,Uniform,GendNone,Oral,,,s.|v. pr.,
L001184,jere,verb,Areal,Intransitive,false,,,,Oral,,CHECK_VERB_CLASS|CHECK_TRANSITIVITY,s.|v. pr.,circular
L001185,jereha,noun,,,,,Uniform,GendNone,Oral,,,s.,
L001186,jereko,noun,,,,,Uniform,GendNone,Oral,,,s.|v. pr.,
L001186,jereko,verb,Areal,,false,,,,Oral,,CHECK_VERB_CLASS|CHECK_TRANSITIVITY,s.|v. pr.,
L001187,jerekoha,noun,,,,,Uniform,GendNone,Oral,,,s.,
L001188,jerekue,noun,,,,,Uniform,GendNone,Oral,,,s.,
L001189,jerepy,noun,,,,,Uniform,GendNone,Oral,,,s.,
L001190,jerepyre,adj,,,,,,,Oral,,,adj.,
L001191,jerére,adv,,,,,,,Oral,,,adv.,
L001192,jerereko,noun,,,,,Uniform,GendNone,Oral,,,s.|v. pr.,
L001192,jerereko,verb,Areal,,false,,,,Oral,,CHECK_VERB_CLASS|CHECK_TRANSITIVITY,s.|v. pr.,
L001193,jerekoha,noun,,,,,Uniform,GendNone,Oral,,,s.,
L001194,jererohory,noun,,,,,Uniform,GendNone,Oral,,,s.|v.,
L001194,jererohory,verb,Areal,,false,,,,Oral,,CHECK_TRANSITIVITY,s.|v.,
L001195,jererova,verb,Areal,,false,,,,Oral,,CHECK_VERB_CLASS|CHECK_TRANSITIVITY,v. pr.,
L001196,jero,adj,,,,,,,Oral,,,adj.,
L001197,erguido,verb,Areal,,false,,,,Oral,,CHECK_VERB_CLASS|CHECK_TRANSITIVITY,v. pr.,
L001198,jero'a,adj,,,,,,,Oral,,,adj.|s.|v. pr.,
L001198,jero'a,noun,,,,,Uniform,GendNone,Oral,,,adj.|s.|v. pr.,
L001198,jero'a,verb,Areal,,false,,,,Oral,,CHECK_VERB_CLASS|CHECK_TRANSITIVITY,adj.|s.|v. pr.,
L001199,jeroja,verb,Areal,,false,,,,Oral,,CHECK_VERB_CLASS|CHECK_TRANSITIVITY,v. pr.,
L001200,jerojy,noun,,,,,Uniform,GendNone,Oral,,,s.|v. pr.,
L001200,jerojy,verb,Areal,,false,,,,Oral,,CHECK_VERB_CLASS|CHECK_TRANSITIVITY,s.|v. pr.,
L001201,jeroky,noun,,,,,Uniform,GendNone,Oral,,,s.|v. pr.,
L001201,jeroky,verb,Areal,Intransitive,false,,,,Oral,,CHECK_VERB_CLASS|CHECK_TRANSITIVITY,s.|v. pr.,bailar
L001202,jerokyha,noun,,,,,Uniform,GendNone,Oral,,,s.,
L001203,jerombyasy,noun,,,,,Uniform,GendNone,Nasal,,,s.,
L001204,jerova,noun,,,,,Uniform,GendNone,Oral,,,s.|v. pr.,
L001204,jerova,verb,Areal,Transitive,false,,,,Oral,,CHECK_VERB_CLASS|CHECK_TRANSITIVITY,s.|v. pr.,cambiar
L001205,jerovia,noun,,,,,Uniform,GendNone,Oral,,,s.|v. pr.,
L001205,jerovia,verb,Areal,Ambitransitive,false,,,,Oral,,CHECK_VERB_CLASS|CHECK_TRANSITIVITY|CHECK_AMBITRANSITIVE,s.|v. pr.,confiar
L001206,jeroviaha,adj,,,,,,,Oral,,,adj.|s.,
L001206,jeroviaha,noun,,,,,Uniform,GendNone,Oral,,,adj.|s.,
L001207,jeroviaha'ỹ,adj,,,,,,,Nasal,,,adj.,
L001208,jeroviapy,adj,,,,,,,Oral,,,adj.|s.,
L001208,jeroviapy,noun,,,,,Uniform,GendNone,Oral,,,adj.|s.,
L001209,jeroviarei,adj,,,,,,,Oral,,,adj.,
L001210,jeroviauka,noun,,,,,Uniform,GendNone,Oral,,,s.,
L001211,jeroviaukaha,noun,,,,,Uniform,GendNone,Oral,,,s.,
L001212,jeroviave'ỹ,noun,,,,,Uniform,GendNone,Nasal,,,s.|v. atr.,
L001212,jeroviave'ỹ,verb,Chendal,,false,,,,Nasal,,CHECK_TRANSITIVITY,s.|v. atr.,
L001213,jerovia'ỹ,noun,,,,,Uniform,GendNone,Nasal,,,s.,
L001214,jerovu,adj,,,,,,,Oral,,,adj.|s.,
L001214,jerovu,noun,,,,,Uniform,GendNone,Oral,,,adj.|s.,
L001215,jerovu'ỹ,adj,,,,,,,Nasal,,,adj.|s.,
L001215,jerovu'ỹ,noun,,,,,Uniform,GendNone,Nasal,,,adj.|s.,
L001216,jerure,noun,,,,,Uniform,GendNone,Oral,,,s.,
L001217,solicitud,verb,Areal,,false,,,,Oral,,CHECK_VERB_CLASS|CHECK_TRANSITIVITY,v. pr.,
L001218,jerureha,noun,,,,,Uniform,GendNone,Oral,,,s.,
L001219,jerurepyre,adj,,,,,,,Oral,,,adj.,
L001220,jeruti,noun,,,,,Uniform,GendNone,Oral,,,s.,
L001221,jesape'a,verb,Areal,Transitive,false,,,,Oral,,CHECK_VERB_CLASS|CHECK_TRANSITIVITY,v. pr.,atender
L001222,jesape'áva,adj,,,,,,,Oral,,,adj.,
L001223,jesapy,verb,Areal,,false,,,,Oral,,CHECK_VERB_CLASS|CHECK_TRANSITIVITY,v. pr.,
L001224,jesapymi,verb,Areal,,false,,,,Oral,,CHECK_VERB_CLASS|CHECK_TRANSITIVITY,v. pr.,
L001225,jesapysoha,noun,,,,,Uniform,GendNone,Oral,,,s.,
L001226,jesareko,noun,,,,,Uniform,GendNone,Oral,,,s.|v. pr.,
L001226,jesareko,verb,Areal,Ambitransitive,false,,,,Oral,,CHECK_VERB_CLASS|CHECK_TRANSITIVITY|CHECK_AMBITRANSITIVE,s.|v. pr.,atender
L001227,jeso,noun,,,,,Uniform,GendNone,Oral,,,s.,
L001228,jesoro,noun,,,,,Uniform,GendNone,Oral,,,s.,
L001229,jesu'u,noun,,,,,Uniform,GendNone,Oral,,,s.,
L001230,jetapa,noun,,,,,Uniform,GendNone,Oral,,,s.,
L001231,jetape'avy,verb,Areal,,false,,,,Oral,,CHECK_VERB_CLASS|CHECK_TRANSITIVITY,v. pr.,
L001232,jetavy'o,verb,Areal,,false,,,,Oral,,CHECK_VERB_CLASS|CHECK_TRANSITIVITY,v. pr.,
L001233,jetepyso,noun,,,,,Uniform,GendNone,Oral,,,s.|v. pr.,
L001233,jetepyso,verb,Areal,,false,,,,Oral,,CHECK_VERB_CLASS|CHECK_TRANSITIVITY,s.|v. pr.,
L001234,jetu'u,noun,,,,,Uniform,GendNone,Oral,,,s.|v. pr.,
L001234,jetu'u,verb,Areal,Intransitive,false,,,,Oral,,CHECK_VERB_CLASS|CHECK_TRANSITIVITY,s.|v. pr.,persistir
L001235,jetu'úva,adj,,,,,,,Oral,,,adj.,
L001236,jety,noun,,,,,Uniform,GendNone,Oral,,,s.,
L001237,jetypeka,verb,Areal,Transitive,false,,,,Oral,,CHECK_VERB_CLASS|CHECK_TRANSITIVITY,v. pr.,averiguar
L001238,jetyvyro,verb,Areal,,false,,,,Oral,,CHECK_VERB_CLASS|CHECK_TRANSITIVITY,v. pr.,
L001239,je'u,noun,,,,,Uniform,GendNone,Oral,,,s.,
L001240,jeupe,other,,,,,,,Oral,,,p. n.,
L001241,je'upy,noun,,,,,Uniform,GendNone,Oral,,,s.,
L001242,jevava,noun,,,,,Uniform,GendNone,Oral,,,s.,
L001243,jevu,noun,,,,,Uniform,GendNone,Oral,,,s.,
L001244,jevy,noun,,,,,Uniform,GendNone,Oral,,,s.,
L001245,retroceso,adv,,,,,,,Oral,,,adv.,
L001246,jey,noun,,,,,Uniform,GendNone,Oral,,,s.|adv.,
L001246,jey,adv,,,,,,,Oral,,,s.|adv.,
L001247,jeyta,noun,,,,,Uniform,GendNone,Oral,,,s.,
L001248,jey'uha,noun,,,,,Uniform,GendNone,Oral,,,s.,
L001249,jey'urã,noun,,,,,Uniform,GendNone,Nasal,,,s.,
L001250,joa,adj,,,,,,,Oral,,,adj.|adv.,
L001250,joa,adv,,,,,,,Oral,,,adj.|adv.,
L001251,jo'a,adj,,,,,,,Oral,,,adj.|v. pr.,
L001251,jo'a,verb,Areal,Transitive,false,,,,Oral,,CHECK_VERB_CLASS|CHECK_TRANSITIVITY,adj.|v. pr.,doblar
L001252,joaju,adj,,,,,,,Oral,,,adj.|s.,
L001252,joaju,noun,,,,,Uniform,GendNone,Oral,,,adj.|s.,
L001253,joapy,adj,,,,,,,Oral,,,adj.,
L001254,doble,noun,,,,,Uniform,GendNone,Oral,,,s.|v. pr.,
L001254,doble,verb,Areal,,false,,,,Oral,,CHECK_VERB_CLASS|CHECK_TRANSITIVITY,s.|v. pr.,
L001255,jo'apyrã,adj,,,,,,,Nasal,,,adj.,
L001256,joasa,verb,Areal,,false,,,,Oral,,CHECK_VERB_CLASS|CHECK_TRANSITIVITY,v. pr.,
L001257,joaty,noun,,,,,Uniform,GendNone,Oral,,,s.,
L001258,joavy,adj,,,,,,,Oral,,,adj.,
L001259,discordia,verb,Areal,,false,,,,Oral,,CHECK_VERB_CLASS|CHECK_TRANSITIVITY,v. pr.,
L001260,joayhu,noun,,,,,Uniform,GendNone,Oral,,,s.,
L001261,joayhu'ỹ,noun,,,,,Uniform,GendNone,Nasal,,,s.,
L001262,joehe,adv,,,,,,,Oral,,,adv.,
L001263,jogapo,verb,Areal,Intransitive,false,,,,Oral,,CHECK_VERB_CLASS|CHECK_TRANSITIVITY,v. pr.,construir
L001264,jogua,verb,Areal,Transitive,false,,,,Oral,,CHECK_VERB_CLASS|CHECK_TRANSITIVITY,v. pr.,adquirir
L001265,joguaha,adj,,,,,,,Oral,,,adj.|s.,
L001265,joguaha,noun,,,,,Uniform,GendNone,Oral,,,adj.|s.,
L001266,joguapyrã,noun,,,,,Uniform,GendNone,Nasal,,,s.,
L001267,joguapyre,noun,,,,,Uniform,GendNone,Oral,,,s.,
L001268,jogueraha,verb,Areal,,false,,,,Oral,,CHECK_VERB_CLASS|CHECK_TRANSITIVITY,v. pr.,
L001269,joguerekokuaha,noun,,,,,Uniform,GendNone,Oral,,,s.,
L001270,joha,adj,,,,,,,Oral,,,adj.|s.,
L001270,joha,noun,,,,,Uniform,GendNone,Oral,,,adj.|s.,
L001271,johayhu,verb,Areal,,false,,,,Oral,,CHECK_VERB_CLASS|CHECK_TRANSITIVITY,v. pr.,
L001272,johechakuaha,noun,,,,,Uniform,GendNone,Oral,,,s.,
L001273,johéi,verb,Areal,Transitive,false,,,,Oral,,CHECK_VERB_CLASS|CHECK_TRANSITIVITY,v. pr.,enjuagar
L001274,joheiha,noun,,,,,Uniform,GendNone,Oral,,,s.,
L001275,joheihára,noun,,,,,Uniform,GendNone,Oral,,,s.,
L001276,joheipyre,adj,,,,,,,Oral,,,adj.,
L001277,johupyre,adj,,,,,,,Oral,,,adj.,
L001278,johupyty,verb,Areal,,false,,,,Oral,,CHECK_VERB_CLASS|CHECK_TRANSITIVITY,v. pr.,
L001279,joja,adj,,,,,,,Oral,,,adj.,
L001280,jojaha,adj,,,,,,,Oral,,,adj.|s.,
L001280,jojaha,noun,,,,,Uniform,GendNone,Oral,,,adj.|s.,
L001281,jojahápe,adv,,,,,,,Oral,,,adv.,
L001282,jojái,noun,,,,,Uniform,GendNone,Oral,,,s.|v. pr.,
L001282,jojái,verb,Areal,,false,,,,Oral,,CHECK_VERB_CLASS|CHECK_TRANSITIVITY,s.|v. pr.,
L001283,jojaiha,noun,,,,,Uniform,GendNone,Oral,,,s.,
L001284,jojaha'ỹ,noun,,,,,Uniform,GendNone,Nasal,,,s.,
L001285,jojapy,adj,,,,,,,Oral,,,adj.,
L001286,joja'ỹ,adj,,,,,,,Nasal,,,adj.,
L001287,joja'ỹme,adv,,,,,,,Nasal,,CHECK_NASAL_COMPOUND,adv.,
L001288,jojói,noun,,,,,Uniform,GendNone,Oral,,,s.,
L001289,jojopara,verb,Areal,,false,,,,Oral,,CHECK_VERB_CLASS|CHECK_TRANSITIVITY,v. pr.,
L001290,jojopy,verb,Areal,,false,,,,Oral,,CHECK_VERB_CLASS|CHECK_TRANSITIVITY,v. pr.,
L001291,joka,verb,Areal,Transitive,false,,,,Oral,,CHECK_VERB_CLASS|CHECK_TRANSITIVITY,v. pr.,desgranar
L001292,jokapyre,adj,,,,,,,Oral,,,adj.,
L001293,joko,verb,Areal,Transitive,false,,,,Oral,,CHECK_VERB_CLASS|CHECK_TRANSITIVITY,v. pr.,atajar
L001294,jokoha,noun,,,,,Uniform,GendNone,Oral,,,s.,
L001295,jokoha'ỹva,adj,,,,,,,Nasal,,CHECK_NASAL_COMPOUND,adj.,
L001296,jokopyre,adj,,,,,,,Oral,,,adj.,
L001297,jokua,verb,Areal,Transitive,false,,,,Oral,,CHECK_VERB_CLASS|CHECK_TRANSITIVITY,v. pr.,amarrar
L001298,jokuaha,verb,Areal,,false,,,,Oral,,CHECK_VERB_CLASS|CHECK_TRANSITIVITY,v. pr.,
L001299,jokuái,verb,Areal,Transitive,false,,,,Oral,,CHECK_VERB_CLASS|CHECK_TRANSITIVITY,v. pr.,enviar
L001300,jokuaiha,noun,,,,,Uniform,GendNone,Oral,,,s.,
L001301,jokuaipy,noun,,,,,Uniform,GendNone,Oral,,,s.,
L001302,jokuapy,adj,,,,,,,Oral,,,adj.|s.,
L001302,jokuapy,noun,,,,,Uniform,GendNone,Oral,,,adj.|s.,
L001303,jokuapyre,adj,,,,,,,Oral,,,adj.,
L001304,jokupyty,noun,,,,,Uniform,GendNone,Oral,,,s.,
L001305,jo'o,verb,Areal,Transitive,false,,,,Oral,,CHECK_VERB_CLASS|CHECK_TRANSITIVITY,v. pr.,arar
L001306,jo'oha,noun,,,,,Uniform,GendNone,Oral,,,neol.|s.,
L001307,jopara,adj,,,,,,,Oral,,,adj.|s.,
L001307,jopara,noun,,,,,Uniform,GendNone,Oral,,,adj.|s.,
L001308,combinación,verb,Areal,,false,,,,Nasal,,CHECK_VERB_CLASS|CHECK_TRANSITIVITY,v. pr.,
L001309,jope,noun,,,,,Uniform,GendNone,Oral,,,s.|v. pr.,
L001309,jope,verb,Areal,Transitive,false,,,,Oral,,CHECK_VERB_CLASS|CHECK_TRANSITIVITY,s.|v. pr.,calentar
L001310,jope'a,verb,Areal,,false,,,,Oral,,CHECK_VERB_CLASS|CHECK_TRANSITIVITY,v. pr.,
L001311,jopi,noun,,,,,Uniform,GendNone,Oral,,,s.|v. pr.,
L001311,jopi,verb,Areal,Transitive,false,,,,Oral,,CHECK_VERB_CLASS|CHECK_TRANSITIVITY,s.|v. pr.,picar
L001312,jopoi,noun,,,,,Uniform,GendNone,Oral,,,s.|v. pr.,
L001312,jopoi,verb,Areal,,false,,,,Oral,,CHECK_VERB_CLASS|CHECK_TRANSITIVITY,s.|v. pr.,
L001313,jopói,noun,,,,,Uniform,GendNone,Oral,,,s.|v. pr.,
L001313,jopói,verb,Areal,Transitive,false,,,,Oral,,CHECK_VERB_CLASS|CHECK_TRANSITIVITY,s.|v. pr.,obsequiar
L001314,joporu,verb,Areal,,false,,,,Oral,,CHECK_VERB_CLASS|CHECK_TRANSITIVITY,v. pr.,
L001315,jora,noun,,,,,Uniform,GendNone,Oral,,,s.|v.,
L001315,jora,verb,Areal,Ambitransitive,false,,,,Oral,,CHECK_TRANSITIVITY|CHECK_AMBITRANSITIVE,s.|v.,absolver
L001316,jorapyrã'ỹ,adj,,,,,,,Nasal,,CHECK_NASAL_COMPOUND,adj.,
L001317,joso,verb,Areal,Transitive,false,,,,Oral,,CHECK_VERB_CLASS|CHECK_TRANSITIVITY,v. pr.,machacar
L001318,josoha,noun,,,,,Uniform,GendNone,Oral,,,s.,
L001319,josopyre,adj,,,,,,,Oral,,,adj.,
L001320,jovái,adj,,,,,,,Oral,,,adj.|adv.|v. pr.,
L001320,jovái,adv,,,,,,,Oral,,,adj.|adv.|v. pr.,
L001320,jovái,verb,Areal,,false,,,,Oral,,CHECK_VERB_CLASS|CHECK_TRANSITIVITY,adj.|adv.|v. pr.,
L001321,oponerse,other,,,,,,,Oral,,,p. n.,
L001322,joyke'y,noun,,,,,Uniform,GendNone,Oral,,,s.,
L001323,joyvy,adj,,,,,,,Oral,,,adj.|s.,
L001323,joyvy,noun,,,,,Uniform,GendNone,Oral,,,adj.|s.,
L001324,ju,adj,,,,,,,Oral,,,adj.|s.|v.,
L001324,ju,noun,,,,,Uniform,GendNone,Oral,,,adj.|s.|v.,
L001324,ju,verb,Areal,Intransitive,false,,,,Oral,,CHECK_TRANSITIVITY,adj.|s.|v.,acudir
L001325,ju'ái,noun,,,,,Uniform,GendNone,Oral,,,s.,
L001326,juaju,adj,,,,,,,Oral,,,adj.|s.|v. pr.,
L001326,juaju,noun,,,,,Uniform,GendNone,Oral,,,adj.|s.|v. pr.,
L001326,juaju,verb,Areal,,false,,,,Oral,,CHECK_VERB_CLASS|CHECK_TRANSITIVITY,adj.|s.|v. pr.,
L001327,juaju'ỹ,noun,,,,,Uniform,GendNone,Nasal,,,s.,
L001328,jua'o,verb,Areal,Ambitransitive,false,,,,Oral,,CHECK_VERB_CLASS|CHECK_TRANSITIVITY|CHECK_AMBITRANSITIVE,v. pr.,discutir
L001329,juapy,verb,Areal,,false,,,,Oral,,CHECK_VERB_CLASS|CHECK_TRANSITIVITY,v. pr.,
L001330,juasa,noun,,,,,Uniform,GendNone,Oral,,,s.|v. pr.,
L001330,juasa,verb,Areal,,false,,,,Oral,,CHECK_VERB_CLASS|CHECK_TRANSITIVITY,s.|v. pr.,
L001331,juecha,noun,,,,,Uniform,GendNone,Oral,,,s.|v. pr.,
L001331,juecha,verb,Areal,,false,,,,Oral,,CHECK_VERB_CLASS|CHECK_TRANSITIVITY,s.|v. pr.,
L001332,juehegui,exp,,,,,,,Oral,,,exp.,
L001333,juhu,verb,Areal,Transitive,false,,,,Oral,,CHECK_VERB_CLASS|CHECK_TRANSITIVITY,v. pr.,descubrir
L001334,juhuha,noun,,,,,Uniform,GendNone,Oral,,,s.,
L001335,juhupyre,noun,,,,,Uniform,GendNone,Oral,,,s.,
L001336,juhupyty,noun,,,,,Uniform,GendNone,Oral,,,s.,
L001337,júi,noun,,,,,Uniform,GendNone,Oral,,,s.,
L001338,ju'i,noun,,,,,Uniform,GendNone,Oral,,,s.,
L001339,juka,verb,Areal,Transitive,false,,,,Oral,,CHECK_VERB_CLASS|CHECK_TRANSITIVITY,v. pr.,asesinar
L001340,jukaha,noun,,,,,Uniform,GendNone,Oral,,,s.,
L001341,jukahára,noun,,,,,Uniform,GendNone,Oral,,,s.,
L001342,jukapa,verb,Areal,Transitive,false,,,,Oral,,CHECK_VERB_CLASS|CHECK_TRANSITIVITY,v. pr.,exterminar
L001343,juku'a,noun,,,,,Uniform,GendNone,Oral,,,s.,
L001344,juky,adj,,,,,,,Oral,,,adj.,
L001345,saleroso,noun,,,,,Uniform,GendNone,Oral,,,s.,
L001346,jukyry,noun,,,,,Uniform,GendNone,Oral,,,s.,
L001347,jukysy,noun,,,,,Uniform,GendNone,Oral,,,s.,
L001348,jukyty,noun,,,,,Uniform,GendNone,Oral,,,s.,
L001349,jupi,verb,Areal,Ambitransitive,false,,,,Oral,,CHECK_VERB_CLASS|CHECK_TRANSITIVITY|CHECK_AMBITRANSITIVE,v. pr.,ascender
L001350,jura,verb,Areal,Transitive,false,,,,Oral,,CHECK_VERB_CLASS|CHECK_TRANSITIVITY,v. pr.,atrapar
L001351,jurapyre,adj,,,,,,,Oral,,,adj.,
L001352,juru,noun,,,,,Uniform,GendNone,Oral,,,s.,
L001353,juru'a,noun,,,,,Uniform,GendNone,Oral,,,s.,
L001354,juru'atã,adj,,,,,,,Nasal,,,adj.|s.,
L001354,juru'atã,noun,,,,,Uniform,GendNone,Nasal,,,adj.|s.,
L001355,juruaysy,noun,,,,,Uniform,GendNone,Oral,,,s.,
L001356,jurugua,adj,,,,,,,Oral,,,adj.,
L001357,juruhe,noun,,,,,Uniform,GendNone,Oral,,,s.,
L001358,juruhe'ẽ,adj,,,,,,,Nasal,,,adj.|s.,
L001358,juruhe'ẽ,noun,,,,,Uniform,GendNone,Nasal,,,adj.|s.,
L001359,juruhe'ỹ,adj,,,,,,,Nasal,,,adj.|s.,
L001359,juruhe'ỹ,noun,,,,,Uniform,GendNone,Nasal,,,adj.|s.,
L001360,juruja,noun,,,,,Uniform,GendNone,Oral,,,s.,
L001361,jurujái,adj,,,,,,,Oral,,,adj.,
L001362,s,verb,Chendal,,false,,,,Oral,,CHECK_TRANSITIVITY,v. atr.,
L001363,jurujoko,verb,Areal,Transitive,false,,,,Oral,,CHECK_VERB_CLASS|CHECK_TRANSITIVITY,v. pr.,frenar
L001364,jurukechẽ,noun,,,,,Uniform,GendNone,Nasal,,,s.,
L001365,jurumboty,verb,Areal,Transitive,false,,,,Nasal,,CHECK_VERB_CLASS|CHECK_TRANSITIVITY,v. pr.,amordazar
L001366,jurumi,noun,,,,,Uniform,GendNone,Oral,,,s.,
L001367,jurumy'ỹi,adj,,,,,,,Nasal,,,adj.,
L001368,jurune,noun,,,,,Uniform,GendNone,Oral,,,s.,
L001369,jurupari,noun,,,,,Uniform,GendNone,Oral,,,s.,
L001370,jurupe'a,adj,,,,,,,Oral,,,adj.|v. pr.,
L001370,jurupe'a,verb,Areal,Intransitive,false,,,,Oral,,CHECK_VERB_CLASS|CHECK_TRANSITIVITY,adj.|v. pr.,bostezar
L001371,jurupeteĩ,noun,,,,,Uniform,GendNone,Nasal,,,s.,
L001372,jurupyasy,verb,Chendal,Transitive,false,,,,Oral,,CHECK_TRANSITIVITY,v. atr.,profetizar
L001373,jurupyte,noun,,,,,Uniform,GendNone,Oral,,,s.|v. pr.,
L001373,jurupyte,verb,Areal,,false,,,,Oral,,CHECK_VERB_CLASS|CHECK_TRANSITIVITY,s.|v. pr.,
L001374,juruvy,adj,,,,,,,Oral,,,adj.|v. pr.,
L001374,juruvy,verb,Areal,Transitive,false,,,,Oral,,CHECK_VERB_CLASS|CHECK_TRANSITIVITY,adj.|v. pr.,entreabrir
L001375,juvoka,verb,Areal,,false,,,,Oral,,CHECK_VERB_CLASS|CHECK_TRANSITIVITY,v. pr.,
L001376,juvy,verb,Areal,Transitive,false,,,,Oral,,CHECK_VERB_CLASS|CHECK_TRANSITIVITY,v. pr.,ahorcar
L001377,juvypyre,adj,,,,,,,Oral,,,adj.,
L001378,jy,adj,,,,,,,Oral,,,adj.,
L001379,jygue,adj,,,,,,,Oral,,,adj.,
L001380,jyva,noun,,,,,Uniform,GendNone,Oral,,,s.,
L001381,jyva'anga,noun,,,,,Uniform,GendNone,Nasal,,,s.,
L001382,jyva'apĩ,noun,,,,,Uniform,GendNone,Nasal,,,s.,
L001383,jyvaguy,noun,,,,,Uniform,GendNone,Oral,,,s.,
L001384,jyva'ỹ,adj,,,,,,,Nasal,,,adj.,
L001385,jy'y,noun,,,,,Uniform,GendNone,Oral,,,s.,
L001386,kã,adj,,,,,,,Nasal,,,adj.|s.|v. atr.,
L001386,kã,noun,,,,,Uniform,GendNone,Nasal,,,adj.|s.|v. atr.,
L001386,kã,verb,Chendal,,false,,,,Nasal,,CHECK_TRANSITIVITY,adj.|s.|v. atr.,
L001387,ka'a,noun,,,,,Uniform,GendNone,Oral,,,s.,
L001388,ka'aguasu,noun,,,,,Uniform,GendNone,Oral,,,s.,
L001389,ka'aguy,noun,,,,,Uniform,GendNone,Oral,,,s.,
L001390,ka'aguygua,adj,,,,,,,Oral,,,adj.,
L001391,ka'apari,noun,,,,,Uniform,GendNone,Oral,,,s.,
L001392,ka'apetái,noun,,,,,Uniform,GendNone,Oral,,,s.,
L001393,ka'api,verb,Areal,Transitive,false,,,,Oral,,CHECK_VERB_CLASS|CHECK_TRANSITIVITY,v. pr.,carpir
L001394,ka'arẽ,noun,,,,,Uniform,GendNone,Nasal,,,s.,
L001395,ka'aru,noun,,,,,Uniform,GendNone,Oral,,,s.,
L001396,ka'aurugua,adj,,,,,,,Oral,,,adj.,
L001397,ka'arúma,noun,,,,,Uniform,GendNone,Oral,,,s.,
L001398,ka'ary,noun,,,,,Uniform,GendNone,Oral,,,s.,
L001399,ka'asapa,noun,,,,,Uniform,GendNone,Oral,,,s.,
L001400,ka'aty,noun,,,,,Uniform,GendNone,Oral,,,s.,
L001401,ka'avo,adj,,,,,,,Oral,,,adj.|s.,
L001401,ka'avo,noun,,,,,Uniform,GendNone,Oral,,,adj.|s.,
L001402,ka'avoty,noun,,,,,Uniform,GendNone,Oral,,,s.,
L001403,ka'ay,noun,,,,,Uniform,GendNone,Oral,,,s.,
L001404,ka'ay'u,verb,Areal,Intransitive,false,,,,Oral,,CHECK_VERB_CLASS|CHECK_TRANSITIVITY,v. pr.,matear
L001405,kacha,verb,Areal,,false,,,,Oral,,CHECK_VERB_CLASS|CHECK_TRANSITIVITY,v. pr.,
L001406,kachape,adj,,,,,,,Oral,,,adj.,
L001407,maleducado,noun,,,,,Uniform,GendNone,Oral,,,s.,
L001408,kachiãi,adj,,,,,,,Nasal,,,adj.,
L001409,kachímbo,noun,,,,,Uniform,GendNone,Nasal,,,s.,
L001410,kagua,noun,,,,,Uniform,GendNone,Oral,,,s.,
L001411,kaguai,noun,,,,,Uniform,GendNone,Oral,,,s.|v. pr.,
L001411,kaguai,verb,Areal,Transitive,false,,,,Oral,,CHECK_VERB_CLASS|CHECK_TRANSITIVITY,s.|v. pr.,atacar
L001412,kaguaka,noun,,,,,Uniform,GendNone,Oral,,,s.,
L001413,kaguyjy,noun,,,,,Uniform,GendNone,Oral,,,s.,
L001414,kái,adj,,,,,,,Oral,,,adj.|s.|v. pr.,
L001414,kái,noun,,,,,Uniform,GendNone,Oral,,,adj.|s.|v. pr.,
L001414,kái,verb,Areal,,false,,,,Oral,,CHECK_VERB_CLASS|CHECK_TRANSITIVITY,adj.|s.|v. pr.,
L001415,ka'i,noun,,,,,Uniform,GendNone,Oral,,,s.|v.,
L001415,ka'i,verb,Areal,,false,,,,Oral,,CHECK_TRANSITIVITY,s.|v.,
L001416,kaigue,adj,,,,,,,Oral,,,adj.,
L001417,lento,noun,,,,,Uniform,GendNone,Nasal,,,s.,
L001418,ka'irãi,noun,,,,,Uniform,GendNone,Nasal,,,s.,
L001419,ka'irãmegua,noun,,,,,Uniform,GendNone,Nasal,,CHECK_NASAL_COMPOUND,s.,
L001420,kakuaha,adj,,,,,,,Oral,,,adj.,
L001421,mayúsculo,adv,,,,,,,Oral,,,adv.|v. pr.,
L001421,mayúsculo,verb,Areal,,false,,,,Oral,,CHECK_VERB_CLASS|CHECK_TRANSITIVITY,adv.|v. pr.,
L001422,kakuaháva,adj,,,,,,,Oral,,,adj.,
L001423,kakuahave,adj,,,,,,,Oral,,,adj.,
L001424,káma,noun,,,,,Uniform,GendNone,Oral,,,s.,
L001425,kamambu,noun,,,,,Uniform,GendNone,Nasal,,,s.,
L001426,kamapu'ã,noun,,,,,Uniform,GendNone,Nasal,,,s.,
L001427,kamapy,noun,,,,,Uniform,GendNone,Oral,,,s.,
L001428,kamba,adj,,,,,,,Nasal,,,adj.,
L001429,kambire,noun,,,,,Uniform,GendNone,Nasal,,,s.,
L001430,kambu,adj,,,,,,,Nasal,,,adj.|v. pr.,
L001430,kambu,verb,Areal,Ambitransitive,false,,,,Nasal,,CHECK_VERB_CLASS|CHECK_TRANSITIVITY|CHECK_AMBITRANSITIVE,adj.|v. pr.,chupar
L001431,kambuchi,noun,,,,,Uniform,GendNone,Nasal,,,s.,
L001432,kambuchi'i,noun,,,,,Uniform,GendNone,Nasal,,,s.,
L001433,kambuha,noun,,,,,Uniform,GendNone,Nasal,,,s.,
L001434,kamby,noun,,,,,Uniform,GendNone,Nasal,,,s.,
L001435,kandua,noun,,,,,Uniform,GendNone,Nasal,,,s.,
L001436,kane'o,adj,,,,,,,Oral,,,adj.|s.,
L001436,kane'o,noun,,,,,Uniform,GendNone,Oral,,,adj.|s.,
L001437,fatiga,verb,Chendal,,false,,,,Oral,,CHECK_TRANSITIVITY,v. atr.,
L001438,kane'õngue,noun,,,,,Uniform,GendNone,Nasal,,CHECK_NASAL_COMPOUND,s.,
L001439,kangue,noun,,,,,Uniform,GendNone,Nasal,,,s.,
L001440,kanguekue,noun,,,,,Uniform,GendNone,Nasal,,,s.,
L001441,kangy,adj,,,,,,,Nasal,,,adj.|s.,
L001441,kangy,noun,,,,,Uniform,GendNone,Nasal,,,adj.|s.,
L001442,kangyhápe,adv,,,,,,,Nasal,,,adv.,
L001443,kañy,adj,,,,,,,Nasal,,,adj.,
L001444,kañyha,noun,,,,,Uniform,GendNone,Nasal,,,s.,
L001445,kañyhápe,adv,,,,,,,Nasal,,,adv.,
L001446,kañymby,noun,,,,,Uniform,GendNone,Nasal,,,s.,
L001447,kañypyre,adj,,,,,,,Nasal,,,adj.,
L001448,kapiatĩ,noun,,,,,Uniform,GendNone,Nasal,,,s.,
L001449,kapi'i,noun,,,,,Uniform,GendNone,Oral,,,s.,
L001450,kapi'ipe,noun,,,,,Uniform,GendNone,Oral,,,s.,
L001451,kapi'ity,noun,,,,,Uniform,GendNone,Oral,,,s.,
L001452,kapi'i'uha,adj,,,,,,,Oral,,,adj.,
L001453,kapi'yva,noun,,,,,Uniform,GendNone,Oral,,,s.,
L001454,kapu,verb,Areal,Transitive,false,,,,Oral,,CHECK_VERB_CLASS|CHECK_TRANSITIVITY,v. pr.,disparar
L001455,kapuéra,noun,,,,,Uniform,GendNone,Oral,,,s.,
L001456,karácha,noun,,,,,Uniform,GendNone,Oral,,,h.|s.,
L001457,karaguata,noun,,,,,Uniform,GendNone,Oral,,,s.,
L001458,karai,adj,,,,,,,Oral,,,adj.|s.,
L001458,karai,noun,,,,,Uniform,GendNone,Oral,,,adj.|s.,
L001459,karãi,verb,Areal,Transitive,false,,,,Nasal,,CHECK_VERB_CLASS|CHECK_TRANSITIVITY,v. pr.,arañar
L001460,karaiñe'ẽ,noun,,,,,Uniform,GendNone,Nasal,,CHECK_NASAL_COMPOUND,s.,
L001461,karai'ỹva,adj,,,,,,,Nasal,,CHECK_NASAL_COMPOUND,adj.,
L001462,karaja,noun,,,,,Uniform,GendNone,Oral,,,s.,
L001463,karakara,noun,,,,,Uniform,GendNone,Oral,,,s.,
L001464,karakatu,adj,,,,,,,Oral,,,adj.|s.,
L001464,karakatu,noun,,,,,Uniform,GendNone,Oral,,,adj.|s.,
L001465,karaku,noun,,,,,Uniform,GendNone,Oral,,,s.,
L001466,karameguã,noun,,,,,Uniform,GendNone,Nasal,,,s.,
L001467,karanda'y,noun,,,,,Uniform,GendNone,Nasal,,,s.,
L001468,karanda'yty,noun,,,,,Uniform,GendNone,Nasal,,,s.,
L001469,karapã,adj,,,,,,,Nasal,,,adj.,
L001470,karape,adj,,,,,,,Oral,,,adj.,
L001471,karapekue,noun,,,,,Uniform,GendNone,Oral,,,s.,
L001472,karãu,noun,,,,,Uniform,GendNone,Nasal,,,s.,
L001473,karáu,noun,,,,,Uniform,GendNone,Oral,,,s.|v. atr.,
L001473,karáu,verb,Chendal,,false,,,,Oral,,CHECK_TRANSITIVITY,s.|v. atr.,
L001474,karẽ,adj,,,,,,,Nasal,,,adj.,
L001475,karẽ'ỹ,adj,,,,,,,Nasal,,,adj.,
L001476,karẽ'ỹme,adv,,,,,,,Nasal,,CHECK_NASAL_COMPOUND,adv.,
L001477,karimbata,noun,,,,,Uniform,GendNone,Nasal,,,s.,
L001478,karóva,noun,,,,,Uniform,GendNone,Oral,,,s.,
L001479,karu,adj,,,,,,,Oral,,,adj.|s.,
L001479,karu,noun,,,,,Uniform,GendNone,Oral,,,adj.|s.,
L001480,karugua,noun,,,,,Uniform,GendNone,Oral,,,s.,
L001481,karuha,noun,,,,,Uniform,GendNone,Oral,,,s.,
L001482,karu'i,adj,,,,,,,Oral,,,adj.,
L001483,karumbe,noun,,,,,Uniform,GendNone,Nasal,,,s.,
L001484,karuse,noun,,,,,Uniform,GendNone,Oral,,,s.,
L001485,karu'ỹ,noun,,,,,Uniform,GendNone,Nasal,,,s.|v. pr.,
L001485,karu'ỹ,verb,Areal,,false,,,,Nasal,,CHECK_VERB_CLASS|CHECK_TRANSITIVITY,s.|v. pr.,
L001486,kasõ,noun,,,,,Uniform,GendNone,Nasal,,,h.|s.,
L001487,kate,adj,,,,,,,Oral,,,h.|adj.,
L001488,katekue,noun,,,,,Uniform,GendNone,Oral,,,h.|s.,
L001489,katĩ,adj,,,,,,,Nasal,,,h.|adj.|s.,
L001489,katĩ,noun,,,,,Uniform,GendNone,Nasal,,,h.|adj.|s.,
L001490,katĩ'oha,noun,,,,,Uniform,GendNone,Nasal,,CHECK_NASAL_COMPOUND,neol.|s.,
L001491,katu,noun,,,,,Uniform,GendNone,Oral,,,s.|adv.|conj.,
L001491,katu,adv,,,,,,,Oral,,,s.|adv.|conj.,
L001491,katu,conj,,,,,,,Oral,,,s.|adv.|conj.,
L001492,interj,verb,Chendal,,false,,,,Nasal,,CHECK_TRANSITIVITY,v. atr.,
L001493,katuete,adv,,,,,,,Oral,,,adv.,
L001494,katupyry,adj,,,,,,,Oral,,,adj.|s.,
L001494,katupyry,noun,,,,,Uniform,GendNone,Oral,,,adj.|s.,
L001495,katupyry'ỹva,adj,,,,,,,Nasal,,CHECK_NASAL_COMPOUND,adj.,
L001496,katuveha,noun,,,,,Uniform,GendNone,Oral,,,s.,
L001497,katu'ỹva,adj,,,,,,,Nasal,,CHECK_NASAL_COMPOUND,adj.,
L001498,ka'u,adj,,,,,,,Oral,,,adj.|s.,
L001498,ka'u,noun,,,,,Uniform,GendNone,Oral,,,adj.|s.,
L001499,Borrachera,verb,Areal,,false,,,,Oral,,CHECK_VERB_CLASS|CHECK_TRANSITIVITY,v. pr.,
L001500,ka'u'ỹ,adj,,,,,,,Nasal,,,adj.|s.,
L001500,ka'u'ỹ,noun,,,,,Uniform,GendNone,Nasal,,,adj.|s.,
L001501,káva,noun,,,,,Uniform,GendNone,Oral,,,s.,
L001502,kavaju,noun,,,,,Uniform,GendNone,Oral,,,h.|s.,
L001503,kavame,noun,,,,,Uniform,GendNone,Oral,,,s.,
L001504,kavara,noun,,,,,Uniform,GendNone,Oral,,,h.|s.,
L001505,kavichu'i,noun,,,,,Uniform,GendNone,Oral,,,s.,
L001506,kavure,noun,,,,,Uniform,GendNone,Oral,,,s.,
L001507,kavure'i,adj,,,,,,,Oral,,,adj.|s.,
L001507,kavure'i,noun,,,,,Uniform,GendNone,Oral,,,adj.|s.,
L001508,ka'ygua,noun,,,,,Uniform,GendNone,Oral,,,s.,
L001509,kay'u,verb,Areal,,false,,,,Oral,,CHECK_VERB_CLASS|CHECK_TRANSITIVITY,v. pr.,
L001510,ke,noun,,,,,Uniform,GendNone,Oral,,,s.|v.,
L001510,ke,verb,Areal,Intransitive,false,,,,Oral,,CHECK_TRANSITIVITY,s.|v.,dormir
L001511,pr,suf,,,,,,,Oral,,,suf. a. v.,
L001511,pr,verb,Areal,,false,,,,Oral,,CHECK_TRANSITIVITY,suf. a. v.,
L001512,kechẽ,adj,,,,,,,Nasal,,,adj.,
L001513,keha,noun,,,,,Uniform,GendNone,Oral,,,s.,
L001514,kekẽ,adj,,,,,,,Nasal,,,adj.,
L001515,kena,suf,,,,,,,Oral,,,suf. a. v.,
L001515,kena,verb,Areal,,false,,,,Oral,,CHECK_TRANSITIVITY,suf. a. v.,
L001516,kepochy,noun,,,,,Uniform,GendNone,Oral,,,s.,
L001517,kéra,noun,,,,,Uniform,GendNone,Oral,,,s.,
L001518,keraguata,adj,,,,,,,Oral,,,adj.,
L001519,kerambi,verb,Areal,,false,,,,Nasal,,CHECK_VERB_CLASS|CHECK_TRANSITIVITY,v. pr.,
L001520,kerambipu,noun,,,,,Uniform,GendNone,Nasal,,,s.,
L001521,kerambu,verb,Areal,,false,,,,Nasal,,CHECK_VERB_CLASS|CHECK_TRANSITIVITY,v. pr.,
L001522,kerana,adj,,,,,,,Oral,,,adj.|s.,
L001522,kerana,noun,,,,,Uniform,GendNone,Oral,,,adj.|s.,
L001523,kerandy,noun,,,,,Uniform,GendNone,Nasal,,,s.,
L001524,kerapohã,noun,,,,,Uniform,GendNone,Nasal,,,s.,
L001525,kerasy,noun,,,,,Uniform,GendNone,Oral,,,s.,
L001526,kerésa,noun,,,,,Uniform,GendNone,Oral,,,h.|s.,
L001527,kesu,noun,,,,,Uniform,GendNone,Oral,,,h.|s.,
L001528,ke'ỹ,noun,,,,,Uniform,GendNone,Nasal,,,s.|v. pr.,
L001528,ke'ỹ,verb,Areal,,false,,,,Nasal,,CHECK_VERB_CLASS|CHECK_TRANSITIVITY,s.|v. pr.,
L001529,kichi'ĩ,noun,,,,,Uniform,GendNone,Nasal,,,neol.|s.|v. pr.,
L001529,kichi'ĩ,verb,Areal,,false,,,,Nasal,,CHECK_VERB_CLASS|CHECK_TRANSITIVITY,neol.|s.|v. pr.,
L001530,kirikiri,noun,,,,,Uniform,GendNone,Oral,,,s.,
L001531,kirirĩ,adj,,,,,,,Nasal,,,adj.|s.,
L001531,kirirĩ,noun,,,,,Uniform,GendNone,Nasal,,,adj.|s.,
L001532,kirirĩhápe,adv,,,,,,,Nasal,,CHECK_NASAL_COMPOUND,adv.,
L001533,kirirĩme,noun,,,,,Uniform,GendNone,Nasal,,CHECK_NASAL_COMPOUND,s.,
L001534,kiveve,noun,,,,,Uniform,GendNone,Oral,,,s.,
L001535,ko,adj,,,,,,,Oral,,,adj.|suf. a. v.,
L001535,ko,suf,,,,,,,Oral,,,adj.|suf. a. v.,
L001535,ko,verb,Areal,,false,,,,Oral,,CHECK_TRANSITIVITY,adj.|suf. a. v.,
L001536,ko'ã,adj,,,,,,,Nasal,,,adj.,
L001537,kóa,pron,,,,,,,Oral,,,pron. dem.,
L001537,kóa,dem,,,,,,,Oral,,,pron. dem.,
L001538,ko'ãga,adv,,,,,,,Nasal,,,adv.,
L001539,ko'ãgagua,adj,,,,,,,Nasal,,CHECK_NASAL_COMPOUND,adj.,
L001540,ko'ãgaguáicha,adv,,,,,,,Nasal,,CHECK_NASAL_COMPOUND,adv.,
L001541,ko'ãgaite,adv,,,,,,,Nasal,,CHECK_NASAL_COMPOUND,adv.,
L001542,ko'águio,adv,,,,,,,Oral,,,adv.,
L001543,ko'ãichagua,adj,,,,,,,Nasal,,CHECK_NASAL_COMPOUND,adj.,
L001544,ko'ápe,adv,,,,,,,Oral,,,adv.,
L001545,ko'ára,noun,,,,,Uniform,GendNone,Oral,,,s.,
L001546,ko'árupi,adv,,,,,,,Oral,,,adv.,
L001547,ko'ãva,pron,,,,,,,Nasal,,,pron. dem.,
L001547,ko'ãva,dem,,,,,,,Nasal,,,pron. dem.,
L001548,koe,verb,Aireal,Intransitive,false,,,,Oral,,CHECK_TRANSITIVITY,v. air.,variar
L001549,ko'ẽ,noun,,,,,Uniform,GendNone,Nasal,,,s.,
L001550,ko'ẽambue,adv,,,,,,,Nasal,,CHECK_NASAL_COMPOUND,adv.,
L001551,ko'ẽju,noun,,,,,Uniform,GendNone,Nasal,,,s.,
L001552,ko'ẽmba,noun,,,,,Uniform,GendNone,Nasal,,CHECK_NASAL_COMPOUND,s.|v. atr.,
L001552,ko'ẽmba,verb,Chendal,,false,,,,Nasal,,CHECK_NASAL_COMPOUND|CHECK_TRANSITIVITY,s.|v. atr.,
L001553,ko'ẽmbiju,noun,,,,,Uniform,GendNone,Nasal,,CHECK_NASAL_COMPOUND,s.,
L001554,ko'ẽmbota,noun,,,,,Uniform,GendNone,Nasal,,CHECK_NASAL_COMPOUND,s.,
L001555,ko'ẽmby,noun,,,,,Uniform,GendNone,Nasal,,CHECK_NASAL_COMPOUND,s.,
L001556,ko'ẽmbyja,noun,,,,,Uniform,GendNone,Nasal,,CHECK_NASAL_COMPOUND,s.,
L001557,ko'ẽpytã,noun,,,,,Uniform,GendNone,Nasal,,CHECK_NASAL_COMPOUND,s.,
L001558,ko'ẽregua,adj,,,,,,,Nasal,,CHECK_NASAL_COMPOUND,adj.,
L001559,ko'ẽrõ,adv,,,,,,,Nasal,,,adv.,
L001560,ko'ẽsoro,noun,,,,,Uniform,GendNone,Nasal,,CHECK_NASAL_COMPOUND,s.,
L001561,ko'ẽtĩ,noun,,,,,Uniform,GendNone,Nasal,,,s.,
L001562,kóga,noun,,,,,Uniform,GendNone,Oral,,,s.,
L001563,koga'a,noun,,,,,Uniform,GendNone,Oral,,,s.,
L001564,kogakue,noun,,,,,Uniform,GendNone,Oral,,,s.,
L001565,ko'i,noun,,,,,Uniform,GendNone,Oral,,,s.|v. pr.,
L001565,ko'i,verb,Areal,Intransitive,false,,,,Oral,,CHECK_VERB_CLASS|CHECK_TRANSITIVITY,s.|v. pr.,acudir
L001566,kõi,adj,,,,,,,Nasal,,,adj.,
L001567,kóicha,adv,,,,,,,Oral,,,adv.,
L001568,koichagua,adj,,,,,,,Oral,,,adj.,
L001569,koichaite,adj,,,,,,,Oral,,,adj.|adv.,
L001569,koichaite,adv,,,,,,,Oral,,,adj.|adv.,
L001570,kokue,noun,,,,,Uniform,GendNone,Oral,,,s.,
L001571,kokueguára,noun,,,,,Uniform,GendNone,Oral,,,s.,
L001572,kokuehe,adv,,,,,,,Oral,,,adv.,
L001573,koli,adj,,,,,,,Oral,,,h.|adj.,
L001574,ko'o,noun,,,,,Uniform,GendNone,Oral,,,s.|v.,
L001574,ko'o,verb,Areal,,false,,,,Oral,,CHECK_TRANSITIVITY,s.|v.,
L001575,ko'õi,verb,Chendal,,false,,,,Nasal,,CHECK_TRANSITIVITY,v. atr.,
L001576,ko'õiha,noun,,,,,Uniform,GendNone,Nasal,,CHECK_NASAL_COMPOUND,s.,
L001577,ko'õ'ỹ,adj,,,,,,,Nasal,,,adj.,
L001578,kopi,verb,Areal,Transitive,false,,,,Oral,,CHECK_VERB_CLASS|CHECK_TRANSITIVITY,v. pr.,desmalezar
L001579,kora,noun,,,,,Uniform,GendNone,Oral,,,h.|s.,
L001580,korapy,noun,,,,,Uniform,GendNone,Oral,,,h.|s.,
L001581,korochire,noun,,,,,Uniform,GendNone,Oral,,,s.,
L001582,korócho,adj,,,,,,,Oral,,,adj.|adv.,
L001582,korócho,adv,,,,,,,Oral,,,adj.|adv.,
L001583,korocho'o,verb,Areal,,false,,,,Oral,,CHECK_VERB_CLASS|CHECK_TRANSITIVITY,v. pr.,
L001584,korõi,noun,,,,,Uniform,GendNone,Nasal,,,s.|v. pr.,
L001584,korõi,verb,Areal,,false,,,,Nasal,,CHECK_VERB_CLASS|CHECK_TRANSITIVITY,s.|v. pr.,
L001585,kororõ,noun,,,,,Uniform,GendNone,Nasal,,,s.|v. pr.,
L001585,kororõ,verb,Areal,Intransitive,false,,,,Nasal,,CHECK_VERB_CLASS|CHECK_TRANSITIVITY,s.|v. pr.,gruñir
L001586,kosereva,noun,,,,,Uniform,GendNone,Oral,,,h.|s.,
L001587,kotevẽ,noun,,,,,Uniform,GendNone,Nasal,,,s.|v. air.,
L001587,kotevẽ,verb,Aireal,Transitive,false,,,,Nasal,,CHECK_TRANSITIVITY,s.|v. air.,necesitar
L001588,kotevẽmby,noun,,,,,Uniform,GendNone,Nasal,,CHECK_NASAL_COMPOUND,s.,
L001589,kotevẽpyre,adj,,,,,,,Nasal,,CHECK_NASAL_COMPOUND,adj.,
L001590,koty,noun,,,,,Uniform,GendNone,Oral,,,s.,
L001591,kotyguahẽha,noun,,,,,Uniform,GendNone,Nasal,,CHECK_NASAL_COMPOUND,neol.|s.,
L001592,koty'i,noun,,,,,Uniform,GendNone,Oral,,,s.,
L001593,kotyjahuha,noun,,,,,Uniform,GendNone,Oral,,,neol.|s.,
L001594,kotykaruha,noun,,,,,Uniform,GendNone,Oral,,,neol.|s.,
L001595,kotykeha,noun,,,,,Uniform,GendNone,Oral,,,neol.|s.,
L001596,kotyo,other,,,,,,,Oral,,,p. n.,
L001597,kotypy,noun,,,,,Uniform,GendNone,Oral,,,s.,
L001598,kóva,pron,,,,,,,Oral,,,pron. dem.,
L001598,kóva,dem,,,,,,,Oral,,,pron. dem.,
L001599,kovi,noun,,,,,Uniform,GendNone,Oral,,,s.,
L001600,ku,adj,,,,,,,Oral,,,adj.,
L001601,a,verb,Areal,,false,,,,Oral,,CHECK_TRANSITIVITY,v.,
L001602,kũ,noun,,,,,Uniform,GendNone,Nasal,,,s.,
L001603,kua,noun,,,,,Uniform,GendNone,Oral,,,s.,
L001604,kuã,noun,,,,,Uniform,GendNone,Nasal,,,s.,
L001605,kũ'ã,noun,,,,,Uniform,GendNone,Nasal,,,s.,
L001606,kuãcha'ĩ,verb,Chendal,,false,,,,Nasal,,CHECK_TRANSITIVITY,v. atr.,
L001607,kuaha,noun,,,,,Uniform,GendNone,Oral,,,s.|v. air.|v.,
L001607,kuaha,verb,Aireal,Transitive,false,,,,Oral,,CHECK_TRANSITIVITY,s.|v. air.|v.,comprender
L001608,kuahaha,adj,,,,,,,Oral,,,adj.,
L001609,kuahahápe,adv,,,,,,,Oral,,,adv.,
L001610,kuaapavẽ,noun,,,,,Uniform,GendNone,Nasal,,,neol.|s.,
L001611,kuahapy,noun,,,,,Uniform,GendNone,Oral,,,s.,
L001612,kuahapyrã,adj,,,,,,,Nasal,,,adj.|s.,
L001612,kuahapyrã,noun,,,,,Uniform,GendNone,Nasal,,,adj.|s.,
L001613,kuahapyre,adj,,,,,,,Oral,,,adj.,
L001614,kuahase,noun,,,,,Uniform,GendNone,Oral,,,s.,
L001615,kuahauka,verb,Aireal,Transitive,false,,,,Oral,,CHECK_TRANSITIVITY,v. air.,anunciar
L001616,kuahaukahára,noun,,,,,Uniform,GendNone,Oral,,,s.,
L001617,kuahaukavy,verb,Aireal,Transitive,false,,,,Oral,,CHECK_TRANSITIVITY,v. air.,insinuar
L001618,kuahave'ỹ,verb,Aireal,,false,,,,Nasal,,CHECK_TRANSITIVITY,v. air.,
L001619,kuaha'ỹva,adj,,,,,,,Nasal,,CHECK_NASAL_COMPOUND,adj.,
L001620,kuã'i,noun,,,,,Uniform,GendNone,Nasal,,,s.,
L001621,kuãirũ,noun,,,,,Uniform,GendNone,Nasal,,,s.,
L001622,ku'akua,noun,,,,,Uniform,GendNone,Oral,,,s.,
L001623,kuãmbo'e,noun,,,,,Uniform,GendNone,Nasal,,,s.,
L001624,kuãmbyte,noun,,,,,Uniform,GendNone,Nasal,,,s.,
L001625,kuãngusu,noun,,,,,Uniform,GendNone,Nasal,,,s.,
L001626,kuápe,other,,,,,,,Oral,,,p. n.,
L001627,kuapytĩ,verb,Aireal,,false,,,,Nasal,,CHECK_TRANSITIVITY,v. air.,
L001628,kuára,noun,,,,,Uniform,GendNone,Oral,,,s.,
L001629,kuarahy,noun,,,,,Uniform,GendNone,Oral,,,s.,
L001630,kuarahy'ã,noun,,,,,Uniform,GendNone,Nasal,,,s.,
L001631,kuarahy'ãva,adj,,,,,,,Nasal,,CHECK_NASAL_COMPOUND,adj.,
L001632,kuarahyreike,noun,,,,,Uniform,GendNone,Oral,,,s.,
L001633,kuarahysẽgotyogua,adj,,,,,,,Nasal,,CHECK_NASAL_COMPOUND,adj.,
L001634,kuarahysẽha,noun,,,,,Uniform,GendNone,Nasal,,CHECK_NASAL_COMPOUND,s.,
L001635,kuare,noun,,,,,Uniform,GendNone,Oral,,,s.,
L001636,kuaru,noun,,,,,Uniform,GendNone,Oral,,,s.,
L001637,kuatia,noun,,,,,Uniform,GendNone,Oral,,,s.,
L001638,texto,verb,Aireal,,false,,,,Oral,,CHECK_TRANSITIVITY,v. air.,
L001639,kuatia'atã,noun,,,,,Uniform,GendNone,Nasal,,,neol.|s.,
L001640,kuatia'atã'i,noun,,,,,Uniform,GendNone,Nasal,,CHECK_NASAL_COMPOUND,neol.|s.,
L001641,kuatiahai,noun,,,,,Uniform,GendNone,Oral,,,neol.|s.,
L001642,kuatihaihára,noun,,,,,Uniform,GendNone,Oral,,,s.,
L001643,kuatihaipyre,noun,,,,,Uniform,GendNone,Oral,,,neol.|s.,
L001644,kuatia'i,noun,,,,,Uniform,GendNone,Oral,,,neol.|s.,
L001645,kuatiañe'ẽ,noun,,,,,Uniform,GendNone,Nasal,,CHECK_NASAL_COMPOUND,neol.|s.,
L001646,kuatiañe'ẽndy,noun,,,,,Uniform,GendNone,Nasal,,CHECK_NASAL_COMPOUND,neol.|s.,
L001647,kuatiapya'e,noun,,,,,Uniform,GendNone,Oral,,,neol.|s.,
L001648,kuatia'ỹva,adj,,,,,,,Nasal,,CHECK_NASAL_COMPOUND,adj.,
L001649,kuave'ẽ,verb,Aireal,Transitive,false,,,,Nasal,,CHECK_TRANSITIVITY,v. air.,convidar
L001650,kuãvyha,noun,,,,,Uniform,GendNone,Nasal,,,s.,
L001651,kucha'ã,adj,,,,,,,Nasal,,,adj.,
L001652,kuchu,adj,,,,,,,Oral,,,adj.,
L001653,kue,suf,,,,,,,Oral,,,suf. a. n.,
L001654,ku'e,adj,,,,,,,Oral,,,adj.|s.|v. pr.,
L001654,ku'e,noun,,,,,Uniform,GendNone,Oral,,,adj.|s.|v. pr.,
L001654,ku'e,verb,Areal,Ambitransitive,false,,,,Oral,,CHECK_VERB_CLASS|CHECK_TRANSITIVITY|CHECK_AMBITRANSITIVE,adj.|s.|v. pr.,arrancar
L001655,kuehe,adv,,,,,,,Oral,,,adv.,
L001656,kueheambue,adv,,,,,,,Nasal,,,adv.,
L001657,kuépe,other,,,,,,,Oral,,,p. n.,
L001658,kuera,adj,,,,,,,Oral,,,adj.|v. pr.,
L001658,kuera,verb,Areal,,false,,,,Oral,,CHECK_VERB_CLASS|CHECK_TRANSITIVITY,adj.|v. pr.,
L001659,kuéra,adj,,,,,,,Oral,,,adj.,
L001660,kuerái,adj,,,,,,,Oral,,,adj.|s.|v. atr.,
L001660,kuerái,noun,,,,,Uniform,GendNone,Oral,,,adj.|s.|v. atr.,
L001660,kuerái,verb,Chendal,,false,,,,Oral,,CHECK_TRANSITIVITY,adj.|s.|v. atr.,
L001661,ku'i,adj,,,,,,,Oral,,,adj.|s.,
L001661,ku'i,noun,,,,,Uniform,GendNone,Oral,,,adj.|s.,
L001662,kúi,adj,,,,,,,Oral,,,adj.|v. pr.,
L001662,kúi,verb,Areal,Intransitive,false,,,,Oral,,CHECK_VERB_CLASS|CHECK_TRANSITIVITY,adj.|v. pr.,caer
L001663,kui'ĩ,noun,,,,,Uniform,GendNone,Nasal,,,s.,
L001664,kuimba'e,noun,,,,,Uniform,GendNone,Nasal,,,s.,
L001665,kuimbe,noun,,,,,Uniform,GendNone,Nasal,,,s.,
L001666,ku'ipa,adj,,,,,,,Oral,,,adj.,
L001667,ku'ipyre,adj,,,,,,,Oral,,,adj.,
L001668,kũjererã,noun,,,,,Uniform,GendNone,Nasal,,,s.,
L001669,kukúi,verb,Areal,Intransitive,false,,,,Oral,,CHECK_VERB_CLASS|CHECK_TRANSITIVITY,v. pr.,caer
L001670,kumanda,noun,,,,,Uniform,GendNone,Nasal,,,s.,
L001671,kumare,noun,,,,,Uniform,GendNone,Oral,,,s.,
L001672,kumbari,noun,,,,,Uniform,GendNone,Nasal,,,s.,
L001673,kunumi,noun,,,,,Uniform,GendNone,Oral,,,s.,
L001674,kunu'ũ,noun,,,,,Uniform,GendNone,Nasal,,,s.|v. atr.,
L001674,kunu'ũ,verb,Chendal,,false,,,,Nasal,,CHECK_TRANSITIVITY,s.|v. atr.,
L001675,kuña,noun,,,,,Uniform,GendNone,Nasal,,,s.,
L001676,kuña'i,noun,,,,,Uniform,GendNone,Nasal,,,s.,
L001677,kuñakarai,noun,,,,,Uniform,GendNone,Nasal,,,s.,
L001678,kuñataĩ,noun,,,,,Uniform,GendNone,Nasal,,,s.,
L001679,kupe,noun,,,,,Uniform,GendNone,Oral,,,s.,
L001680,kupegua,noun,,,,,Uniform,GendNone,Oral,,,s.,
L001681,kupépe,adv,,,,,,,Oral,,,adv.|p. n.,
L001682,kupy,noun,,,,,Uniform,GendNone,Oral,,,s.,
L001683,kupyju,noun,,,,,Uniform,GendNone,Oral,,,s.,
L001684,kurapepẽ,noun,,,,,Uniform,GendNone,Nasal,,,s.,
L001685,kura'ỹi,noun,,,,,Uniform,GendNone,Nasal,,,s.,
L001686,kure,noun,,,,,Uniform,GendNone,Oral,,,s.,
L001687,kure'i,noun,,,,,Uniform,GendNone,Oral,,,s.,
L001688,kũremói,noun,,,,,Uniform,GendNone,Nasal,,,s.,
L001689,kuriju,noun,,,,,Uniform,GendNone,Oral,,,s.,
L001690,kuri'y,noun,,,,,Uniform,GendNone,Oral,,,s.,
L001691,kuruchi,noun,,,,,Uniform,GendNone,Oral,,,s.|v. atr.,
L001691,kuruchi,verb,Chendal,,false,,,,Oral,,CHECK_TRANSITIVITY,s.|v. atr.,
L001692,kuruguãi,noun,,,,,Uniform,GendNone,Nasal,,,s.,
L001693,kurundu,noun,,,,,Uniform,GendNone,Nasal,,,s.,
L001694,kurupa'y,noun,,,,,Uniform,GendNone,Oral,,,s.,
L001695,kurupi,noun,,,,,Uniform,GendNone,Oral,,,s.,
L001696,kururu,noun,,,,,Uniform,GendNone,Oral,,,s.,
L001697,kurusu,noun,,,,,Uniform,GendNone,Oral,,,h.|s.,
L001698,kuruvi,adj,,,,,,,Oral,,,adj.|s.,
L001698,kuruvi,noun,,,,,Uniform,GendNone,Oral,,,adj.|s.,
L001699,kusugue,noun,,,,,Uniform,GendNone,Oral,,,s.,
L001700,kutipo,noun,,,,,Uniform,GendNone,Oral,,,s.,
L001701,kutu,noun,,,,,Uniform,GendNone,Oral,,,s.,
L001702,picotazo,verb,Aireal,,false,,,,Oral,,CHECK_TRANSITIVITY,v. air.,
L001703,kutuha,noun,,,,,Uniform,GendNone,Oral,,,s.,
L001704,kutujereha,noun,,,,,Uniform,GendNone,Oral,,,neol.|s.,
L001705,kuvuasu,noun,,,,,Uniform,GendNone,Oral,,,s.,
L001706,ky'akue,noun,,,,,Uniform,GendNone,Oral,,,s.,
L001707,kygua,noun,,,,,Uniform,GendNone,Oral,,,s.,
L001708,kyguái,noun,,,,,Uniform,GendNone,Oral,,,neol.|s.,
L001709,kyha,noun,,,,,Uniform,GendNone,Oral,,,s.,
L001710,kyhyje,noun,,,,,Uniform,GendNone,Oral,,,s.|v. pr.,
L001710,kyhyje,verb,Areal,Ambitransitive,false,,,,Oral,,CHECK_VERB_CLASS|CHECK_TRANSITIVITY|CHECK_AMBITRANSITIVE,s.|v. pr.,maliciar
L001711,kyhyjepyrã,adj,,,,,,,Nasal,,,adj.,
L001712,kyhyje'ỹ,noun,,,,,Uniform,GendNone,Nasal,,,s.,
L001713,kyja,noun,,,,,Uniform,GendNone,Oral,,,s.,
L001714,kyju,noun,,,,,Uniform,GendNone,Oral,,,s.,
L001715,kymbu,noun,,,,,Uniform,GendNone,Nasal,,,s.,
L001716,kypa,noun,,,,,Uniform,GendNone,Oral,,,neol.|s.,
L001717,kyporandu,noun,,,,,Uniform,GendNone,Nasal,,,neol.|s.,
L001718,kypy'y,noun,,,,,Uniform,GendNone,Oral,,,s.,
L001719,kyra,adj,,,,,,,Oral,,,adj.|s.,
L001719,kyra,noun,,,,,Uniform,GendNone,Oral,,,adj.|s.,
L001720,kyrave,verb,Chendal,Intransitive,false,,,,Oral,,CHECK_TRANSITIVITY,v. atr.,engrosar
L001721,kyre'ỹ,adj,,,,,,,Nasal,,,adj.|s.,
L001721,kyre'ỹ,noun,,,,,Uniform,GendNone,Nasal,,,adj.|s.,
L001722,kyre'ỹhápe,adv,,,,,,,Nasal,,CHECK_NASAL_COMPOUND,adv.,
L001723,kyry,noun,,,,,Uniform,GendNone,Oral,,,s.,
L001724,kyrỹihápe,adv,,,,,,,Nasal,,CHECK_NASAL_COMPOUND,adv.,
L001725,kyryryo,noun,,,,,Uniform,GendNone,Oral,,,s.,
L001726,kyse,noun,,,,,Uniform,GendNone,Oral,,,s.,
L001727,kysevuku,noun,,,,,Uniform,GendNone,Oral,,,s.,
L001728,kyta,noun,,,,,Uniform,GendNone,Oral,,,neol.|s.,
L001729,kytã,noun,,,,,Uniform,GendNone,Nasal,,,s.,
L001730,kytĩ,noun,,,,,Uniform,GendNone,Nasal,,,s.|v. air.,
L001730,kytĩ,verb,Aireal,Transitive,false,,,,Nasal,,CHECK_TRANSITIVITY,s.|v. air.,cercenar
L001731,kytĩmbyre,adj,,,,,,,Nasal,,CHECK_NASAL_COMPOUND,adj.|s.,
L001731,kytĩmbyre,noun,,,,,Uniform,GendNone,Nasal,,CHECK_NASAL_COMPOUND,adj.|s.,
L001732,kyto,adj,,,,,,,Oral,,,adj.,
L001733,kyty,verb,Aireal,Transitive,false,,,,Oral,,CHECK_TRANSITIVITY,v. air.,fregar
L001734,kyve'ỹ,noun,,,,,Uniform,GendNone,Nasal,,,s.,
L001735,kyvõ,adv,,,,,,,Nasal,,,adv.,
L001736,kyvy,noun,,,,,Uniform,GendNone,Oral,,,s.,
L001737,kyvyraty,noun,,,,,Uniform,GendNone,Oral,,,s.,
L001738,ky'ỹi,noun,,,,,Uniform,GendNone,Nasal,,,s.,
L001739,lechãi,noun,,,,,Uniform,GendNone,Nasal,,,s.,
L001740,lekaja,noun,,,,,Uniform,GendNone,Oral,,,s.,
L001741,limõ,noun,,,,,Uniform,GendNone,Nasal,,,h.|s.,
L001742,luisõ,noun,,,,,Uniform,GendNone,Nasal,,,h.|s.,
L001743,ma'ẽ,noun,,,,,Uniform,GendNone,Nasal,,,s.|v. pr.,
L001743,ma'ẽ,verb,Areal,Ambitransitive,false,,,,Nasal,,CHECK_VERB_CLASS|CHECK_TRANSITIVITY|CHECK_AMBITRANSITIVE,s.|v. pr.,mirar
L001744,ma'ẽha,noun,,,,,Uniform,GendNone,Nasal,,,s.,
L001745,ma'erã,noun,,,,,Uniform,GendNone,Nasal,,,s.|adv.,
L001745,ma'erã,adv,,,,,,,Nasal,,,s.|adv.,
L001746,ma'ẽra,noun,,,,,Uniform,GendNone,Nasal,,,s.,
L001747,máicha,adv,,,,,,,Oral,,,adv.,
L001748,maimbe,adj,,,,,,,Nasal,,,adj.|v. pr.,
L001748,maimbe,verb,Areal,,false,,,,Nasal,,CHECK_VERB_CLASS|CHECK_TRANSITIVITY,adj.|v. pr.,
L001749,mainumby,noun,,,,,Uniform,GendNone,Nasal,,,s.,
L001750,maitei,noun,,,,,Uniform,GendNone,Oral,,,s.|exp.,
L001750,maitei,exp,,,,,,,Oral,,,s.|exp.,
L001751,maiteípa,exp,,,,,,,Oral,,,exp.,
L001752,mamanga,noun,,,,,Uniform,GendNone,Nasal,,,s.,
L001753,mamboreta,noun,,,,,Uniform,GendNone,Nasal,,,s.,
L001754,mamo,noun,,,,,Uniform,GendNone,Oral,,,s.|adv.,
L001754,mamo,adv,,,,,,,Oral,,,s.|adv.,
L001755,mamorei,adv,,,,,,,Oral,,,adv.,
L001756,mamove,adv,,,,,,,Oral,,,adv.,
L001757,mandi,adv,,,,,,,Nasal,,,adv.,
L001758,mandi'i,noun,,,,,Uniform,GendNone,Nasal,,,s.,
L001759,mandi'o,noun,,,,,Uniform,GendNone,Nasal,,,s.,
L001760,mandyju,noun,,,,,Uniform,GendNone,Nasal,,,s.,
L001761,mandyjuty,noun,,,,,Uniform,GendNone,Nasal,,,s.,
L001762,mandu'a,noun,,,,,Uniform,GendNone,Nasal,,,s.,
L001763,mandu'apy,noun,,,,,Uniform,GendNone,Nasal,,,s.,
L001764,manduvi,noun,,,,,Uniform,GendNone,Nasal,,,s.,
L001765,mandyju,noun,,,,,Uniform,GendNone,Nasal,,,s.,
L001766,mangaisy,noun,,,,,Uniform,GendNone,Nasal,,,s.,
L001767,manguruju,noun,,,,,Uniform,GendNone,Nasal,,,s.,
L001768,mano,noun,,,,,Uniform,GendNone,Oral,,,s.|v. pr.,
L001768,mano,verb,Areal,Intransitive,false,,,,Oral,,CHECK_VERB_CLASS|CHECK_TRANSITIVITY,s.|v. pr.,expirar
L001769,mante,adv,,,,,,,Nasal,,,adv.,
L001770,maña,verb,Areal,Ambitransitive,false,,,,Nasal,,CHECK_VERB_CLASS|CHECK_TRANSITIVITY|CHECK_AMBITRANSITIVE,v. pr.,curiosear
L001771,mañaha,noun,,,,,Uniform,GendNone,Nasal,,,s.,
L001772,marã,adj,,,,,,,Nasal,,,adj.|adv.,
L001772,marã,adv,,,,,,,Nasal,,,adj.|adv.,
L001773,marã'ỹ,adj,,,,,,,Nasal,,,adj.|s.,
L001773,marã'ỹ,noun,,,,,Uniform,GendNone,Nasal,,,adj.|s.,
L001774,marae'ỹ,adj,,,,,,,Nasal,,,adj.,
L001775,marãiko,adv,,,,,,,Nasal,,CHECK_NASAL_COMPOUND,adv.,
L001776,máramo,adv,,,,,,,Oral,,,adv.,
L001777,marandova,noun,,,,,Uniform,GendNone,Nasal,,,s.,
L001778,marandu,noun,,,,,Uniform,GendNone,Nasal,,,s.,
L001779,marane'ỹ,adj,,,,,,,Nasal,,,adj.,
L001780,marangatu,adj,,,,,,,Nasal,,,adj.,
L001781,marãve,adv,,,,,,,Nasal,,,adv.,
L001782,maravichu,noun,,,,,Uniform,GendNone,Oral,,,s.,
L001783,márõ,adv,,,,,,,Nasal,,,adv.,
L001784,máva,pron,,,,,,,Oral,,,pron. ind.|pron.,
L001785,mavaite,pron,,,,,,,Oral,,,pron. ind.|pron.,
L001786,mavave,adj,,,,,,,Oral,,,adj.|pron.,
L001786,mavave,pron,,,,,,,Oral,,,adj.|pron.,
L001787,mayma,adj,,,,,,,Oral,,,adj.,
L001788,maymáva,pron,,,,,,,Oral,,,pron.,
L001789,me,noun,,,,,Uniform,GendNone,Oral,,,s.|p. n.,
L001790,me'ẽ,verb,Areal,Ambitransitive,false,,,,Nasal,,CHECK_VERB_CLASS|CHECK_TRANSITIVITY|CHECK_AMBITRANSITIVE,v. pr.,aportar
L001791,me'ẽha,noun,,,,,Uniform,GendNone,Nasal,,,s.,
L001792,meguã,adj,,,,,,,Nasal,,,adj.|s.,
L001792,meguã,noun,,,,,Uniform,GendNone,Nasal,,,adj.|s.,
L001793,memby,noun,,,,,Uniform,GendNone,Nasal,,,s.,
L001794,membyanga,noun,,,,,Uniform,GendNone,Nasal,,,s.,
L001795,membykoĩ,adj,,,,,,,Nasal,,,adj.,
L001796,membyrã,noun,,,,,Uniform,GendNone,Nasal,,,s.|v. atr.,
L001796,membyrã,verb,Chendal,,false,,,,Nasal,,CHECK_TRANSITIVITY,s.|v. atr.,
L001797,membyraty,noun,,,,,Uniform,GendNone,Nasal,,,s.,
L001798,membyryme,noun,,,,,Uniform,GendNone,Nasal,,,s.,
L001799,membyryru,noun,,,,,Uniform,GendNone,Nasal,,,s.,
L001800,meme,adj,,,,,,,Oral,,,adj.,
L001801,memegua,adj,,,,,,,Oral,,,adj.,
L001802,ména,noun,,,,,Uniform,GendNone,Oral,,,s.,
L001803,menamanóva,noun,,,,,Uniform,GendNone,Oral,,,s.,
L001804,menarã,noun,,,,,Uniform,GendNone,Nasal,,,s.,
L001805,menda,noun,,,,,Uniform,GendNone,Nasal,,,s.,
L001806,mendare,adj,,,,,,,Nasal,,,adj.,
L001807,mendare'ỹ,adj,,,,,,,Nasal,,,adj.,
L001808,mendave'ỹ,noun,,,,,Uniform,GendNone,Nasal,,,s.,
L001809,mensu,noun,,,,,Uniform,GendNone,Oral,,,h.|s.,
L001810,merõ,noun,,,,,Uniform,GendNone,Nasal,,,h.|s.,
L001811,mesa,noun,,,,,Uniform,GendNone,Oral,,,s.,
L001812,meve,other,,,,,,,Oral,,,p. n.,
L001813,mi,suf,,,,,,,Oral,,,suf. a. n.,
L001814,michĩ,adj,,,,,,,Nasal,,,adj.,
L001815,mimbi,adj,,,,,,,Nasal,,,adj.,
L001816,mimby,noun,,,,,Uniform,GendNone,Nasal,,,s.,
L001817,mimi,adj,,,,,,,Oral,,,adj.|adv.,
L001817,mimi,adv,,,,,,,Oral,,,adj.|adv.,
L001818,mimói,adj,,,,,,,Oral,,,adj.,
L001819,mindu'u,verb,Areal,Ambitransitive,false,,,,Nasal,,CHECK_VERB_CLASS|CHECK_TRANSITIVITY|CHECK_AMBITRANSITIVE,v. pr.,masticar
L001820,mínga,noun,,,,,Uniform,GendNone,Nasal,,,s.,
L001821,minga,verb,Areal,,false,,,,Nasal,,CHECK_TRANSITIVITY,v.,
L001822,mingáu,noun,,,,,Uniform,GendNone,Nasal,,,s.,
L001823,mini,adj,,,,,,,Oral,,,adj.,
L001824,mitã,noun,,,,,Uniform,GendNone,Nasal,,,s.,
L001825,mitã'i,noun,,,,,Uniform,GendNone,Nasal,,,s.,
L001826,mitarã,noun,,,,,Uniform,GendNone,Nasal,,,s.,
L001827,mo,suf,,,,,,,Oral,,,suf. a. v.,
L001827,mo,verb,Areal,Transitive,false,,,,Oral,,CHECK_TRANSITIVITY,suf. a. v.,causar
L001828,mo'ã,verb,Areal,Transitive,false,,,,Nasal,,CHECK_VERB_CLASS|CHECK_TRANSITIVITY,v. pr.|v.,cubrir
L001829,mo'ãha,noun,,,,,Uniform,GendNone,Nasal,,,s.,
L001830,mocha'ĩ,verb,Areal,Transitive,false,,,,Nasal,,CHECK_VERB_CLASS|CHECK_TRANSITIVITY,v. pr.,arrugar
L001831,mohe'ẽ,verb,Areal,Transitive,false,,,,Nasal,,CHECK_VERB_CLASS|CHECK_TRANSITIVITY,v. pr.,endulzar
L001832,moĩmba,verb,Areal,Transitive,false,,,,Nasal,,CHECK_VERB_CLASS|CHECK_TRANSITIVITY,v. pr.,completar
L001833,moinge,verb,Areal,Transitive,false,,,,Nasal,,CHECK_VERB_CLASS|CHECK_TRANSITIVITY,v. pr.,encajar
L001834,moingo,verb,Areal,Transitive,false,,,,Nasal,,CHECK_VERB_CLASS|CHECK_TRANSITIVITY,v. pr.,alcanzar
L001835,moirũ,verb,Areal,Transitive,false,,,,Nasal,,CHECK_VERB_CLASS|CHECK_TRANSITIVITY,v. pr.,acompañar
L001836,mokambu,verb,Areal,Transitive,false,,,,Nasal,,CHECK_VERB_CLASS|CHECK_TRANSITIVITY,v. pr.,amamantar
L001837,mokõi,adj,,,,,,,Nasal,,,adj.|s.,
L001837,mokõi,noun,,,,,Uniform,GendNone,Nasal,,,adj.|s.,
L001838,mokõiha,adj,,,,,,,Nasal,,CHECK_NASAL_COMPOUND,adj.,
L001839,mokõipa,adj,,,,,,,Nasal,,CHECK_NASAL_COMPOUND,neol.|adj.,
L001840,mokõipaha,adj,,,,,,,Nasal,,CHECK_NASAL_COMPOUND,adj.,
L001841,momarandu,noun,,,,,Uniform,GendNone,Nasal,,,s.|v. pr.,
L001841,momarandu,verb,Areal,Transitive,false,,,,Nasal,,CHECK_VERB_CLASS|CHECK_TRANSITIVITY,s.|v. pr.,advertir
L001842,momaranduha,other,,,,,,,Nasal,,,neol.,
L001843,momaranduhára,noun,,,,,Uniform,GendNone,Nasal,,,neol.|s.,
L001844,momba,verb,Areal,Ambitransitive,false,,,,Nasal,,CHECK_VERB_CLASS|CHECK_TRANSITIVITY|CHECK_AMBITRANSITIVE,v. pr.,acabar
L001845,mombáy,verb,Areal,Transitive,false,,,,Nasal,,CHECK_VERB_CLASS|CHECK_TRANSITIVITY,v. pr.,despertar
L001846,mombe'u,noun,,,,,Uniform,GendNone,Nasal,,,s.,
L001847,mombe'uha,noun,,,,,Uniform,GendNone,Nasal,,,s.,
L001848,mombe'urã,noun,,,,,Uniform,GendNone,Nasal,,,neol.|s.,
L001849,mombo,verb,Areal,Transitive,false,,,,Nasal,,CHECK_VERB_CLASS|CHECK_TRANSITIVITY,v. pr.,arrojar
L001850,mombo'o,verb,Areal,Transitive,false,,,,Nasal,,CHECK_VERB_CLASS|CHECK_TRANSITIVITY,v. pr.,despechar
L001851,mombu,verb,Areal,Transitive,false,,,,Nasal,,CHECK_VERB_CLASS|CHECK_TRANSITIVITY,v. pr.,detonar
L001852,momorã,noun,,,,,Uniform,GendNone,Nasal,,,s.,
L001853,mona,verb,Areal,Transitive,false,,,,Oral,,CHECK_VERB_CLASS|CHECK_TRANSITIVITY,v. pr.,untar
L001854,monde,verb,Areal,Transitive,false,,,,Nasal,,CHECK_VERB_CLASS|CHECK_TRANSITIVITY,v. pr.,vestir
L001855,mondo,verb,Areal,Transitive,false,,,,Nasal,,CHECK_VERB_CLASS|CHECK_TRANSITIVITY,v. pr.,enviar
L001856,mondoro,noun,,,,,Uniform,GendNone,Nasal,,,s.|v. pr.,
L001856,mondoro,verb,Areal,Transitive,false,,,,Nasal,,CHECK_VERB_CLASS|CHECK_TRANSITIVITY,s.|v. pr.,desgarrar
L001857,moneĩ,noun,,,,,Uniform,GendNone,Nasal,,,s.|v. pr.,
L001857,moneĩ,verb,Areal,Ambitransitive,false,,,,Nasal,,CHECK_VERB_CLASS|CHECK_TRANSITIVITY|CHECK_AMBITRANSITIVE,s.|v. pr.,admitir
L001858,moneĩva,adj,,,,,,,Nasal,,CHECK_NASAL_COMPOUND,adj.,
L001859,mongakuaha,verb,Areal,Transitive,false,,,,Nasal,,CHECK_VERB_CLASS|CHECK_TRANSITIVITY,v. pr.,criar
L001860,mongarai,verb,Areal,Transitive,false,,,,Nasal,,CHECK_VERB_CLASS|CHECK_TRANSITIVITY,v. pr.,bautizar
L001861,mongaraipy,noun,,,,,Uniform,GendNone,Nasal,,,s.,
L001862,mongaru,verb,Areal,Transitive,false,,,,Nasal,,CHECK_VERB_CLASS|CHECK_TRANSITIVITY,v. pr.,alimentar
L001863,mongavaju,verb,Areal,Transitive,false,,,,Nasal,,CHECK_VERB_CLASS|CHECK_TRANSITIVITY,v. pr.,reconvenir
L001864,mongele'e,verb,Areal,Transitive,false,,,,Nasal,,CHECK_VERB_CLASS|CHECK_TRANSITIVITY,v. pr.,ensalzar
L001865,mongeta,noun,,,,,Uniform,GendNone,Nasal,,,s.,
L001866,mongora,verb,Areal,Transitive,false,,,,Nasal,,CHECK_TRANSITIVITY,h.|v.,acorralar
L001867,mongovia,verb,Areal,,false,,,,Nasal,,CHECK_VERB_CLASS|CHECK_TRANSITIVITY,v. pr.,
L001868,mongu'e,verb,Areal,Transitive,false,,,,Nasal,,CHECK_VERB_CLASS|CHECK_TRANSITIVITY,v. pr.,aflojar
L001869,monguera,verb,Areal,Transitive,false,,,,Nasal,,CHECK_VERB_CLASS|CHECK_TRANSITIVITY,v. pr.,restañar
L001870,mongu'i,verb,Areal,Transitive,false,,,,Nasal,,CHECK_VERB_CLASS|CHECK_TRANSITIVITY,v. pr.,deshacer
L001871,monguera,verb,Areal,Transitive,false,,,,Nasal,,CHECK_VERB_CLASS|CHECK_TRANSITIVITY,v. pr.,restañar
L001872,mongy'a,verb,Areal,Transitive,false,,,,Nasal,,CHECK_VERB_CLASS|CHECK_TRANSITIVITY,v. pr.,ensuciar
L001873,mono'õ,verb,Areal,Transitive,false,,,,Nasal,,CHECK_VERB_CLASS|CHECK_TRANSITIVITY,v. pr.,ahorrar
L001874,moña,verb,Areal,Transitive,false,,,,Nasal,,CHECK_VERB_CLASS|CHECK_TRANSITIVITY,v. pr.,perseguir
L001875,moñái,adj,,,,,,,Nasal,,,adj.,
L001876,moñe'ẽra,noun,,,,,Uniform,GendNone,Nasal,,,neol.|s.,
L001877,mopẽ,verb,Areal,Transitive,false,,,,Nasal,,CHECK_VERB_CLASS|CHECK_TRANSITIVITY,v. pr.,quebrar
L001878,mopotĩ,verb,Areal,Transitive,false,,,,Nasal,,CHECK_VERB_CLASS|CHECK_TRANSITIVITY,v. pr.,asear
L001879,mopu'ã,verb,Areal,Transitive,false,,,,Nasal,,CHECK_VERB_CLASS|CHECK_TRANSITIVITY,v. pr.,alzar
L001880,morangu,noun,,,,,Uniform,GendNone,Nasal,,,neol.|s.,
L001881,morotĩ,adj,,,,,,,Nasal,,,adj.,
L001882,mosã,verb,Areal,Transitive,false,,,,Nasal,,CHECK_VERB_CLASS|CHECK_TRANSITIVITY,v. pr.,atar
L001883,mosẽ,verb,Areal,Transitive,false,,,,Nasal,,CHECK_VERB_CLASS|CHECK_TRANSITIVITY,v. pr.,deportar
L001884,motĩ,verb,Areal,Transitive,false,,,,Nasal,,CHECK_VERB_CLASS|CHECK_TRANSITIVITY,v. pr.,avergonzar
L001885,muã,noun,,,,,Uniform,GendNone,Nasal,,,s.,
L001886,muakỹ,verb,Areal,Transitive,false,,,,Nasal,,CHECK_VERB_CLASS|CHECK_TRANSITIVITY,v. pr.,mojar
L001887,muanduhe,noun,,,,,Uniform,GendNone,Nasal,,,s.,
L001888,muangekói,verb,Areal,,false,,,,Nasal,,CHECK_VERB_CLASS|CHECK_TRANSITIVITY,v. pr.,
L001889,mukure,noun,,,,,Uniform,GendNone,Oral,,,s.,
L001890,myakã,verb,Areal,Transitive,false,,,,Nasal,,CHECK_VERB_CLASS|CHECK_TRANSITIVITY,v. pr.,encabezar
L001891,myakỹ,verb,Areal,Transitive,false,,,,Nasal,,CHECK_VERB_CLASS|CHECK_TRANSITIVITY,v. pr.,empapar
L001892,myangekõi,verb,Areal,,false,,,,Nasal,,CHECK_VERB_CLASS|CHECK_TRANSITIVITY,v. pr.,
L001893,myaña,noun,,,,,Uniform,GendNone,Nasal,,,s.|v. pr.,
L001893,myaña,verb,Areal,Transitive,false,,,,Nasal,,CHECK_VERB_CLASS|CHECK_TRANSITIVITY,s.|v. pr.,forzar
L001894,myatyrõ,noun,,,,,Uniform,GendNone,Nasal,,,s.,
L001895,myendy,verb,Areal,Transitive,false,,,,Nasal,,CHECK_VERB_CLASS|CHECK_TRANSITIVITY,v. pr.,encender
L001896,myesakã,verb,Areal,Transitive,false,,,,Nasal,,CHECK_VERB_CLASS|CHECK_TRANSITIVITY,v. pr.,aclarar
L001897,mymba,noun,,,,,Uniform,GendNone,Nasal,,,s.,
L001898,mytũ,noun,,,,,Uniform,GendNone,Nasal,,,s.,
L001899,mba'apo,noun,,,,,Uniform,GendNone,Nasal,,,s.|v. pr.,
L001899,mba'apo,verb,Areal,Ambitransitive,false,,,,Nasal,,CHECK_VERB_CLASS|CHECK_TRANSITIVITY|CHECK_AMBITRANSITIVE,s.|v. pr.,funcionar
L001900,mba'apohára,noun,,,,,Uniform,GendNone,Nasal,,,s.,
L001901,mba'asy,noun,,,,,Uniform,GendNone,Nasal,,,s.,
L001902,mba'e,noun,,,,,Uniform,GendNone,Nasal,,,s.,
L001903,mba'éicha,adv,,,,,,,Nasal,,,adv.,
L001904,mba'éichagua,exp,,,,,,,Nasal,,,exp.,
L001905,mba'éichapa,adv,,,,,,,Nasal,,,interj.|adv.,
L001906,mba'éiko,adv,,,,,,,Nasal,,,adv.|exp.,
L001906,mba'éiko,exp,,,,,,,Nasal,,,adv.|exp.,
L001907,mba'ejere,other,,,,,,,Nasal,,,neol.,
L001908,mba'emotepa,noun,,,,,Uniform,GendNone,Nasal,,,s.|exp.,
L001908,mba'emotepa,exp,,,,,,,Nasal,,,s.|exp.,
L001909,mba'ére,adv,,,,,,,Nasal,,,adv.,
L001910,mba'erei,noun,,,,,Uniform,GendNone,Nasal,,,s.,
L001911,mba'erepy,noun,,,,,Uniform,GendNone,Nasal,,,s.,
L001912,mba'ereko,verb,Areal,,false,,,,Nasal,,CHECK_VERB_CLASS|CHECK_TRANSITIVITY,v. pr.,
L001913,mba'esyvo,noun,,,,,Uniform,GendNone,Nasal,,,s.,
L001914,mba'eve,pron,,,,,,,Nasal,,,pron. ind.,
L001915,mbaipy,noun,,,,,Uniform,GendNone,Nasal,,,s.,
L001916,mbaite,suf,,,,,,,Nasal,,,suf. a. v.,
L001916,mbaite,verb,Areal,,false,,,,Nasal,,CHECK_TRANSITIVITY,suf. a. v.,
L001917,mbaraka,noun,,,,,Uniform,GendNone,Nasal,,,s.,
L001918,mbarakaja,noun,,,,,Uniform,GendNone,Nasal,,,s.,
L001919,mbarete,adj,,,,,,,Nasal,,,adj.,
L001920,mbarigui,noun,,,,,Uniform,GendNone,Nasal,,,s.,
L001921,mbatara,noun,,,,,Uniform,GendNone,Nasal,,,s.,
L001922,mba'yru,noun,,,,,Uniform,GendNone,Nasal,,,s.,
L001923,mbegue,adj,,,,,,,Nasal,,,adj.,
L001924,mbeju,noun,,,,,Uniform,GendNone,Nasal,,,s.,
L001925,mberu,noun,,,,,Uniform,GendNone,Nasal,,,s.,
L001926,mbichy,adj,,,,,,,Nasal,,,adj.|v. pr.,
L001926,mbichy,verb,Areal,Transitive,false,,,,Nasal,,CHECK_VERB_CLASS|CHECK_TRANSITIVITY,adj.|v. pr.,asar
L001927,mbigua,noun,,,,,Uniform,GendNone,Nasal,,,s.,
L001928,mbira,noun,,,,,Uniform,GendNone,Nasal,,,s.,
L001929,mbirai,noun,,,,,Uniform,GendNone,Nasal,,,s.,
L001930,mbiru'a,noun,,,,,Uniform,GendNone,Nasal,,,s.,
L001931,mbita'i,noun,,,,,Uniform,GendNone,Nasal,,,s.,
L001932,mbiti,noun,,,,,Uniform,GendNone,Nasal,,,s.,
L001933,mbo'a,verb,Areal,Ambitransitive,false,,,,Nasal,,CHECK_VERB_CLASS|CHECK_TRANSITIVITY|CHECK_AMBITRANSITIVE,v. pr.,desovar
L001934,mboaguara,verb,Areal,Transitive,false,,,,Nasal,,CHECK_VERB_CLASS|CHECK_TRANSITIVITY,v. pr.,alabar
L001935,mboaje,noun,,,,,Uniform,GendNone,Nasal,,,s.|v. pr.,
L001935,mboaje,verb,Areal,Ambitransitive,false,,,,Nasal,,CHECK_VERB_CLASS|CHECK_TRANSITIVITY|CHECK_AMBITRANSITIVE,s.|v. pr.,acceder
L001936,mboaju,verb,Areal,Transitive,false,,,,Nasal,,CHECK_VERB_CLASS|CHECK_TRANSITIVITY,v. pr.,fastidiar
L001937,mbohaku,verb,Areal,,false,,,,Nasal,,CHECK_VERB_CLASS|CHECK_TRANSITIVITY,v. pr.,
L001938,mboao,verb,Areal,Transitive,false,,,,Nasal,,CHECK_VERB_CLASS|CHECK_TRANSITIVITY,v. pr.,vestir
L001939,mbo'e,noun,,,,,Uniform,GendNone,Nasal,,,s.,
L001940,mbo'ehao,noun,,,,,Uniform,GendNone,Nasal,,,neol.|s.,
L001941,mbo'ehára,noun,,,,,Uniform,GendNone,Nasal,,,neol.|s.,
L001942,mbo'epy,other,,,,,,,Nasal,,,neol.,
L001943,mbo'esyry,noun,,,,,Uniform,GendNone,Nasal,,,neol.|s.,
L001944,mboguata,verb,Areal,Transitive,false,,,,Nasal,,CHECK_VERB_CLASS|CHECK_TRANSITIVITY,v. pr.,conducir
L001945,mbogue,verb,Areal,Transitive,false,,,,Nasal,,CHECK_VERB_CLASS|CHECK_TRANSITIVITY,v. pr.,borrar
L001946,mbogueha,noun,,,,,Uniform,GendNone,Nasal,,,neol.|s.,
L001947,mbohapy,adj,,,,,,,Nasal,,,adj.,
L001948,mbohapyha,adj,,,,,,,Nasal,,,adj.,
L001949,mbohovái,noun,,,,,Uniform,GendNone,Nasal,,,s.,
L001950,reacción,verb,Areal,,false,,,,Oral,,CHECK_VERB_CLASS|CHECK_TRANSITIVITY,v. pr.,
L001951,mboi,verb,Areal,Transitive,false,,,,Nasal,,CHECK_VERB_CLASS|CHECK_TRANSITIVITY,v. pr.,desnudar
L001952,mbo'i,verb,Areal,Transitive,false,,,,Nasal,,CHECK_VERB_CLASS|CHECK_TRANSITIVITY,v. pr.,desmenuzar
L001953,mbói,noun,,,,,Uniform,GendNone,Nasal,,,s.,
L001954,mboisy,noun,,,,,Uniform,GendNone,Nasal,,,s.,
L001955,mboitu'i,noun,,,,,Uniform,GendNone,Nasal,,,s.,
L001956,mbojaru,verb,Areal,,false,,,,Nasal,,CHECK_VERB_CLASS|CHECK_TRANSITIVITY,v. pr.|s.,
L001956,mbojaru,noun,,,,,Uniform,GendNone,Nasal,,,v. pr.|s.,
L001957,mbojere,verb,Areal,Transitive,false,,,,Nasal,,CHECK_VERB_CLASS|CHECK_TRANSITIVITY,v. pr.|s.,circundar
L001957,mbojere,noun,,,,,Uniform,GendNone,Nasal,,,v. pr.|s.,
L001958,mbojoja,noun,,,,,Uniform,GendNone,Nasal,,,s.|v. pr.,
L001958,mbojoja,verb,Areal,Transitive,false,,,,Nasal,,CHECK_VERB_CLASS|CHECK_TRANSITIVITY,s.|v. pr.,afinar
L001959,mbojojaha,noun,,,,,Uniform,GendNone,Nasal,,,neol.|s.,
L001960,mbojy,verb,Areal,Transitive,false,,,,Nasal,,CHECK_VERB_CLASS|CHECK_TRANSITIVITY,v. pr.,cocer
L001961,mboka,noun,,,,,Uniform,GendNone,Nasal,,,s.,
L001962,mbokaja,noun,,,,,Uniform,GendNone,Nasal,,,s.,
L001963,mbokaja'a,noun,,,,,Uniform,GendNone,Nasal,,,s.,
L001964,mbokajaty,noun,,,,,Uniform,GendNone,Nasal,,,s.,
L001965,mbvokapu,noun,,,,,Uniform,GendNone,Nasal,,,s.,
L001966,mbokua,verb,Areal,Transitive,false,,,,Nasal,,CHECK_VERB_CLASS|CHECK_TRANSITIVITY,v. pr.,agujerear
L001967,mbokuaha,noun,,,,,Uniform,GendNone,Nasal,,,s.,
L001968,mbopi,noun,,,,,Uniform,GendNone,Nasal,,,s.,
L001969,mborayhu,noun,,,,,Uniform,GendNone,Nasal,,,s.,
L001970,mbóre,adj,,,,,,,Nasal,,,adj.,
L001971,mboriahu,adj,,,,,,,Nasal,,,adj.,
L001972,mborevi,noun,,,,,Uniform,GendNone,Nasal,,,s.,
L001973,mbota,noun,,,,,Uniform,GendNone,Nasal,,,s.,
L001974,mbotavy,noun,,,,,Uniform,GendNone,Nasal,,,s.|v. pr.,
L001974,mbotavy,verb,Areal,Ambitransitive,false,,,,Nasal,,CHECK_VERB_CLASS|CHECK_TRANSITIVITY|CHECK_AMBITRANSITIVE,s.|v. pr.,defraudar
L001975,mbotorore,verb,Areal,Transitive,false,,,,Nasal,,CHECK_VERB_CLASS|CHECK_TRANSITIVITY,v. pr.,remecer
L001976,mbotove,noun,,,,,Uniform,GendNone,Nasal,,,s.|v. pr.,
L001976,mbotove,verb,Areal,Transitive,false,,,,Nasal,,CHECK_VERB_CLASS|CHECK_TRANSITIVITY,s.|v. pr.,declinar
L001977,mboty,verb,Areal,Transitive,false,,,,Nasal,,CHECK_VERB_CLASS|CHECK_TRANSITIVITY,v. pr.,cerrar
L001978,mbovy,adj,,,,,,,Nasal,,,adj. ind.,
L001979,mbovyvy,verb,Areal,Transitive,false,,,,Nasal,,CHECK_VERB_CLASS|CHECK_TRANSITIVITY,v. pr.,coser
L001980,mboy'u,verb,Areal,,false,,,,Nasal,,CHECK_VERB_CLASS|CHECK_TRANSITIVITY,v. pr.,
L001981,mbujape,noun,,,,,Uniform,GendNone,Nasal,,,s.,
L001982,mburika,noun,,,,,Uniform,GendNone,Nasal,,,s.,
L001983,mburuvicha,noun,,,,,Uniform,GendNone,Nasal,,,s.,
L001984,mbusia,noun,,,,,Uniform,GendNone,Nasal,,,s.,
L001985,mbusu,noun,,,,,Uniform,GendNone,Nasal,,,s.,
L001986,mbutu,noun,,,,,Uniform,GendNone,Nasal,,,s.,
L001987,mbya,noun,,,,,Uniform,GendNone,Nasal,,,s.,
L001988,mbyaí,verb,Areal,,false,,,,Nasal,,CHECK_VERB_CLASS|CHECK_TRANSITIVITY,v. pr.,
L001989,mbyaiha,adj,,,,,,,Nasal,,,adj.,
L001990,mbyaty,verb,Areal,Transitive,false,,,,Nasal,,CHECK_VERB_CLASS|CHECK_TRANSITIVITY,v. pr.,acumular
L001991,mbyepoti,noun,,,,,Uniform,GendNone,Nasal,,,s.,
L001992,mbyja,noun,,,,,Uniform,GendNone,Nasal,,,s.,
L001993,mbyja'i,noun,,,,,Uniform,GendNone,Nasal,,,neol.|s.,
L001994,mbyjakuaa,noun,,,,,Uniform,GendNone,Nasal,,,neol.|s.,
L001995,mbyju'i,noun,,,,,Uniform,GendNone,Nasal,,,s.,
L001996,mbyky,adj,,,,,,,Nasal,,,adj.,
L001997,mbyry'ái,noun,,,,,Uniform,GendNone,Nasal,,,s.,
L001998,mbyte,noun,,,,,Uniform,GendNone,Nasal,,,s.,
L001999,mbytépe,adv,,,,,,,Nasal,,,adv.,
L002000,na,verb,Areal,,false,,,,Oral,,CHECK_VERB_CLASS|CHECK_TRANSITIVITY,v. pr.,
L002001,negativa,suf,,,,,,,Oral,,,suf. a. v.,
L002001,negativa,verb,Areal,,false,,,,Oral,,CHECK_TRANSITIVITY,suf. a. v.,
L002002,nahániri,adv,,,,,,,Oral,,,adv. de neg.,
L002003,nahesakãi,adj,,,,,,,Nasal,,,adj.,
L002004,naimokõivai,adj,,,,,,,Nasal,,CHECK_NASAL_COMPOUND,adj.,
L002005,naiñambuéiva,adj,,,,,,,Nasal,,CHECK_NASAL_COMPOUND,adj.,
L002006,naipohãiva,adj,,,,,,,Nasal,,CHECK_NASAL_COMPOUND,adj.,
L002007,nambi,noun,,,,,Uniform,GendNone,Nasal,,,s.,
L002008,namichãi,noun,,,,,Uniform,GendNone,Nasal,,,s.,
L002009,nandi,adj,,,,,,,Nasal,,,adj.,
L002010,narã,noun,,,,,Uniform,GendNone,Nasal,,,h.|s.,
L002011,narãhái,noun,,,,,Uniform,GendNone,Nasal,,CHECK_NASAL_COMPOUND,h.|s.,
L002012,ne,adj,,,,,,,Oral,,,adj.|s.|pron.,
L002012,ne,noun,,,,,Uniform,GendNone,Oral,,,adj.|s.|pron.,
L002012,ne,pron,,,,,,,Oral,,,adj.|s.|pron.,
L002013,sing,verb,Chendal,,false,,,,Nasal,,CHECK_TRANSITIVITY,v. atr.,
L002014,neg,suf,,,,,,,Oral,,,suf. a. v.,
L002014,neg,verb,Areal,,false,,,,Oral,,CHECK_TRANSITIVITY,suf. a. v.,
L002015,a,verb,Areal,,false,,,,Oral,,CHECK_TRANSITIVITY,v.,
L002016,neaño,exp,,,,,,,Nasal,,,exp.,
L002017,neĩ,adv,,,,,,,Nasal,,,adv.|v. pr.,
L002017,neĩ,verb,Areal,Ambitransitive,false,,,,Nasal,,CHECK_VERB_CLASS|CHECK_TRANSITIVITY|CHECK_AMBITRANSITIVE,adv.|v. pr.,acceder
L002018,néi,other,,,,,,,Oral,,,interj.,
L002019,neipamírõ,adv,,,,,,,Nasal,,,adv.,
L002020,ne'ĩra,adv,,,,,,,Nasal,,,adv.,
L002021,nemba'e,pron,,,,,,,Nasal,,,pron.,
L002022,nevu,adj,,,,,,,Oral,,,adj.|s.|v. atr.,
L002022,nevu,noun,,,,,Uniform,GendNone,Oral,,,adj.|s.|v. atr.,
L002022,nevu,verb,Chendal,Intransitive,false,,,,Oral,,CHECK_TRANSITIVITY,adj.|s.|v. atr.,heder
L002023,niko,adv,,,,,,,Oral,,,adv.,
L002024,nipo,adv,,,,,,,Oral,,,adv.,
L002025,nohẽ,verb,Areal,Transitive,false,,,,Nasal,,CHECK_TRANSITIVITY,v.,deducir
L002026,no'õ,noun,,,,,Uniform,GendNone,Nasal,,,s.|v. pr.,
L002026,no'õ,verb,Areal,,false,,,,Nasal,,CHECK_VERB_CLASS|CHECK_TRANSITIVITY,s.|v. pr.,
L002027,notĩvai,adj,,,,,,,Nasal,,CHECK_NASAL_COMPOUND,adj.,
L002028,nundu,verb,Areal,Intransitive,false,,,,Nasal,,CHECK_VERB_CLASS|CHECK_TRANSITIVITY,v. pr.,latir
L002029,nune,adv,,,,,,,Oral,,,adv.,
L002030,nunga,adv,,,,,,,Nasal,,,adv.,
L002031,nupã,verb,Aireal,Transitive,false,,,,Nasal,,CHECK_TRANSITIVITY,v. air.,atormentar
L002032,ndacha'éi,noun,,,,,Uniform,GendNone,Nasal,,,s.,
L002033,ndaje,exp,,,,,,,Nasal,,,exp.,
L002034,nde,adj,,,,,,,Nasal,,,adj.|s.|pron.,
L002034,nde,noun,,,,,Uniform,GendNone,Nasal,,,adj.|s.|pron.,
L002034,nde,pron,,,,,,,Nasal,,,adj.|s.|pron.,
L002035,ndéve,pron,,,,,,,Nasal,,,pron.,
L002036,ndivegua,noun,,,,,Uniform,GendNone,Nasal,,,s.,
L002037,ndu,noun,,,,,Uniform,GendNone,Nasal,,,s.,
L002038,ndy,noun,,,,,Uniform,GendNone,Nasal,,,s.,
L002039,ndyry,verb,Areal,Ambitransitive,false,,,,Nasal,,CHECK_VERB_CLASS|CHECK_TRANSITIVITY|CHECK_AMBITRANSITIVE,v. pr.,arremeter
L002040,ndyvu,verb,Areal,Intransitive,false,,,,Nasal,,CHECK_VERB_CLASS|CHECK_TRANSITIVITY,v. pr.,salivar
L002041,nga'u,verb,Areal,Transitive,false,,,,Nasal,,CHECK_VERB_CLASS|CHECK_TRANSITIVITY,v. pr.|adv.,añorar
L002041,nga'u,adv,,,,,,,Nasal,,,v. pr.|adv.,
L002042,nge,noun,,,,,Uniform,GendNone,Nasal,,,s.,
L002043,ngue,suf,,,,,,,Nasal,,,suf. a. n.,
L002044,nguéra,adj,,,,,,,Nasal,,,adj.,
L002045,nte,noun,,,,,Uniform,GendNone,Nasal,,,s.,
L002046,ña'e,noun,,,,,Uniform,GendNone,Nasal,,,s.,
L002047,ña'ẽmbe,noun,,,,,Uniform,GendNone,Nasal,,,s.,
L002048,ñaha'arõ'ỹre,adv,,,,,,,Nasal,,,adv.,
L002049,ñahatĩ,noun,,,,,Uniform,GendNone,Nasal,,,s.,
L002050,ñaimo'ã,verb,Areal,,false,,,,Nasal,,CHECK_TRANSITIVITY,v.,
L002051,ñai'ũ,noun,,,,,Uniform,GendNone,Nasal,,,s.,
L002052,ñakãity,noun,,,,,Uniform,GendNone,Nasal,,,s.|v. pr.,
L002052,ñakãity,verb,Areal,Ambitransitive,false,,,,Nasal,,CHECK_VERB_CLASS|CHECK_TRANSITIVITY|CHECK_AMBITRANSITIVE,s.|v. pr.,acatar
L002053,ñakanina,noun,,,,,Uniform,GendNone,Nasal,,,s.,
L002054,ñakã'o,verb,Areal,Transitive,false,,,,Nasal,,CHECK_VERB_CLASS|CHECK_TRANSITIVITY,v. pr.,decapitar
L002055,ñakurutũ,noun,,,,,Uniform,GendNone,Nasal,,,s.,
L002056,ñakỹ,verb,Areal,,false,,,,Nasal,,CHECK_VERB_CLASS|CHECK_TRANSITIVITY,v. pr.,
L002057,ñakyrã,noun,,,,,Uniform,GendNone,Nasal,,,s.,
L002058,ñami,verb,Areal,Transitive,false,,,,Nasal,,CHECK_VERB_CLASS|CHECK_TRANSITIVITY,v. pr.,estrujar
L002059,ñana,noun,,,,,Uniform,GendNone,Nasal,,,s.,
L002060,ñanandy,noun,,,,,Uniform,GendNone,Nasal,,,s.,
L002061,ñande,pron,,,,,,,Nasal,,,pron.,
L002062,ñánde,adj,,,,,,,Nasal,,,adj.,
L002063,Ñandejára,noun,,,,,Uniform,GendNone,Nasal,,,s.,
L002064,ñandéva,adj,,,,,,,Nasal,,,adj.,
L002065,ñandéve,pron,,,,,,,Nasal,,,pron.,
L002066,ñande'ỹva,adj,,,,,,,Nasal,,,adj.,
L002067,ñandú,noun,,,,,Uniform,GendNone,Nasal,,,s.,
L002068,ñandú'a,noun,,,,,Uniform,GendNone,Nasal,,,s.,
L002069,ñanduguasu,noun,,,,,Uniform,GendNone,Nasal,,,s.,
L002070,ñanduka,verb,Areal,Transitive,false,,,,Nasal,,CHECK_VERB_CLASS|CHECK_TRANSITIVITY,v. pr.,anunciar
L002071,ñanduti,noun,,,,,Uniform,GendNone,Nasal,,,s.,
L002072,ñandy,noun,,,,,Uniform,GendNone,Nasal,,,s.,
L002073,ñandy'o,verb,Areal,,false,,,,Nasal,,CHECK_VERB_CLASS|CHECK_TRANSITIVITY,v. pr.,
L002074,ñandyry,noun,,,,,Uniform,GendNone,Nasal,,,s.,
L002075,ñane,pron,,,,,,,Nasal,,,pron.,
L002076,ñáne,adj,,,,,,,Nasal,,,adj.,
L002077,ñanemba'e,pron,,,,,,,Nasal,,,pron. pos.,
L002078,ñangapiry,noun,,,,,Uniform,GendNone,Nasal,,,s.,
L002079,ñangareko,noun,,,,,Uniform,GendNone,Nasal,,,s.,
L002080,protección,verb,Areal,,false,,,,Oral,,CHECK_VERB_CLASS|CHECK_TRANSITIVITY,v. pr.,
L002081,ñangarekoha,noun,,,,,Uniform,GendNone,Nasal,,,s.,
L002082,ñangarekohára,noun,,,,,Uniform,GendNone,Nasal,,,s.,
L002083,ñangarekouka,verb,Areal,Transitive,false,,,,Nasal,,CHECK_VERB_CLASS|CHECK_TRANSITIVITY,v. pr.,encomendar
L002084,ñanga'u,verb,Areal,,false,,,,Nasal,,CHECK_VERB_CLASS|CHECK_TRANSITIVITY,v. pr.,
L002085,ñani,noun,,,,,Uniform,GendNone,Nasal,,,s.|v. pr.,
L002085,ñani,verb,Areal,Intransitive,false,,,,Nasal,,CHECK_VERB_CLASS|CHECK_TRANSITIVITY,s.|v. pr.,correr
L002086,ñaña,adj,,,,,,,Nasal,,,adj.,
L002087,ñañangue,noun,,,,,Uniform,GendNone,Nasal,,,s.,
L002088,ñañaseva,adj,,,,,,,Nasal,,,adj.,
L002089,ñañuva,noun,,,,,Uniform,GendNone,Nasal,,,s.|v. pr.,
L002089,ñañuva,verb,Areal,,false,,,,Nasal,,CHECK_VERB_CLASS|CHECK_TRANSITIVITY,s.|v. pr.,
L002090,ñapamona,verb,Areal,,false,,,,Nasal,,CHECK_VERB_CLASS|CHECK_TRANSITIVITY,v. pr.,
L002091,ñapĩ,verb,Areal,Transitive,false,,,,Nasal,,CHECK_VERB_CLASS|CHECK_TRANSITIVITY,v. pr.,rapar
L002092,ñapi'ũ,verb,Areal,Transitive,false,,,,Nasal,,CHECK_VERB_CLASS|CHECK_TRANSITIVITY,v. pr.,carcomer
L002093,ñapymi,verb,Areal,Intransitive,false,,,,Nasal,,CHECK_VERB_CLASS|CHECK_TRANSITIVITY,v. pr.,zozobrar
L002094,ñapysẽ,verb,Areal,Intransitive,false,,,,Nasal,,CHECK_VERB_CLASS|CHECK_TRANSITIVITY,v. pr.,aparecer
L002095,ñapytĩ,verb,Areal,Transitive,false,,,,Nasal,,CHECK_VERB_CLASS|CHECK_TRANSITIVITY,v. pr.,amarrar
L002096,ñapytĩmby,noun,,,,,Uniform,GendNone,Nasal,,,s.,
L002097,ñaro,adj,,,,,,,Nasal,,,adj.|s.,
L002097,ñaro,noun,,,,,Uniform,GendNone,Nasal,,,adj.|s.,
L002098,ñarõitépe,adv,,,,,,,Nasal,,,adv.,
L002099,ñarukã,noun,,,,,Uniform,GendNone,Nasal,,,s.,
L002100,ñati'ũ,noun,,,,,Uniform,GendNone,Nasal,,,s.,
L002101,ñatõi,verb,Areal,Ambitransitive,false,,,,Nasal,,CHECK_VERB_CLASS|CHECK_TRANSITIVITY|CHECK_AMBITRANSITIVE,v. pr.,atizar
L002102,ñatõiha,noun,,,,,Uniform,GendNone,Nasal,,,s.,
L002103,ña'yña,adj,,,,,,,Nasal,,,adj.,
L002104,ñe,noun,,,,,Uniform,GendNone,Nasal,,,s.,
L002105,ñe'ã,noun,,,,,Uniform,GendNone,Nasal,,,s.,
L002106,ñeakãity,noun,,,,,Uniform,GendNone,Nasal,,,s.,
L002107,ñeandu,noun,,,,,Uniform,GendNone,Nasal,,,s.,
L002108,ñeangecha,noun,,,,,Uniform,GendNone,Nasal,,,neol.|s.,
L002109,ñe'angu,noun,,,,,Uniform,GendNone,Nasal,,,s.,
L002110,ñe'ãvevúi,noun,,,,,Uniform,GendNone,Nasal,,,s.,
L002111,ñecha'ĩ,verb,Areal,,false,,,,Nasal,,CHECK_VERB_CLASS|CHECK_TRANSITIVITY,v. pr.,
L002112,ñe'ẽ,noun,,,,,Uniform,GendNone,Nasal,,,s.,
L002113,ñe'ẽgua'u,noun,,,,,Uniform,GendNone,Nasal,,,s.,
L002114,ñe'ẽguy,verb,Areal,,false,,,,Nasal,,CHECK_VERB_CLASS|CHECK_TRANSITIVITY,v. pr.,
L002115,ñe'ẽha,noun,,,,,Uniform,GendNone,Nasal,,,s.,
L002116,ñe'ẽjoaju,noun,,,,,Uniform,GendNone,Nasal,,,s.|neol.,
L002117,ñe'ẽjoapy,verb,Areal,Transitive,false,,,,Nasal,,CHECK_VERB_CLASS|CHECK_TRANSITIVITY,v. pr.|neol.|s.,replicar
L002117,ñe'ẽjoapy,noun,,,,,Uniform,GendNone,Nasal,,,v. pr.|neol.|s.,
L002118,ñe'ẽjoja,verb,Areal,Transitive,false,,,,Nasal,,CHECK_VERB_CLASS|CHECK_TRANSITIVITY,v. pr.,coincidir
L002119,ñe'ẽjoko,verb,Areal,Transitive,false,,,,Nasal,,CHECK_VERB_CLASS|CHECK_TRANSITIVITY,v. pr.,replicar
L002120,ñe'ẽjuehegua,noun,,,,,Uniform,GendNone,Nasal,,,neol.|s.,
L002121,ñe'ẽjuehegua'ỹ,noun,,,,,Uniform,GendNone,Nasal,,,neol.|s.,
L002122,ñe'ẽkõi,adj,,,,,,,Nasal,,,adj.|s.,
L002122,ñe'ẽkõi,noun,,,,,Uniform,GendNone,Nasal,,,adj.|s.,
L002123,ñe'ẽkuaa,noun,,,,,Uniform,GendNone,Nasal,,,neol.|s.,
L002124,ñe'ẽkuahambo'e,noun,,,,,Uniform,GendNone,Nasal,,,neol.|s.,
L002125,ñe'ẽumby,verb,Areal,,false,,,,Nasal,,CHECK_VERB_CLASS|CHECK_TRANSITIVITY,v. pr.,
L002126,ñe'ẽkurusu,noun,,,,,Uniform,GendNone,Nasal,,,neol.|s.,
L002127,ñe'ẽmbegue,noun,,,,,Uniform,GendNone,Nasal,,,s.,
L002128,ñe'ẽmbo'e,noun,,,,,Uniform,GendNone,Nasal,,,neol.|s.,
L002129,ñe'ẽmbyrã,noun,,,,,Uniform,GendNone,Nasal,,,s.,
L002130,ñe'ẽmbyre,adj,,,,,,,Nasal,,,adj.,
L002131,ñe'ẽme,adv,,,,,,,Nasal,,,adv.,
L002132,ñe'ẽme'ẽ,noun,,,,,Uniform,GendNone,Nasal,,,s.|v. pr.,
L002132,ñe'ẽme'ẽ,verb,Areal,,false,,,,Nasal,,CHECK_VERB_CLASS|CHECK_TRANSITIVITY,s.|v. pr.,
L002133,ñe'ẽme'ẽmbyre,adj,,,,,,,Nasal,,,adj.,
L002134,ñe'ẽmeguã,noun,,,,,Uniform,GendNone,Nasal,,,s.|v. pr.,
L002134,ñe'ẽmeguã,verb,Areal,Transitive,false,,,,Nasal,,CHECK_VERB_CLASS|CHECK_TRANSITIVITY,s.|v. pr.,difamar
L002135,ñe'ẽmondo,noun,,,,,Uniform,GendNone,Nasal,,,s.|v. pr.,
L002135,ñe'ẽmondo,verb,Areal,,false,,,,Nasal,,CHECK_VERB_CLASS|CHECK_TRANSITIVITY,s.|v. pr.,
L002136,ñe'ẽmongeta,noun,,,,,Uniform,GendNone,Nasal,,,s.,
L002137,ñe'ẽndy,noun,,,,,Uniform,GendNone,Nasal,,,s.,
L002138,ñe'ẽnga,noun,,,,,Uniform,GendNone,Nasal,,,s.,
L002139,ñe'ẽngai,noun,,,,,Uniform,GendNone,Nasal,,,s.|v. pr.,
L002139,ñe'ẽngai,verb,Areal,,false,,,,Nasal,,CHECK_VERB_CLASS|CHECK_TRANSITIVITY,s.|v. pr.,
L002140,ñe'ẽngatu,adj,,,,,,,Nasal,,,adj.,
L002141,fanfarrón,noun,,,,,Uniform,GendNone,Oral,,,s.,
L002142,ñe'ẽngu,adj,,,,,,,Nasal,,,adj.|s.,
L002142,ñe'ẽngu,noun,,,,,Uniform,GendNone,Nasal,,,adj.|s.,
L002143,ñe'ẽngue,noun,,,,,Uniform,GendNone,Nasal,,,s.,
L002144,ñe'ẽnguru,adj,,,,,,,Nasal,,,adj.|s.|v. pr.,
L002144,ñe'ẽnguru,noun,,,,,Uniform,GendNone,Nasal,,,adj.|s.|v. pr.,
L002144,ñe'ẽnguru,verb,Areal,Intransitive,false,,,,Nasal,,CHECK_VERB_CLASS|CHECK_TRANSITIVITY,adj.|s.|v. pr.,rezongar
L002145,ñe'ẽpa'ã,verb,Areal,Intransitive,false,,,,Nasal,,CHECK_VERB_CLASS|CHECK_TRANSITIVITY,v. pr.,balbucear
L002146,ñe'ẽpehẽ,noun,,,,,Uniform,GendNone,Nasal,,,neol.|s.,
L002147,ñe'ẽpoty,noun,,,,,Uniform,GendNone,Nasal,,,s.,
L002148,ñe'ẽmbo'e,other,,,,,,,Nasal,,,neol.,
L002149,ñe'ẽpyta,verb,Areal,,false,,,,Nasal,,CHECK_VERB_CLASS|CHECK_TRANSITIVITY,v. pr.,
L002150,ñe'ẽrei,noun,,,,,Uniform,GendNone,Nasal,,,s.|v. pr.,
L002150,ñe'ẽrei,verb,Areal,Intransitive,false,,,,Nasal,,CHECK_VERB_CLASS|CHECK_TRANSITIVITY,s.|v. pr.,divagar
L002151,ñe'ẽreity,noun,,,,,Uniform,GendNone,Nasal,,,s.,
L002152,provocación,verb,Areal,,false,,,,Oral,,CHECK_VERB_CLASS|CHECK_TRANSITIVITY,v. pr.,
L002153,ñe'ẽrendu,adj,,,,,,,Nasal,,,adj.|s.,
L002153,ñe'ẽrendu,noun,,,,,Uniform,GendNone,Nasal,,,adj.|s.,
L002154,Obediencia,verb,Areal,,false,,,,Oral,,CHECK_VERB_CLASS|CHECK_TRANSITIVITY,v. pr.,
L002155,ñe'ẽryru,noun,,,,,Uniform,GendNone,Nasal,,,neol.|s.,
L002156,ñe'ẽsyry,noun,,,,,Uniform,GendNone,Nasal,,,s.,
L002157,ñe'ẽtarova,verb,Areal,,false,,,,Nasal,,CHECK_VERB_CLASS|CHECK_TRANSITIVITY,v. pr.,
L002158,ñe'ẽypy,noun,,,,,Uniform,GendNone,Nasal,,,neol.|s.,
L002159,ñe'ẽyvoty,noun,,,,,Uniform,GendNone,Nasal,,,neol.|s.,
L002160,ñeguahé,noun,,,,,Uniform,GendNone,Nasal,,,s.,
L002161,ñeguahẽmba,noun,,,,,Uniform,GendNone,Nasal,,,s.,
L002162,ñeha'ã,noun,,,,,Uniform,GendNone,Nasal,,,s.|v. pr.,
L002162,ñeha'ã,verb,Areal,Ambitransitive,false,,,,Nasal,,CHECK_VERB_CLASS|CHECK_TRANSITIVITY|CHECK_AMBITRANSITIVE,s.|v. pr.,intentar
L002163,ñeha'anga,noun,,,,,Uniform,GendNone,Nasal,,,s.,
L002164,ñeha'arõ,noun,,,,,Uniform,GendNone,Nasal,,,s.,
L002165,ñeha'aro'ỹ,adj,,,,,,,Nasal,,,adj.,
L002166,ñeha'uvõ,noun,,,,,Uniform,GendNone,Nasal,,,s.,
L002167,ñehẽ,verb,Areal,Intransitive,false,,,,Nasal,,CHECK_VERB_CLASS|CHECK_TRANSITIVITY,v. pr.,desbordar
L002168,ñehenduka,verb,Areal,Transitive,false,,,,Nasal,,CHECK_VERB_CLASS|CHECK_TRANSITIVITY,v. pr.,insinuar
L002169,ñehendu'ỹva,adj,,,,,,,Nasal,,,adj.,
L002170,ñehendyvapo,verb,Areal,,false,,,,Nasal,,CHECK_VERB_CLASS|CHECK_TRANSITIVITY,v. pr.,
L002171,ñehe'ỹi,verb,Areal,,false,,,,Nasal,,CHECK_VERB_CLASS|CHECK_TRANSITIVITY,v. pr.,
L002172,ñehunga,noun,,,,,Uniform,GendNone,Nasal,,,s.|v. pr.,
L002172,ñehunga,verb,Areal,,false,,,,Nasal,,CHECK_VERB_CLASS|CHECK_TRANSITIVITY,s.|v. pr.,
L002173,ñeĩ,noun,,,,,Uniform,GendNone,Nasal,,,s.,
L002174,ñeĩha,noun,,,,,Uniform,GendNone,Nasal,,,s.,
L002175,ñeikotevẽva,adj,,,,,,,Nasal,,,adj.|s.,
L002175,ñeikotevẽva,noun,,,,,Uniform,GendNone,Nasal,,,adj.|s.,
L002176,ñeimo'a,noun,,,,,Uniform,GendNone,Nasal,,,s.,
L002177,impresión,verb,Areal,,false,,,,Oral,,CHECK_VERB_CLASS|CHECK_TRANSITIVITY,v. pr.,
L002178,ñeimo'ãva,adj,,,,,,,Nasal,,,adj.|s.,
L002178,ñeimo'ãva,noun,,,,,Uniform,GendNone,Nasal,,,adj.|s.,
L002179,ñekambu,noun,,,,,Uniform,GendNone,Nasal,,,s.,
L002180,ñekangy'o,verb,Areal,,false,,,,Nasal,,CHECK_VERB_CLASS|CHECK_TRANSITIVITY,v. pr.,
L002181,ñekañyha,noun,,,,,Uniform,GendNone,Nasal,,,s.,
L002182,ñekarãi,noun,,,,,Uniform,GendNone,Nasal,,,s.,
L002183,ñeke'a,noun,,,,,Uniform,GendNone,Nasal,,,s.,
L002184,ñekoni,noun,,,,,Uniform,GendNone,Nasal,,,s.|v.,
L002184,ñekoni,verb,Areal,,false,,,,Nasal,,CHECK_TRANSITIVITY,s.|v.,
L002185,ñeko'õi,noun,,,,,Uniform,GendNone,Nasal,,,s.,
L002186,ñekuã,noun,,,,,Uniform,GendNone,Nasal,,,s.|v. atr.,
L002186,ñekuã,verb,Chendal,,false,,,,Nasal,,CHECK_TRANSITIVITY,s.|v. atr.,
L002187,ñekuave'ẽ,noun,,,,,Uniform,GendNone,Nasal,,,s.,
L002188,proposición,verb,Areal,,false,,,,Oral,,CHECK_VERB_CLASS|CHECK_TRANSITIVITY,v. pr.,
L002189,ñekytĩ,noun,,,,,Uniform,GendNone,Nasal,,,s.,
L002190,ñema'ẽ,noun,,,,,Uniform,GendNone,Nasal,,,s.,
L002191,ñemandu'a,noun,,,,,Uniform,GendNone,Nasal,,,s.,
L002192,ñemano,noun,,,,,Uniform,GendNone,Nasal,,,s.,
L002193,ñemba'apo,noun,,,,,Uniform,GendNone,Nasal,,,s.,
L002194,ñemboai,verb,Areal,,false,,,,Nasal,,CHECK_VERB_CLASS|CHECK_TRANSITIVITY,v. pr.,
L002195,ñemboaje,noun,,,,,Uniform,GendNone,Nasal,,,s.,
L002196,ñemboapakua,verb,Areal,,false,,,,Nasal,,CHECK_VERB_CLASS|CHECK_TRANSITIVITY,v. pr.,
L002197,ñemboapyte,verb,Areal,,false,,,,Nasal,,CHECK_VERB_CLASS|CHECK_TRANSITIVITY,v. pr.,
L002198,ñemboapytero,verb,Areal,,false,,,,Nasal,,CHECK_VERB_CLASS|CHECK_TRANSITIVITY,v. pr.,
L002199,ñembo'e,noun,,,,,Uniform,GendNone,Nasal,,,s.|v. pr.,
L002199,ñembo'e,verb,Areal,Intransitive,false,,,,Nasal,,CHECK_VERB_CLASS|CHECK_TRANSITIVITY,s.|v. pr.,orar
L002200,ñembogua,noun,,,,,Uniform,GendNone,Nasal,,,s.|v. pr.,
L002200,ñembogua,verb,Areal,Ambitransitive,false,,,,Nasal,,CHECK_VERB_CLASS|CHECK_TRANSITIVITY|CHECK_AMBITRANSITIVE,s.|v. pr.,desocupar
L002201,ñemboguata,noun,,,,,Uniform,GendNone,Nasal,,,s.,
L002202,ñemboguevi,noun,,,,,Uniform,GendNone,Nasal,,,s.,
L002203,ñembohai,noun,,,,,Uniform,GendNone,Nasal,,,neol.|s.,
L002204,ñembohakykue,noun,,,,,Uniform,GendNone,Nasal,,,s.,
L002205,ñembohapo,verb,Areal,Intransitive,false,,,,Nasal,,CHECK_VERB_CLASS|CHECK_TRANSITIVITY,v. pr.,arraigar
L002206,ñembohasa,noun,,,,,Uniform,GendNone,Nasal,,,s.,
L002207,ñembohaso,verb,Areal,,false,,,,Nasal,,CHECK_VERB_CLASS|CHECK_TRANSITIVITY,v. pr.,
L002208,ñemboheko,noun,,,,,Uniform,GendNone,Nasal,,,s.,
L002209,ñembohekóva,adj,,,,,,,Nasal,,,adj.,
L002210,ñembohepy,noun,,,,,Uniform,GendNone,Nasal,,,s.,
L002211,ñemboheta,noun,,,,,Uniform,GendNone,Nasal,,,s.|v. pr.,
L002211,ñemboheta,verb,Areal,,false,,,,Nasal,,CHECK_VERB_CLASS|CHECK_TRANSITIVITY,s.|v. pr.,
L002212,ñembohetã,noun,,,,,Uniform,GendNone,Nasal,,,s.|v. pr.,
L002212,ñembohetã,verb,Areal,,false,,,,Nasal,,CHECK_VERB_CLASS|CHECK_TRANSITIVITY,s.|v. pr.,
L002213,ñembohetia'e,verb,Areal,,false,,,,Nasal,,CHECK_VERB_CLASS|CHECK_TRANSITIVITY,v. pr.,
L002214,ñembohory,noun,,,,,Uniform,GendNone,Nasal,,,s.|v. pr.,
L002214,ñembohory,verb,Areal,Ambitransitive,false,,,,Nasal,,CHECK_VERB_CLASS|CHECK_TRANSITIVITY|CHECK_AMBITRANSITIVE,s.|v. pr.,bromear
L002215,ñembohova'atã,verb,Areal,,false,,,,Nasal,,CHECK_VERB_CLASS|CHECK_TRANSITIVITY,v. pr.,
L002216,ñembohovái,noun,,,,,Uniform,GendNone,Nasal,,,s.,
L002217,ñembohovake,noun,,,,,Uniform,GendNone,Nasal,,,s.|v.,
L002217,ñembohovake,verb,Areal,,false,,,,Nasal,,CHECK_TRANSITIVITY,s.|v.,
L002218,ñembohupa,verb,Areal,,false,,,,Nasal,,CHECK_VERB_CLASS|CHECK_TRANSITIVITY,v. pr.,
L002219,ñembohypy'a,verb,Areal,,false,,,,Nasal,,CHECK_VERB_CLASS|CHECK_TRANSITIVITY,v. pr.,
L002220,ñemboi,verb,Areal,,false,,,,Nasal,,CHECK_VERB_CLASS|CHECK_TRANSITIVITY,v. pr.,
L002221,ñembo'i,verb,Areal,,false,,,,Nasal,,CHECK_VERB_CLASS|CHECK_TRANSITIVITY,v. pr.,
L002222,ñemboitapyre,adj,,,,,,,Nasal,,,adj.,
L002223,ñemboja,noun,,,,,Uniform,GendNone,Nasal,,,s.,
L002224,implicación,verb,Areal,,false,,,,Oral,,CHECK_VERB_CLASS|CHECK_TRANSITIVITY,v. pr.,
L002225,ñemboja'o,adj,,,,,,,Nasal,,,adj.|s.,
L002225,ñemboja'o,noun,,,,,Uniform,GendNone,Nasal,,,adj.|s.,
L002226,ñembojára,verb,Areal,Transitive,false,,,,Nasal,,CHECK_VERB_CLASS|CHECK_TRANSITIVITY,v. pr.,usurpar
L002227,ñembojaru,noun,,,,,Uniform,GendNone,Nasal,,,s.,
L002228,ñembojevy,noun,,,,,Uniform,GendNone,Nasal,,,s.|adj.,
L002228,ñembojevy,adj,,,,,,,Nasal,,,s.|adj.,
L002229,ñembojehe'a,verb,Areal,,false,,,,Nasal,,CHECK_VERB_CLASS|CHECK_TRANSITIVITY,v. pr.,
L002230,ñemboje'o,verb,Areal,,false,,,,Nasal,,CHECK_VERB_CLASS|CHECK_TRANSITIVITY,v. pr.,
L002231,ñembojere,noun,,,,,Uniform,GendNone,Nasal,,,s.|v. pr.,
L002231,ñembojere,verb,Areal,,false,,,,Nasal,,CHECK_VERB_CLASS|CHECK_TRANSITIVITY,s.|v. pr.,
L002232,ñembojevy,noun,,,,,Uniform,GendNone,Nasal,,,s.,
L002233,ñembojoja,noun,,,,,Uniform,GendNone,Nasal,,,s.,
L002234,ñembojovái,verb,Areal,,false,,,,Nasal,,CHECK_VERB_CLASS|CHECK_TRANSITIVITY,v. pr.,
L002235,ñembokate,noun,,,,,Uniform,GendNone,Nasal,,,h.|s.,
L002236,ñembokatupyry,verb,Areal,Transitive,false,,,,Nasal,,CHECK_VERB_CLASS|CHECK_TRANSITIVITY,v. pr.,practicar
L002237,ñemboki,noun,,,,,Uniform,GendNone,Nasal,,,s.|v. pr.,
L002237,ñemboki,verb,Areal,Intransitive,false,,,,Nasal,,CHECK_VERB_CLASS|CHECK_TRANSITIVITY,s.|v. pr.,flexión
L002238,ñembokiha,noun,,,,,Uniform,GendNone,Nasal,,,s.,
L002239,ñembokua,noun,,,,,Uniform,GendNone,Nasal,,,s.,
L002240,ñembopiro'y,verb,Areal,,false,,,,Nasal,,CHECK_VERB_CLASS|CHECK_TRANSITIVITY,v. pr.,
L002241,ñembopiru,verb,Areal,Intransitive,false,,,,Nasal,,CHECK_VERB_CLASS|CHECK_TRANSITIVITY,v. pr.,adelgazar
L002242,ñembopochy,verb,Areal,,false,,,,Nasal,,CHECK_VERB_CLASS|CHECK_TRANSITIVITY,v. pr.,
L002243,ñembopo'i,verb,Areal,Intransitive,false,,,,Nasal,,CHECK_VERB_CLASS|CHECK_TRANSITIVITY,v. pr.,adelgazar
L002244,ñembopopo,noun,,,,,Uniform,GendNone,Nasal,,,s.,
L002245,ñembopuku,noun,,,,,Uniform,GendNone,Nasal,,,s.,
L002246,alargamiento,verb,Areal,,false,,,,Nasal,,CHECK_VERB_CLASS|CHECK_TRANSITIVITY,v. pr.,
L002247,ñembopyahu,adj,,,,,,,Nasal,,,adj.|s.|v. pr.,
L002247,ñembopyahu,noun,,,,,Uniform,GendNone,Nasal,,,adj.|s.|v. pr.,
L002247,ñembopyahu,verb,Areal,,false,,,,Nasal,,CHECK_VERB_CLASS|CHECK_TRANSITIVITY,adj.|s.|v. pr.,
L002248,ñembopyhare,verb,Areal,Intransitive,false,,,,Nasal,,CHECK_VERB_CLASS|CHECK_TRANSITIVITY,v. pr.,anochecer
L002249,ñemboro'ysa,adj,,,,,,,Nasal,,,adj.,
L002250,ñembosako'i,noun,,,,,Uniform,GendNone,Nasal,,,s.,
L002251,ñembosarái,noun,,,,,Uniform,GendNone,Nasal,,,s.|v. pr.,
L002251,ñembosarái,verb,Areal,Ambitransitive,false,,,,Nasal,,CHECK_VERB_CLASS|CHECK_TRANSITIVITY|CHECK_AMBITRANSITIVE,s.|v. pr.,apostar
L002252,ñembota,noun,,,,,Uniform,GendNone,Nasal,,,s.|v. pr.,
L002252,ñembota,verb,Areal,,false,,,,Nasal,,CHECK_VERB_CLASS|CHECK_TRANSITIVITY,s.|v. pr.,
L002253,ñembotapykue,noun,,,,,Uniform,GendNone,Nasal,,,s.,
L002254,ñembotarova,noun,,,,,Uniform,GendNone,Nasal,,,s.,
L002255,ñembotavy,noun,,,,,Uniform,GendNone,Nasal,,,s.,
L002256,treta,verb,Areal,,false,,,,Oral,,CHECK_VERB_CLASS|CHECK_TRANSITIVITY,v. pr.,
L002257,ñembotove,noun,,,,,Uniform,GendNone,Nasal,,,s.,
L002258,veto,verb,Areal,,false,,,,Oral,,CHECK_VERB_CLASS|CHECK_TRANSITIVITY,v. pr.,
L002259,ñembotuicha,noun,,,,,Uniform,GendNone,Nasal,,,s.|v.,
L002259,ñembotuicha,verb,Areal,Intransitive,false,,,,Nasal,,CHECK_TRANSITIVITY,s.|v.,medrar
L002260,ñembotuja,adj,,,,,,,Nasal,,,adj.,
L002261,ñemboty,adj,,,,,,,Nasal,,,adj.|s.|v. pr.,
L002261,ñemboty,noun,,,,,Uniform,GendNone,Nasal,,,adj.|s.|v. pr.,
L002261,ñemboty,verb,Areal,Intransitive,false,,,,Nasal,,CHECK_VERB_CLASS|CHECK_TRANSITIVITY,adj.|s.|v. pr.,cicatrizar
L002262,ñembotyvyro,noun,,,,,Uniform,GendNone,Nasal,,,s.,
L002263,ñembou,adj,,,,,,,Nasal,,,adj.|s.|v. pr.,
L002263,ñembou,noun,,,,,Uniform,GendNone,Nasal,,,adj.|s.|v. pr.,
L002263,ñembou,verb,Areal,,false,,,,Nasal,,CHECK_VERB_CLASS|CHECK_TRANSITIVITY,adj.|s.|v. pr.,
L002264,ñembova,noun,,,,,Uniform,GendNone,Nasal,,,s.|v. pr.,
L002264,ñembova,verb,Areal,,false,,,,Nasal,,CHECK_VERB_CLASS|CHECK_TRANSITIVITY,s.|v. pr.,
L002265,ñembovayva,verb,Areal,,false,,,,Nasal,,CHECK_VERB_CLASS|CHECK_TRANSITIVITY,v. pr.,
L002266,ñembovo,verb,Areal,,false,,,,Nasal,,CHECK_VERB_CLASS|CHECK_TRANSITIVITY,v. pr.,
L002267,ñembovyvy,noun,,,,,Uniform,GendNone,Nasal,,,s.,
L002268,ñembo'y,verb,Areal,,false,,,,Nasal,,CHECK_VERB_CLASS|CHECK_TRANSITIVITY,v. pr.,
L002269,ñemboyke,adj,,,,,,,Nasal,,,adj.|v. pr.,
L002269,ñemboyke,verb,Areal,Transitive,false,,,,Nasal,,CHECK_VERB_CLASS|CHECK_TRANSITIVITY,adj.|v. pr.,evitar
L002270,ñemboyku,noun,,,,,Uniform,GendNone,Nasal,,,s.|v. pr.,
L002270,ñemboyku,verb,Areal,,false,,,,Nasal,,CHECK_VERB_CLASS|CHECK_TRANSITIVITY,s.|v. pr.,
L002271,ñemboybate,noun,,,,,Uniform,GendNone,Nasal,,,s.|v. pr.,
L002271,ñemboybate,verb,Areal,,false,,,,Nasal,,CHECK_VERB_CLASS|CHECK_TRANSITIVITY,s.|v. pr.,
L002272,ñemboyvytu,noun,,,,,Uniform,GendNone,Nasal,,,s.|v. pr.,
L002272,ñemboyvytu,verb,Areal,,false,,,,Nasal,,CHECK_VERB_CLASS|CHECK_TRANSITIVITY,s.|v. pr.,
L002273,ñembuai,noun,,,,,Uniform,GendNone,Nasal,,,s.|v. pr.,
L002273,ñembuai,verb,Areal,,false,,,,Nasal,,CHECK_VERB_CLASS|CHECK_TRANSITIVITY,s.|v. pr.,
L002274,ñembuasy,noun,,,,,Uniform,GendNone,Nasal,,,s.,
L002275,ñembuaty,noun,,,,,Uniform,GendNone,Nasal,,,s.,
L002276,ñembuekovia,verb,Areal,,false,,,,Nasal,,CHECK_VERB_CLASS|CHECK_TRANSITIVITY,v. pr.|s.|v.,
L002276,ñembuekovia,noun,,,,,Uniform,GendNone,Nasal,,,v. pr.|s.|v.,
L002277,ñembyaipyre,adj,,,,,,,Nasal,,,adj.,
L002278,ñembyai'ỹva,adj,,,,,,,Nasal,,,adj.,
L002279,ñembyaju,noun,,,,,Uniform,GendNone,Nasal,,,s.,
L002280,ñembyasy,adj,,,,,,,Nasal,,,adj.|s.|v. pr.,
L002280,ñembyasy,noun,,,,,Uniform,GendNone,Nasal,,,adj.|s.|v. pr.,
L002280,ñembyasy,verb,Areal,Transitive,false,,,,Nasal,,CHECK_VERB_CLASS|CHECK_TRANSITIVITY,adj.|s.|v. pr.,compadecer
L002281,ñembyaty,noun,,,,,Uniform,GendNone,Nasal,,,s.|neol.,
L002282,ñembyekovia,noun,,,,,Uniform,GendNone,Nasal,,,s.,
L002283,ñeme'ẽ,noun,,,,,Uniform,GendNone,Nasal,,,s.|v. pr.,
L002283,ñeme'ẽ,verb,Areal,,false,,,,Nasal,,CHECK_VERB_CLASS|CHECK_TRANSITIVITY,s.|v. pr.,
L002284,ñemenda,noun,,,,,Uniform,GendNone,Nasal,,,s.,
L002285,ñemi,adj,,,,,,,Nasal,,,adj.|v. pr.,
L002285,ñemi,verb,Areal,Intransitive,false,,,,Nasal,,CHECK_VERB_CLASS|CHECK_TRANSITIVITY,adj.|v. pr.,desaparecer
L002286,ñemiha,noun,,,,,Uniform,GendNone,Nasal,,,s.,
L002287,ñemihápe,adv,,,,,,,Nasal,,,adv.,
L002288,ñemihapegua,adj,,,,,,,Nasal,,,adj.,
L002289,ñemimby,adj,,,,,,,Nasal,,,adj.|s.,
L002289,ñemimby,noun,,,,,Uniform,GendNone,Nasal,,,adj.|s.,
L002290,ñemitỹ,noun,,,,,Uniform,GendNone,Nasal,,,s.|v. pr.,
L002290,ñemitỹ,verb,Areal,Transitive,false,,,,Nasal,,CHECK_VERB_CLASS|CHECK_TRANSITIVITY,s.|v. pr.,cultivar
L002291,ñemo'ã,noun,,,,,Uniform,GendNone,Nasal,,,s.,
L002292,ñemoaguĩ,noun,,,,,Uniform,GendNone,Nasal,,,s.|v. pr.,
L002292,ñemoaguĩ,verb,Areal,,false,,,,Nasal,,CHECK_VERB_CLASS|CHECK_TRANSITIVITY,s.|v. pr.,
L002293,ñemoakãraku,verb,Areal,,false,,,,Nasal,,CHECK_VERB_CLASS|CHECK_TRANSITIVITY,v. pr.,
L002294,ñemoakuruchĩ,verb,Areal,,false,,,,Nasal,,CHECK_VERB_CLASS|CHECK_TRANSITIVITY,v. pr.,
L002295,ñemoakỹ,adj,,,,,,,Nasal,,,adj.|s.,
L002295,ñemoakỹ,noun,,,,,Uniform,GendNone,Nasal,,,adj.|s.,
L002296,ñemoambue,noun,,,,,Uniform,GendNone,Nasal,,,s.,
L002297,transfiguración,verb,Areal,,false,,,,Oral,,CHECK_VERB_CLASS|CHECK_TRANSITIVITY,v. pr.,
L002298,ñemoañete,noun,,,,,Uniform,GendNone,Nasal,,,s.,
L002299,ñemoaño,verb,Areal,,false,,,,Nasal,,CHECK_VERB_CLASS|CHECK_TRANSITIVITY,v. pr.,
L002300,ñemo'ãpyre,adj,,,,,,,Nasal,,,adj.,
L002301,ñemoarandu,verb,Areal,,false,,,,Nasal,,CHECK_VERB_CLASS|CHECK_TRANSITIVITY,v. pr.,
L002302,ñemoatã,verb,Areal,,false,,,,Nasal,,CHECK_VERB_CLASS|CHECK_TRANSITIVITY,v. pr.,
L002303,ñemoguahẽ,noun,,,,,Uniform,GendNone,Nasal,,,s.,
L002304,ñemohakamby,verb,Areal,,false,,,,Nasal,,CHECK_VERB_CLASS|CHECK_TRANSITIVITY,v. pr.,
L002305,ñemohatã,noun,,,,,Uniform,GendNone,Nasal,,,s.|v.,
L002305,ñemohatã,verb,Areal,Ambitransitive,false,,,,Nasal,,CHECK_TRANSITIVITY|CHECK_AMBITRANSITIVE,s.|v.,fraguar
L002306,ñemohenda,noun,,,,,Uniform,GendNone,Nasal,,,s.,
L002307,clasificación,verb,Areal,,false,,,,Oral,,CHECK_VERB_CLASS|CHECK_TRANSITIVITY,v. pr.,
L002308,ñemohesãi,noun,,,,,Uniform,GendNone,Nasal,,,s.,
L002309,ñemohesakã,noun,,,,,Uniform,GendNone,Nasal,,,s.,
L002310,ñemohu'ũ,noun,,,,,Uniform,GendNone,Nasal,,,s.,
L002311,ñemoĩ,noun,,,,,Uniform,GendNone,Nasal,,,s.,
L002312,levantamiento,verb,Areal,,false,,,,Nasal,,CHECK_TRANSITIVITY,v.,
L002313,ñemoirũ,verb,Areal,Intransitive,false,,,,Nasal,,CHECK_VERB_CLASS|CHECK_TRANSITIVITY,v. pr.,intimar
L002314,ñemoĩva,adj,,,,,,,Nasal,,,adj.,
L002315,ñemokunu'ũ,noun,,,,,Uniform,GendNone,Nasal,,,s.,
L002316,ñemokyre'ỹ,verb,Areal,,false,,,,Nasal,,CHECK_VERB_CLASS|CHECK_TRANSITIVITY,v. pr.,
L002317,ñemomandu'a,noun,,,,,Uniform,GendNone,Nasal,,,s.|v. pr.,
L002317,ñemomandu'a,verb,Areal,Transitive,false,,,,Nasal,,CHECK_VERB_CLASS|CHECK_TRANSITIVITY,s.|v. pr.,desenterrar
L002318,ñemomarandu,noun,,,,,Uniform,GendNone,Nasal,,,s.,
L002319,ñemomba,noun,,,,,Uniform,GendNone,Nasal,,,s.|v. pr.,
L002319,ñemomba,verb,Areal,,false,,,,Nasal,,CHECK_VERB_CLASS|CHECK_TRANSITIVITY,s.|v. pr.,
L002320,ñemomba'e,noun,,,,,Uniform,GendNone,Nasal,,,s.|v. pr.,
L002320,ñemomba'e,verb,Areal,Transitive,false,,,,Nasal,,CHECK_VERB_CLASS|CHECK_TRANSITIVITY,s.|v. pr.,usurpar
L002321,ñemomba'eguasu,noun,,,,,Uniform,GendNone,Nasal,,,s.,
L002322,ñemomba'eguasúva,adj,,,,,,,Nasal,,,adj.,
L002323,ñemomba'eheta,verb,Areal,,false,,,,Nasal,,CHECK_VERB_CLASS|CHECK_TRANSITIVITY,v. pr.,
L002324,ñemombarete,verb,Areal,,false,,,,Nasal,,CHECK_VERB_CLASS|CHECK_TRANSITIVITY,v. pr.,
L002325,ñembombe'u,noun,,,,,Uniform,GendNone,Nasal,,,s.,
L002326,ñemombo,noun,,,,,Uniform,GendNone,Nasal,,,s.|v. pr.,
L002326,ñemombo,verb,Areal,,false,,,,Nasal,,CHECK_VERB_CLASS|CHECK_TRANSITIVITY,s.|v. pr.,
L002327,ñemombyky,noun,,,,,Uniform,GendNone,Nasal,,,s.,
L002328,ñemomichĩ,noun,,,,,Uniform,GendNone,Nasal,,,s.|v. pr.,
L002328,ñemomichĩ,verb,Areal,Intransitive,false,,,,Nasal,,CHECK_VERB_CLASS|CHECK_TRANSITIVITY,s.|v. pr.,decrecer
L002329,ñemomirĩ,noun,,,,,Uniform,GendNone,Nasal,,,s.,
L002330,ñemomombyry,noun,,,,,Uniform,GendNone,Nasal,,,s.|v. pr.,
L002330,ñemomombyry,verb,Areal,,false,,,,Nasal,,CHECK_VERB_CLASS|CHECK_TRANSITIVITY,s.|v. pr.,
L002331,ñemona,verb,Areal,,false,,,,Nasal,,CHECK_VERB_CLASS|CHECK_TRANSITIVITY,v. pr.,
L002332,ñemonandi,noun,,,,,Uniform,GendNone,Nasal,,,s.,
L002333,ñemonda,noun,,,,,Uniform,GendNone,Nasal,,,s.,
L002334,ñemonde,noun,,,,,Uniform,GendNone,Nasal,,,s.|v. pr.|v.,
L002334,ñemonde,verb,Areal,,false,,,,Nasal,,CHECK_VERB_CLASS|CHECK_TRANSITIVITY,s.|v. pr.|v.,
L002335,ñemoneĩ,noun,,,,,Uniform,GendNone,Nasal,,,s.,
L002336,ñemongarai,noun,,,,,Uniform,GendNone,Nasal,,,s.,
L002337,ñemongaru,noun,,,,,Uniform,GendNone,Nasal,,,s.,
L002338,ñemongeta,noun,,,,,Uniform,GendNone,Nasal,,,s.|v. pr.,
L002338,ñemongeta,verb,Areal,Intransitive,false,,,,Nasal,,CHECK_VERB_CLASS|CHECK_TRANSITIVITY,s.|v. pr.,charlar
L002339,ñemongorapyre,adj,,,,,,,Nasal,,,h.|adj.,
L002340,ñemonguerái,noun,,,,,Uniform,GendNone,Nasal,,,s.,
L002341,ñemongu'i,noun,,,,,Uniform,GendNone,Nasal,,,s.,
L002342,ñemongy'a,noun,,,,,Uniform,GendNone,Nasal,,,s.,
L002343,ñemongyhyje,noun,,,,,Uniform,GendNone,Nasal,,,s.,
L002344,ñemono'õ,noun,,,,,Uniform,GendNone,Nasal,,,s.|v.,
L002344,ñemono'õ,verb,Areal,,false,,,,Nasal,,CHECK_TRANSITIVITY,s.|v.,
L002345,ñemoña,noun,,,,,Uniform,GendNone,Nasal,,,s.|v. pr.,
L002345,ñemoña,verb,Areal,,false,,,,Nasal,,CHECK_VERB_CLASS|CHECK_TRANSITIVITY,s.|v. pr.,
L002346,ñemoñanga,noun,,,,,Uniform,GendNone,Nasal,,,s.,
L002347,ñemoñarã,noun,,,,,Uniform,GendNone,Nasal,,,s.,
L002348,ñemoñare,noun,,,,,Uniform,GendNone,Nasal,,,s.,
L002349,ñemoñe'ẽ,noun,,,,,Uniform,GendNone,Nasal,,,s.|v.,
L002349,ñemoñe'ẽ,verb,Areal,Transitive,false,,,,Nasal,,CHECK_TRANSITIVITY,s.|v.,amonestar
L002350,ñemoperõ,noun,,,,,Uniform,GendNone,Nasal,,,s.,
L002351,ñemopirĩ,verb,Areal,,false,,,,Nasal,,CHECK_VERB_CLASS|CHECK_TRANSITIVITY,v. pr.,
L002352,ñemoporã,verb,Areal,,false,,,,Nasal,,CHECK_VERB_CLASS|CHECK_TRANSITIVITY,v. pr.,
L002353,ñemoporãve,noun,,,,,Uniform,GendNone,Nasal,,,s.|v. pr.,
L002353,ñemoporãve,verb,Areal,Intransitive,false,,,,Nasal,,CHECK_VERB_CLASS|CHECK_TRANSITIVITY,s.|v. pr.,mejorar
L002354,ñemopore'ỹ,noun,,,,,Uniform,GendNone,Nasal,,,s.,
L002355,ñemopotĩ,noun,,,,,Uniform,GendNone,Nasal,,,s.,
L002356,purificación,verb,Areal,,false,,,,Oral,,CHECK_VERB_CLASS|CHECK_TRANSITIVITY,v. pr.,
L002357,ñemopu'ã,noun,,,,,Uniform,GendNone,Nasal,,,s.,
L002358,ñemopytã,verb,Areal,,false,,,,Nasal,,CHECK_VERB_CLASS|CHECK_TRANSITIVITY,v. pr.,
L002359,ñemopytũ,verb,Areal,Intransitive,false,,,,Nasal,,CHECK_VERB_CLASS|CHECK_TRANSITIVITY,v. pr.,anochecer
L002360,ñemosarambi,noun,,,,,Uniform,GendNone,Nasal,,,s.|v.,
L002360,ñemosarambi,verb,Areal,,false,,,,Nasal,,CHECK_TRANSITIVITY,s.|v.,
L002361,ñemosãso,noun,,,,,Uniform,GendNone,Nasal,,,s.,
L002362,ñemosẽ,noun,,,,,Uniform,GendNone,Nasal,,,s.|v. pr.,
L002362,ñemosẽ,verb,Areal,,false,,,,Nasal,,CHECK_VERB_CLASS|CHECK_TRANSITIVITY,s.|v. pr.,
L002363,ñemotenonde,noun,,,,,Uniform,GendNone,Nasal,,,s.,
L002364,prosperidad,verb,Areal,,false,,,,Oral,,CHECK_VERB_CLASS|CHECK_TRANSITIVITY,v. pr.,
L002365,ñemotĩ,noun,,,,,Uniform,GendNone,Nasal,,,s.,
L002366,ñemotĩcha'ĩ,verb,Areal,Intransitive,false,,,,Nasal,,CHECK_TRANSITIVITY,v.,guiñar
L002367,ñemotimbo,verb,Areal,,false,,,,Nasal,,CHECK_VERB_CLASS|CHECK_TRANSITIVITY,v. pr.,
L002368,ñemotĩñe'ẽ,noun,,,,,Uniform,GendNone,Nasal,,,s.,
L002369,ñemovã,verb,Areal,,false,,,,Nasal,,CHECK_VERB_CLASS|CHECK_TRANSITIVITY,v. pr.,
L002370,ñemu,noun,,,,,Uniform,GendNone,Nasal,,,s.|v. pr.,
L002370,ñemu,verb,Areal,Ambitransitive,false,,,,Nasal,,CHECK_VERB_CLASS|CHECK_TRANSITIVITY|CHECK_AMBITRANSITIVE,s.|v. pr.,comerciar
L002371,ñemuagẽ,verb,Areal,,false,,,,Nasal,,CHECK_VERB_CLASS|CHECK_TRANSITIVITY,v. pr.,
L002372,ñemuakỹ,noun,,,,,Uniform,GendNone,Nasal,,,s.,
L002373,ñemuaña,noun,,,,,Uniform,GendNone,Nasal,,,s.,
L002374,ñemuasãi,noun,,,,,Uniform,GendNone,Nasal,,,s.|v. pr.,
L002374,ñemuasãi,verb,Areal,,false,,,,Nasal,,CHECK_VERB_CLASS|CHECK_TRANSITIVITY,s.|v. pr.,
L002375,ñemuha,noun,,,,,Uniform,GendNone,Nasal,,,s.,
L002376,ñemuhára,noun,,,,,Uniform,GendNone,Nasal,,,s.,
L002377,ñemyangekói,noun,,,,,Uniform,GendNone,Nasal,,,s.,
L002378,ñemyatyrõ,noun,,,,,Uniform,GendNone,Nasal,,,s.,
L002379,ñemyenyhẽ,noun,,,,,Uniform,GendNone,Nasal,,,s.,
L002380,ñemyi'ỹ,noun,,,,,Uniform,GendNone,Nasal,,,s.,
L002381,ñemyrõ,noun,,,,,Uniform,GendNone,Nasal,,,s.|v. pr.,
L002381,ñemyrõ,verb,Areal,Intransitive,false,,,,Nasal,,CHECK_VERB_CLASS|CHECK_TRANSITIVITY,s.|v. pr.,rabiar
L002382,ñemyronde,adj,,,,,,,Nasal,,,adj.,
L002383,ñendyvu,verb,Areal,,false,,,,Nasal,,CHECK_VERB_CLASS|CHECK_TRANSITIVITY,v. pr.,
L002384,ñeno,verb,Areal,Intransitive,false,,,,Nasal,,CHECK_VERB_CLASS|CHECK_TRANSITIVITY,v. pr.,yacer
L002385,ñenohẽ,noun,,,,,Uniform,GendNone,Nasal,,,s.|v. pr.,
L002385,ñenohẽ,verb,Areal,,false,,,,Nasal,,CHECK_VERB_CLASS|CHECK_TRANSITIVITY,s.|v. pr.,
L002386,ñensugy,adj,,,,,,,Nasal,,,adj.,
L002387,ñenupa,noun,,,,,Uniform,GendNone,Nasal,,,s.,
L002388,ñeñakãity,noun,,,,,Uniform,GendNone,Nasal,,,s.,
L002389,ñeñandu,noun,,,,,Uniform,GendNone,Nasal,,,s.,
L002390,ñeñaniha,noun,,,,,Uniform,GendNone,Nasal,,,s.,
L002391,ñeñapi,noun,,,,,Uniform,GendNone,Nasal,,,s.,
L002392,ñeñapytĩ,noun,,,,,Uniform,GendNone,Nasal,,,s.,
L002393,ñeñe'ẽ,verb,Areal,,false,,,,Nasal,,CHECK_VERB_CLASS|CHECK_TRANSITIVITY,v. pr.,
L002394,ñeñe'ẽme'ẽ,noun,,,,,Uniform,GendNone,Nasal,,,s.,
L002395,ñeñoty,noun,,,,,Uniform,GendNone,Nasal,,,s.,
L002396,ñeñotỹha,noun,,,,,Uniform,GendNone,Nasal,,,s.,
L002397,ñeñuva,verb,Areal,,false,,,,Nasal,,CHECK_VERB_CLASS|CHECK_TRANSITIVITY,v. pr.,
L002398,ñeñyrõ,noun,,,,,Uniform,GendNone,Nasal,,,s.,
L002399,ñepã,adj,,,,,,,Nasal,,,adj.,
L002400,ñepa'ã,noun,,,,,Uniform,GendNone,Nasal,,,s.,
L002401,ñepẽ,noun,,,,,Uniform,GendNone,Nasal,,,s.,
L002402,ñepehẽ'a,noun,,,,,Uniform,GendNone,Nasal,,,s.,
L002403,ñepiã,noun,,,,,Uniform,GendNone,Nasal,,,s.,
L002404,ñepia'ã,noun,,,,,Uniform,GendNone,Nasal,,,s.|v. pr.,
L002404,ñepia'ã,verb,Areal,Ambitransitive,false,,,,Nasal,,CHECK_VERB_CLASS|CHECK_TRANSITIVITY|CHECK_AMBITRANSITIVE,s.|v. pr.,forcejear
L002405,ñepichãi,noun,,,,,Uniform,GendNone,Nasal,,,s.,
L002406,ñepi'ũ,verb,Areal,,false,,,,Nasal,,CHECK_VERB_CLASS|CHECK_TRANSITIVITY,v. pr.,
L002407,ñepohano,noun,,,,,Uniform,GendNone,Nasal,,,s.|v. pr.,
L002407,ñepohano,verb,Areal,,false,,,,Nasal,,CHECK_VERB_CLASS|CHECK_TRANSITIVITY,s.|v. pr.,
L002408,ñepomoĩ,verb,Areal,,false,,,,Nasal,,CHECK_VERB_CLASS|CHECK_TRANSITIVITY,v. pr.,
L002409,ñeporandu,noun,,,,,Uniform,GendNone,Nasal,,,s.,
L002410,ñepu,noun,,,,,Uniform,GendNone,Nasal,,,s.|v. pr.,
L002410,ñepu,verb,Areal,,false,,,,Nasal,,CHECK_VERB_CLASS|CHECK_TRANSITIVITY,s.|v. pr.,
L002411,ñepu'ã,noun,,,,,Uniform,GendNone,Nasal,,,s.,
L002412,motín,verb,Areal,,false,,,,Oral,,CHECK_VERB_CLASS|CHECK_TRANSITIVITY,v. pr.,
L002413,ñepurũ,noun,,,,,Uniform,GendNone,Nasal,,,s.,
L002414,ñepurũgua,adj,,,,,,,Nasal,,,adj.,
L002415,ñepurũmby,noun,,,,,Uniform,GendNone,Nasal,,,s.,
L002416,ñepurũme,adv,,,,,,,Nasal,,,adv.,
L002417,ñepurũrãre,adv,,,,,,,Nasal,,,adv.,
L002418,ñepysanga,noun,,,,,Uniform,GendNone,Nasal,,,s.,
L002419,desliz,verb,Areal,,false,,,,Oral,,CHECK_VERB_CLASS|CHECK_TRANSITIVITY,v. pr.,
L002420,ñepysyrõ,noun,,,,,Uniform,GendNone,Nasal,,,s.|v. pr.,
L002420,ñepysyrõ,verb,Areal,,false,,,,Nasal,,CHECK_VERB_CLASS|CHECK_TRANSITIVITY,s.|v. pr.,
L002421,ñepyta'ã,noun,,,,,Uniform,GendNone,Nasal,,,s.|v. pr.,
L002421,ñepyta'ã,verb,Areal,Ambitransitive,false,,,,Nasal,,CHECK_VERB_CLASS|CHECK_TRANSITIVITY|CHECK_AMBITRANSITIVE,s.|v. pr.,apuntalar
L002422,ñepytũ,verb,Areal,,false,,,,Nasal,,CHECK_VERB_CLASS|CHECK_TRANSITIVITY,v. pr.,
L002423,ñepytyvõ,noun,,,,,Uniform,GendNone,Nasal,,,s.,
L002424,ñepyũ,noun,,,,,Uniform,GendNone,Nasal,,,s.,
L002425,ñerarõ,noun,,,,,Uniform,GendNone,Nasal,,,s.,
L002426,ñerotĩ,noun,,,,,Uniform,GendNone,Nasal,,,s.,
L002427,ñeroyrõ,noun,,,,,Uniform,GendNone,Nasal,,,s.,
L002428,ñesẽ,noun,,,,,Uniform,GendNone,Nasal,,,s.,
L002429,ñesũ,noun,,,,,Uniform,GendNone,Nasal,,,s.|v. pr.,
L002429,ñesũ,verb,Areal,,false,,,,Nasal,,CHECK_VERB_CLASS|CHECK_TRANSITIVITY,s.|v. pr.,
L002430,ñesũhápe,adv,,,,,,,Nasal,,,adv.,
L002431,ñesũpehẽ,noun,,,,,Uniform,GendNone,Nasal,,,s.,
L002432,ñetĩ,noun,,,,,Uniform,GendNone,Nasal,,,s.,
L002433,ñetĩhyiha,noun,,,,,Uniform,GendNone,Nasal,,,s.,
L002434,ñetĩjoso,noun,,,,,Uniform,GendNone,Nasal,,,s.,
L002435,ñetĩkutu,verb,Areal,,false,,,,Nasal,,CHECK_VERB_CLASS|CHECK_TRANSITIVITY,v. pr.,
L002436,ñetinga,adj,,,,,,,Nasal,,,adj.|v. pr.,
L002436,ñetinga,verb,Areal,,false,,,,Nasal,,CHECK_VERB_CLASS|CHECK_TRANSITIVITY,adj.|v. pr.,
L002437,ñetingaparo,noun,,,,,Uniform,GendNone,Nasal,,,s.|v. pr.,
L002437,ñetingaparo,verb,Areal,,false,,,,Nasal,,CHECK_VERB_CLASS|CHECK_TRANSITIVITY,s.|v. pr.,
L002438,ñipytũ,adj,,,,,,,Nasal,,,adj.|s.,
L002438,ñipytũ,noun,,,,,Uniform,GendNone,Nasal,,,adj.|s.,
L002439,ño,adj,,,,,,,Nasal,,,adj.,
L002440,ñoha'ã,verb,Areal,,false,,,,Nasal,,CHECK_VERB_CLASS|CHECK_TRANSITIVITY,v. pr.,
L002441,ñoha'anga,noun,,,,,Uniform,GendNone,Nasal,,,neol.|s.,
L002442,ñohẽ,verb,Areal,Transitive,false,,,,Nasal,,CHECK_VERB_CLASS|CHECK_TRANSITIVITY,v. pr.,derramar
L002443,ñohẽha,noun,,,,,Uniform,GendNone,Nasal,,,s.,
L002444,ñoirũ,noun,,,,,Uniform,GendNone,Nasal,,,s.|v. pr.,
L002444,ñoirũ,verb,Areal,,false,,,,Nasal,,CHECK_VERB_CLASS|CHECK_TRANSITIVITY,s.|v. pr.,
L002445,ñoite,adv,,,,,,,Nasal,,,adv.,
L002446,ñombohovái,noun,,,,,Uniform,GendNone,Nasal,,,s.|v. pr.,
L002446,ñombohovái,verb,Areal,Ambitransitive,false,,,,Nasal,,CHECK_VERB_CLASS|CHECK_TRANSITIVITY|CHECK_AMBITRANSITIVE,s.|v. pr.,discutir
L002447,ñombojoaju,verb,Areal,,false,,,,Nasal,,CHECK_VERB_CLASS|CHECK_TRANSITIVITY,v. pr.,
L002448,ñomi,verb,Areal,Transitive,false,,,,Nasal,,CHECK_VERB_CLASS|CHECK_TRANSITIVITY,v. pr.,encubrir
L002449,ñomoirũ,noun,,,,,Uniform,GendNone,Nasal,,,s.|v. pr.,
L002449,ñomoirũ,verb,Areal,Transitive,false,,,,Nasal,,CHECK_VERB_CLASS|CHECK_TRANSITIVITY,s.|v. pr.,socializar
L002450,ñomongeta,noun,,,,,Uniform,GendNone,Nasal,,,s.|v. pr.,
L002450,ñomongeta,verb,Areal,Intransitive,false,,,,Nasal,,CHECK_VERB_CLASS|CHECK_TRANSITIVITY,s.|v. pr.,conversar
L002451,ñomongetáva,noun,,,,,Uniform,GendNone,Nasal,,,s.,
L002452,ñongatu,verb,Areal,Transitive,false,,,,Nasal,,CHECK_VERB_CLASS|CHECK_TRANSITIVITY,v. pr.,ahorrar
L002453,ñongatuha,noun,,,,,Uniform,GendNone,Nasal,,,s.,
L002454,ñongatupy,adj,,,,,,,Nasal,,,adj.|s.,
L002454,ñongatupy,noun,,,,,Uniform,GendNone,Nasal,,,adj.|s.,
L002455,ñonte,adv,,,,,,,Nasal,,,adv.,
L002456,ñoñupã,verb,Areal,,false,,,,Nasal,,CHECK_VERB_CLASS|CHECK_TRANSITIVITY,v. pr.,
L002457,ñoña,verb,Areal,Transitive,false,,,,Nasal,,CHECK_VERB_CLASS|CHECK_TRANSITIVITY,v. pr.,envasar
L002458,ñoñe'ẽme'ẽ,verb,Areal,Intransitive,false,,,,Nasal,,CHECK_VERB_CLASS|CHECK_TRANSITIVITY,v. pr.,pactar
L002459,ñoñyrõ,verb,Areal,,false,,,,Nasal,,CHECK_VERB_CLASS|CHECK_TRANSITIVITY,v. pr.,
L002460,ñopẽ,adj,,,,,,,Nasal,,,adj.|s.|v. pr.,
L002460,ñopẽ,noun,,,,,Uniform,GendNone,Nasal,,,adj.|s.|v. pr.,
L002460,ñopẽ,verb,Areal,Transitive,false,,,,Nasal,,CHECK_VERB_CLASS|CHECK_TRANSITIVITY,adj.|s.|v. pr.,enrular
L002461,ñopehẽngue,noun,,,,,Uniform,GendNone,Nasal,,,s.|v.,
L002461,ñopehẽngue,verb,Areal,Intransitive,false,,,,Nasal,,CHECK_TRANSITIVITY,s.|v.,fraternizar
L002462,ñopytyvõ,verb,Areal,Intransitive,false,,,,Nasal,,CHECK_VERB_CLASS|CHECK_TRANSITIVITY,v. pr.,cooperar
L002463,ñorairõ,noun,,,,,Uniform,GendNone,Nasal,,,s.|v. pr.,
L002463,ñorairõ,verb,Areal,Intransitive,false,,,,Nasal,,CHECK_VERB_CLASS|CHECK_TRANSITIVITY,s.|v. pr.,litigar
L002464,ñorairõ'ỹ,noun,,,,,Uniform,GendNone,Nasal,,,s.,
L002465,ñotỹ,verb,Areal,Transitive,false,,,,Nasal,,CHECK_VERB_CLASS|CHECK_TRANSITIVITY,v. pr.,cultivar
L002466,ñotỹha,noun,,,,,Uniform,GendNone,Nasal,,,s.,
L002467,ñotỹhara,verb,Areal,Transitive,false,,,,Nasal,,CHECK_VERB_CLASS|CHECK_TRANSITIVITY,v. pr.,desenterrar
L002468,ñotỹhára,noun,,,,,Uniform,GendNone,Nasal,,,s.,
L002469,ñotỹngue,noun,,,,,Uniform,GendNone,Nasal,,,s.,
L002470,ñu,noun,,,,,Uniform,GendNone,Nasal,,,s.,
L002471,ñua'ã,noun,,,,,Uniform,GendNone,Nasal,,,s.,
L002472,ñuãha,noun,,,,,Uniform,GendNone,Nasal,,,s.,
L002473,ñuãhára,noun,,,,,Uniform,GendNone,Nasal,,,s.,
L002474,ñuaitĩ,noun,,,,,Uniform,GendNone,Nasal,,,s.|v. pr.,
L002474,ñuaitĩ,verb,Areal,,false,,,,Nasal,,CHECK_VERB_CLASS|CHECK_TRANSITIVITY,s.|v. pr.,
L002475,ñuã'õ,verb,Areal,,false,,,,Nasal,,CHECK_VERB_CLASS|CHECK_TRANSITIVITY,v. pr.,
L002476,ñuatĩ,noun,,,,,Uniform,GendNone,Nasal,,,s.,
L002477,ñuatĩndy,noun,,,,,Uniform,GendNone,Nasal,,,s.,
L002478,ñuaũ,noun,,,,,Uniform,GendNone,Nasal,,,s.,
L002479,ñuguaitĩ,noun,,,,,Uniform,GendNone,Nasal,,,s.|v. pr.,
L002479,ñuguaitĩ,verb,Areal,,false,,,,Nasal,,CHECK_VERB_CLASS|CHECK_TRANSITIVITY,s.|v. pr.,
L002480,ñuhã,noun,,,,,Uniform,GendNone,Nasal,,,s.,
L002481,ñumegua,adj,,,,,,,Nasal,,,adj.,
L002482,ñupa'ũ,noun,,,,,Uniform,GendNone,Nasal,,,s.,
L002483,ñupyso,noun,,,,,Uniform,GendNone,Nasal,,,s.,
L002484,ñuvã,verb,Areal,Transitive,false,,,,Nasal,,CHECK_VERB_CLASS|CHECK_TRANSITIVITY,v. pr.,cobijar
L002485,ñuvaitĩ,noun,,,,,Uniform,GendNone,Nasal,,,s.|v. pr.,
L002485,ñuvaitĩ,verb,Areal,Transitive,false,,,,Nasal,,CHECK_VERB_CLASS|CHECK_TRANSITIVITY,s.|v. pr.,recibir
L002486,s,verb,Areal,,false,,,,Oral,,CHECK_VERB_CLASS|CHECK_TRANSITIVITY,v. pr.,
L002487,ñypytũ,adj,,,,,,,Nasal,,,adj.|s.,
L002487,ñypytũ,noun,,,,,Uniform,GendNone,Nasal,,,adj.|s.,
L002488,ñyrõ,noun,,,,,Uniform,GendNone,Nasal,,,s.|v. pr.,
L002488,ñyrõ,verb,Areal,Transitive,false,,,,Nasal,,CHECK_VERB_CLASS|CHECK_TRANSITIVITY,s.|v. pr.,perdonar
L002489,ñyrõva,adj,,,,,,,Nasal,,,adj.,
L002490,ñyrõ'ỹva,adj,,,,,,,Nasal,,,adj.,
L002491,oakãvo,adv,,,,,,,Nasal,,,adv.,
L002492,óga,noun,,,,,Triform,GendNone,Oral,,,t.|s.,
L002493,ojere,noun,,,,,Uniform,GendNone,Oral,,,s.,
L002494,oyke,noun,,,,,Uniform,GendNone,Oral,,,s.,
L002495,ógagua,noun,,,,,Triform,GendNone,Oral,,,t.|s.,
L002496,ogaguy,noun,,,,,Triform,GendNone,Oral,,,t.|s.,
L002497,ogahoja,noun,,,,,Triform,GendNone,Oral,,,t.|s.,
L002498,ogapegua,noun,,,,,Triform,GendNone,Oral,,,t.|s.,
L002499,ogapepo,noun,,,,,Triform,GendNone,Oral,,,t.|s.,
L002500,ogapy,noun,,,,,Triform,GendNone,Oral,,,t.|s.,
L002501,ogapypegua,noun,,,,,Triform,GendNone,Oral,,,t.|s.,
L002502,ogaraity,noun,,,,,Triform,GendNone,Oral,,,t.|s.,
L002503,ogarokái,noun,,,,,Triform,GendNone,Oral,,,t.|s.,
L002504,ogasoja,noun,,,,,Triform,GendNone,Oral,,,t.|s.,
L002505,ogaygua,adj,,,,,,,Oral,,,t.|adj.,
L002506,oguatáva,adj,,,,,,,Oral,,,adj.,
L002507,oguepyre,adj,,,,,,,Oral,,,adj.,
L002508,oguerekóva,noun,,,,,Uniform,GendNone,Oral,,,s.,
L002509,oguéva,adj,,,,,,,Oral,,,adj.,
L002510,oguevíva,adj,,,,,,,Oral,,,adj.,
L002511,oguévo,adv,,,,,,,Oral,,,adv.,
L002512,ogyhũhai,noun,,,,,Triform,GendNone,Nasal,,CHECK_NASAL_COMPOUND,neol.|t.|s.,
L002513,ogyke,noun,,,,,Triform,GendNone,Oral,,,neol.|t.|s.,
L002514,oha'ỹva,adj,,,,,,,Nasal,,CHECK_NASAL_COMPOUND,adj.,
L002515,oha'uvõva,noun,,,,,Uniform,GendNone,Nasal,,CHECK_NASAL_COMPOUND,s.,
L002516,ohechakuaháva,adj,,,,,,,Oral,,,adj.,
L002517,ohechapukúva,noun,,,,,Uniform,GendNone,Oral,,,s.,
L002518,ohecháva,noun,,,,,Uniform,GendNone,Oral,,,s.,
L002519,ohendúva,noun,,,,,Uniform,GendNone,Nasal,,,s.,
L002520,oho,verb,Irregular,,true,Irreg_Ho,,,Oral,,CONJUGATED_FORM_OF_Ho_3sg,v.,
L002521,oĩ,verb,Areal,,false,,,,Nasal,,CHECK_TRANSITIVITY,v.,
L002522,oikereíva,adj,,,,,,,Oral,,,adj.,
L002523,oikéva,adj,,,,,,,Oral,,,adj.,
L002524,oikoporãva,adj,,,,,,,Nasal,,CHECK_NASAL_COMPOUND,adj.,
L002525,oikotevẽva,adj,,,,,,,Nasal,,CHECK_NASAL_COMPOUND,adj.,
L002526,oikóva,noun,,,,,Uniform,GendNone,Oral,,,s.,
L002527,oikovéva,adj,,,,,,,Oral,,,adj.,
L002528,oikuaháva,adj,,,,,,,Oral,,,adj.,
L002529,oĩmbáva,adj,,,,,,,Nasal,,,adj.,
L002530,oime,verb,Areal,,false,,,,Oral,,CHECK_TRANSITIVITY,v.,
L002531,oimeháicha,adv,,,,,,,Oral,,,adv.,
L002532,oimehaichagua,adj,,,,,,,Oral,,,adj.,
L002533,oimehápe,adv,,,,,,,Oral,,,adv.,
L002534,oiméne,adv,,,,,,,Oral,,,adv.,
L002535,oimeraẽva,adj,,,,,,,Nasal,,CHECK_NASAL_COMPOUND,adj.,
L002536,oiméva,adj,,,,,,,Oral,,,adj.,
L002537,oimeve,exp,,,,,,,Oral,,,exp.,
L002538,oireíva,adj,,,,,,,Oral,,,adj.,
L002539,ojehayuhúva,adj,,,,,,,Oral,,,adj.,
L002540,ojehe,exp,,,,,,,Oral,,,exp.,
L002541,ojehegui,exp,,,,,,,Oral,,,exp.,
L002542,ojehúva,noun,,,,,Uniform,GendNone,Oral,,,s.,
L002543,ojeja'e'ỹva,adj,,,,,,,Nasal,,CHECK_NASAL_COMPOUND,adj.,
L002544,ojetu'úva,adj,,,,,,,Oral,,,adj.,
L002545,ojeupe,exp,,,,,,,Oral,,,exp.,
L002546,ojoehe,adv,,,,,,,Oral,,,adv.,
L002547,ojoehegui,exp,,,,,,,Oral,,,exp.,
L002548,ojoeheguy,adj,,,,,,,Oral,,,adj.,
L002549,ojohuguy,adj,,,,,,,Oral,,,adj.,
L002550,ojohuguyre,noun,,,,,Uniform,GendNone,Oral,,,s.,
L002551,ojojáva,adj,,,,,,,Oral,,,adj.,
L002552,ojojupe,exp,,,,,,,Oral,,,exp.,
L002553,ojoupe,adv,,,,,,,Oral,,,adv.,
L002554,ojuehe,exp,,,,,,,Oral,,,exp.,
L002555,ojuehegui,adv,,,,,,,Oral,,,adv.,
L002556,ojukáva,adj,,,,,,,Oral,,,adj.,
L002557,ojupe,exp,,,,,,,Oral,,,exp.,
L002558,ojupíva,adj,,,,,,,Oral,,,adj.,
L002559,okái,verb,Areal,,false,,,,Oral,,CHECK_TRANSITIVITY,v.,
L002560,okápe,adv,,,,,,,Oral,,,adv.,
L002561,okára,adj,,,,,,,Oral,,,adj.,
L002562,okay'úva,noun,,,,,Uniform,GendNone,Oral,,,s.,
L002563,okẽ,noun,,,,,Triform,GendNone,Nasal,,,t.|s.,
L002564,oke'ỹva,adj,,,,,,,Nasal,,CHECK_NASAL_COMPOUND,adj.,
L002565,okyta,noun,,,,,Uniform,GendNone,Oral,,,s.,
L002566,okyve'ỹ,noun,,,,,Uniform,GendNone,Nasal,,,s.,
L002567,omanóva,adv,,,,,,,Oral,,,adv.,
L002568,omañáva,adj,,,,,,,Nasal,,CHECK_NASAL_COMPOUND,adj.,
L002569,ombo'áva,adj,,,,,,,Nasal,,,adj.,
L002570,ombo'éva,noun,,,,,Uniform,GendNone,Nasal,,,s.,
L002571,ombohováiva,adj,,,,,,,Nasal,,,adj.,
L002572,ombojeréva,adj,,,,,,,Nasal,,,adj.,
L002573,ombopukuaháva,noun,,,,,Uniform,GendNone,Nasal,,,s.,
L002574,omboróva,adj,,,,,,,Nasal,,,adj.,
L002575,omovy'áva,adj,,,,,,,Oral,,,adj.,
L002576,omenda'ỹva,adj,,,,,,,Nasal,,CHECK_NASAL_COMPOUND,adj.,
L002577,omyi'ỹva,adj,,,,,,,Nasal,,CHECK_NASAL_COMPOUND,adj.,
L002578,oñehẽha,noun,,,,,Uniform,GendNone,Nasal,,,s.,
L002579,oñemoĩva,adj,,,,,,,Nasal,,,adj.,
L002580,oñondive,adv,,,,,,,Nasal,,,adv.,
L002581,oñoñe'ẽ,noun,,,,,Uniform,GendNone,Nasal,,,s.,
L002582,oñoñe'ẽme,adv,,,,,,,Nasal,,,adv.,
L002583,oñopehẽngue,adj,,,,,,,Nasal,,,adj.,
L002584,opa,noun,,,,,Uniform,GendNone,Oral,,,s.|v.|adj.,
L002584,opa,verb,Areal,,false,,,,Oral,,CHECK_TRANSITIVITY,s.|v.|adj.,
L002584,opa,adj,,,,,,,Oral,,,s.|v.|adj.,
L002585,opa'ãva,adj,,,,,,,Nasal,,CHECK_NASAL_COMPOUND,adj.,
L002586,opaha,noun,,,,,Uniform,GendNone,Oral,,,s.,
L002587,opáicha,adv,,,,,,,Oral,,,adv.,
L002588,opaichagua,adj,,,,,,,Oral,,,adj.,
L002589,opárupi,adv,,,,,,,Oral,,,adv.,
L002590,oparupigua,adj,,,,,,,Oral,,,adj.,
L002591,opáva,adj,,,,,,,Oral,,,adj.,
L002592,opavave,adj,,,,,,,Oral,,,adj.,
L002593,opave'ỹva,adj,,,,,,,Nasal,,CHECK_NASAL_COMPOUND,adj.,
L002594,opa'ỹha,noun,,,,,Uniform,GendNone,Nasal,,CHECK_NASAL_COMPOUND,s.,
L002595,opa'ỹva,adj,,,,,,,Nasal,,CHECK_NASAL_COMPOUND,adj.,
L002596,opáyva,adj,,,,,,,Oral,,,adj.,
L002597,opiãva,adj,,,,,,,Nasal,,,adj.,
L002598,opívo,adj,,,,,,,Oral,,,adj.,
L002599,opu'ãva,adj,,,,,,,Nasal,,CHECK_NASAL_COMPOUND,adj.,
L002600,opytaitéva,adj,,,,,,,Oral,,,adj.,
L002601,opytáva,adj,,,,,,,Oral,,,adj.,
L002602,opyta'ỹva,adj,,,,,,,Nasal,,CHECK_NASAL_COMPOUND,adj.,
L002603,ore,pron,,,,,,,Oral,,,pron.,
L002604,interlocutor,adj,,,,,,,Nasal,,,adj.,
L002605,orejupe,exp,,,,,,,Oral,,,exp.,
L002606,oremba'e,pron,,,,,,,Nasal,,,pron. pos.,
L002607,oréve,pron,,,,,,,Oral,,,pron.,
L002608,osaingóva,adj,,,,,,,Nasal,,,adj.,
L002609,osẽva,adj,,,,,,,Nasal,,,adj.,
L002610,osõva,adj,,,,,,,Nasal,,,adj.,
L002611,otĩva,adj,,,,,,,Nasal,,,adj.,
L002612,otĩ'ỹva,adj,,,,,,,Nasal,,,adj.,
L002613,ova,verb,Areal,,false,,,,Oral,,CHECK_TRANSITIVITY,v.,
L002614,ováva,adj,,,,,,,Oral,,,adj.,
L002615,ovaváva,adj,,,,,,,Oral,,,adj.,
L002616,ova'ỹ,adj,,,,,,,Nasal,,,adj.,
L002617,ovecha,noun,,,,,Uniform,GendNone,Oral,,,h.|s.,
L002618,ovecharague,noun,,,,,Uniform,GendNone,Oral,,,h.|s.,
L002619,overáva,adj,,,,,,,Oral,,,adj.,
L002620,ovetã,noun,,,,,Uniform,GendNone,Nasal,,,neol.|s.,
L002621,ovevéva,adj,,,,,,,Oral,,,adj.,
L002622,ovúva,adj,,,,,,,Oral,,,adj.,
L002623,ovy'áva,adj,,,,,,,Oral,,,adj.,
L002624,oygue,noun,,,,,Uniform,GendNone,Oral,,,s.,
L002625,pa,adj,,,,,,,Oral,,,neol.|adj.|v. pr.|suf. a. v.,
L002625,pa,verb,Areal,Intransitive,false,,,,Oral,,CHECK_VERB_CLASS|CHECK_TRANSITIVITY,neol.|adj.|v. pr.|suf. a. v.,cesar
L002625,pa,suf,,,,,,,Oral,,,neol.|adj.|v. pr.|suf. a. v.,
L002626,pa'ã,adj,,,,,,,Nasal,,,adj.|s.|v. pr.,
L002626,pa'ã,noun,,,,,Uniform,GendNone,Nasal,,,adj.|s.|v. pr.,
L002626,pa'ã,verb,Areal,,false,,,,Nasal,,CHECK_VERB_CLASS|CHECK_TRANSITIVITY,adj.|s.|v. pr.,
L002627,pa'ãha,noun,,,,,Uniform,GendNone,Nasal,,,s.,
L002628,pague,adj,,,,,,,Oral,,,adj.,
L002629,paha,adj,,,,,,,Oral,,,adj.,
L002630,pahague,adj,,,,,,,Oral,,,adj.,
L002631,pahápe,adv,,,,,,,Oral,,,adv.,
L002632,pa'i,noun,,,,,Uniform,GendNone,Oral,,,s.,
L002633,páila,noun,,,,,Uniform,GendNone,Oral,,,s.,
L002634,pa'irã,noun,,,,,Uniform,GendNone,Nasal,,,s.,
L002635,paite,suf,,,,,,,Oral,,,suf. a. v.,
L002635,paite,verb,Areal,,false,,,,Oral,,CHECK_TRANSITIVITY,suf. a. v.,
L002636,paje,noun,,,,,Uniform,GendNone,Oral,,,s.,
L002637,pakõi,adj,,,,,,,Nasal,,,neol.|adj.,
L002638,pakova,noun,,,,,Uniform,GendNone,Oral,,,s.,
L002639,pakuri,noun,,,,,Uniform,GendNone,Oral,,,s.,
L002640,panambi,noun,,,,,Uniform,GendNone,Nasal,,,s.,
L002641,pane,adj,,,,,,,Oral,,,adj.|s.,
L002641,pane,noun,,,,,Uniform,GendNone,Oral,,,adj.|s.,
L002642,papa,verb,Aireal,Transitive,false,,,,Oral,,CHECK_TRANSITIVITY,v. air.,calcular
L002643,papagua,adj,,,,,,,Oral,,,neol.|adj.,
L002644,papaha,noun,,,,,Uniform,GendNone,Oral,,,neol.|s.,
L002645,papahára,noun,,,,,Uniform,GendNone,Oral,,,neol.|s.,
L002646,papapy,other,,,,,,,Oral,,,neol.,
L002647,papapyre,adj,,,,,,,Oral,,,adj.,
L002648,papo,adj,,,,,,,Oral,,,neol.|adj.,
L002649,papyeta,noun,,,,,Uniform,GendNone,Oral,,,neol.|s.,
L002650,para,adj,,,,,,,Oral,,,adj.,
L002651,parapa,adj,,,,,,,Oral,,,adj.,
L002652,pararã,noun,,,,,Uniform,GendNone,Nasal,,,s.,
L002653,parĩ,adj,,,,,,,Nasal,,,adj.|s.,
L002653,parĩ,noun,,,,,Uniform,GendNone,Nasal,,,adj.|s.,
L002654,parundy,adj,,,,,,,Nasal,,,neol.|adj.,
L002655,patẽi,adj,,,,,,,Nasal,,,neol.|adj.,
L002656,pati,noun,,,,,Uniform,GendNone,Oral,,,s.,
L002657,patĩ,adj,,,,,,,Nasal,,,adj.,
L002658,patuka,verb,Areal,Transitive,false,,,,Oral,,CHECK_VERB_CLASS|CHECK_TRANSITIVITY,v. pr.,machacar
L002659,patula,noun,,,,,Uniform,GendNone,Oral,,,h.|s.,
L002660,pa'ũ,noun,,,,,Uniform,GendNone,Nasal,,,s.,
L002661,pa'ũme,other,,,,,,,Nasal,,,p. n.,
L002662,pa'ũmegua,adj,,,,,,,Nasal,,CHECK_NASAL_COMPOUND,adj.,
L002663,pavẽ,adj,,,,,,,Nasal,,,adj.,
L002664,pave'ỹ,adj,,,,,,,Nasal,,,adj.,
L002665,páy,noun,,,,,Uniform,GendNone,Oral,,,s.|v. pr.,
L002665,páy,verb,Areal,,false,,,,Oral,,CHECK_VERB_CLASS|CHECK_TRANSITIVITY,s.|v. pr.,
L002666,pe,adj,,,,,,,Oral,,,adj.|s.|p. n.,
L002666,pe,noun,,,,,Uniform,GendNone,Oral,,,adj.|s.|p. n.,
L002667,pẽ,noun,,,,,Uniform,GendNone,Nasal,,,s.|v. pr.,
L002667,pẽ,verb,Areal,,false,,,,Nasal,,CHECK_VERB_CLASS|CHECK_TRANSITIVITY,s.|v. pr.,
L002668,pe'a,verb,Aireal,Transitive,false,,,,Oral,,CHECK_TRANSITIVITY,v. air.|v.,abrir
L002669,pe'aha,other,,,,,,,Oral,,,neol.,
L002670,pe'apyre,adj,,,,,,,Oral,,,adj.,
L002671,pegua,other,,,,,,,Oral,,,p. n.,
L002672,pehẽ,noun,,,,,Uniform,GendNone,Nasal,,,s.,
L002673,pehẽngue,noun,,,,,Uniform,GendNone,Nasal,,CHECK_NASAL_COMPOUND,s.,
L002674,pehẽngue'í,noun,,,,,Uniform,GendNone,Nasal,,CHECK_NASAL_COMPOUND,s.,
L002675,pehẽnguemi,noun,,,,,Uniform,GendNone,Nasal,,CHECK_NASAL_COMPOUND,s.,
L002676,pehẽnguére,adv,,,,,,,Nasal,,CHECK_NASAL_COMPOUND,adv.,
L002677,pehẽnguéva,adj,,,,,,,Nasal,,CHECK_NASAL_COMPOUND,adj.,
L002678,péicha,adv,,,,,,,Oral,,,adv.,
L002679,peichagua,adj,,,,,,,Oral,,,adj.,
L002680,peichaite,exp,,,,,,,Oral,,,exp.,
L002681,peína,exp,,,,,,,Oral,,,exp.|adv.,
L002681,peína,adv,,,,,,,Oral,,,exp.|adv.,
L002682,péina,exp,,,,,,,Oral,,,exp.,
L002683,peje,verb,Irregular,,true,Irreg_E,,,Oral,,CONJUGATED_FORM_OF_E_2pl,v.,
L002684,peju,noun,,,,,Uniform,GendNone,Oral,,,s.|v. air.,
L002684,peju,verb,Irregular,Ambitransitive,true,Irreg_Ju,,,Oral,,CONJUGATED_FORM_OF_Ju_2pl|CHECK_AMBITRANSITIVE,s.|v. air.,abanicar
L002685,ventilar,verb,Areal,,false,,,,Nasal,,CHECK_TRANSITIVITY,v.,
L002686,pejuha,noun,,,,,Uniform,GendNone,Oral,,,s.,
L002687,pekõi,adj,,,,,,,Nasal,,,adj.,
L002688,pekue,noun,,,,,Uniform,GendNone,Oral,,,s.,
L002689,peky,adj,,,,,,,Oral,,,adj.,
L002690,pénde,adj,,,,,,,Nasal,,,adj.,
L002691,penemba'e,pron,,,,,,,Nasal,,,pron. pos.,
L002692,pẽngue,adj,,,,,,,Nasal,,,adj.,
L002693,peno,noun,,,,,Uniform,GendNone,Oral,,,s.,
L002694,pe'o,verb,Aireal,Transitive,false,,,,Oral,,CHECK_TRANSITIVITY,v. air.,despellejar
L002695,pepe,verb,Areal,Intransitive,false,,,,Oral,,CHECK_VERB_CLASS|CHECK_TRANSITIVITY,v. pr.,aletear
L002696,pépe,adv,,,,,,,Oral,,,adv.,
L002697,pepete,adv,,,,,,,Oral,,,adv.,
L002698,pepi,verb,Aireal,Transitive,false,,,,Oral,,CHECK_TRANSITIVITY,v. air.,remangar
L002699,pepiru,noun,,,,,Uniform,GendNone,Oral,,,s.|v. pr.,
L002699,pepiru,verb,Areal,,false,,,,Oral,,CHECK_VERB_CLASS|CHECK_TRANSITIVITY,s.|v. pr.,
L002700,pepo,noun,,,,,Uniform,GendNone,Oral,,,s.,
L002701,pepo'atã,noun,,,,,Uniform,GendNone,Nasal,,,neol.|s.,
L002702,pepyhára,verb,Aireal,,false,,,,Oral,,CHECK_TRANSITIVITY,v. air.,
L002703,pere,noun,,,,,Uniform,GendNone,Oral,,,s.,
L002704,perere,noun,,,,,Uniform,GendNone,Oral,,,s.|v. pr.,
L002704,perere,verb,Areal,Intransitive,false,,,,Oral,,CHECK_VERB_CLASS|CHECK_TRANSITIVITY,s.|v. pr.,palpitar
L002705,pererĩ,adj,,,,,,,Nasal,,,adj.,
L002706,perõ,adj,,,,,,,Nasal,,,h.|adj.,
L002707,pesẽngue,noun,,,,,Uniform,GendNone,Nasal,,CHECK_NASAL_COMPOUND,s.,
L002708,pete,noun,,,,,Uniform,GendNone,Oral,,,s.,
L002709,peteĩ,adj,,,,,,,Nasal,,,adj.,
L002710,peteĩcha,adj,,,,,,,Nasal,,CHECK_NASAL_COMPOUND,adj.|adv.,
L002710,peteĩcha,adv,,,,,,,Nasal,,CHECK_NASAL_COMPOUND,adj.|adv.,
L002711,peteĩha,noun,,,,,Uniform,GendNone,Nasal,,CHECK_NASAL_COMPOUND,s.,
L002712,peteĩnte,adj,,,,,,,Nasal,,CHECK_NASAL_COMPOUND,adj.,
L002713,peteĩteĩ,exp,,,,,,,Nasal,,CHECK_NASAL_COMPOUND,exp.,
L002714,peterevy,noun,,,,,Uniform,GendNone,Oral,,,s.,
L002715,petỹ,noun,,,,,Uniform,GendNone,Nasal,,,s.,
L002716,péu,noun,,,,,Uniform,GendNone,Oral,,,s.,
L002717,péva,pron,,,,,,,Oral,,,pron. dem.,
L002717,péva,dem,,,,,,,Oral,,,pron. dem.,
L002718,peve,other,,,,,,,Oral,,,p. n.,
L002719,pi,verb,Areal,Intransitive,false,,,,Oral,,CHECK_VERB_CLASS|CHECK_TRANSITIVITY,v. pr.|p. n.,escampar
L002720,piã,noun,,,,,Uniform,GendNone,Nasal,,,s.|v. pr.,
L002720,piã,verb,Areal,Ambitransitive,false,,,,Nasal,,CHECK_VERB_CLASS|CHECK_TRANSITIVITY|CHECK_AMBITRANSITIVE,s.|v. pr.,desertar
L002721,piári,other,,,,,,,Oral,,,p. n.,
L002722,pichãi,noun,,,,,Uniform,GendNone,Nasal,,,s.|v. air.,
L002722,pichãi,verb,Aireal,Transitive,false,,,,Nasal,,CHECK_TRANSITIVITY,s.|v. air.,pellizcar
L002723,picha'ĩ,adj,,,,,,,Nasal,,,adj.,
L002724,pichy,noun,,,,,Uniform,GendNone,Oral,,,s.|v. air.,
L002724,pichy,verb,Aireal,Transitive,false,,,,Oral,,CHECK_TRANSITIVITY,s.|v. air.,friccionar
L002725,pijoha,noun,,,,,Uniform,GendNone,Oral,,,s.,
L002726,pijy,adj,,,,,,,Oral,,,adj.,
L002727,piko,exp,,,,,,,Oral,,,exp.,
L002728,piky,noun,,,,,Uniform,GendNone,Oral,,,s.,
L002729,pinda,noun,,,,,Uniform,GendNone,Nasal,,,s.,
L002730,pindo,noun,,,,,Uniform,GendNone,Nasal,,,s.,
L002731,pindoty,noun,,,,,Uniform,GendNone,Nasal,,,s.,
L002732,pípu,other,,,,,,,Oral,,,interj.,
L002733,pira,noun,,,,,Uniform,GendNone,Oral,,,s.,
L002734,pirãi,noun,,,,,Uniform,GendNone,Nasal,,,s.,
L002735,piraju,noun,,,,,Uniform,GendNone,Oral,,,s.,
L002736,piraju'i,noun,,,,,Uniform,GendNone,Oral,,,s.,
L002737,pirakutu,verb,Aireal,Intransitive,false,,,,Oral,,CHECK_TRANSITIVITY,v. air.,cabecear
L002738,pirakutuha,adj,,,,,,,Oral,,,adj.,
L002739,pirañuhã,noun,,,,,Uniform,GendNone,Nasal,,CHECK_NASAL_COMPOUND,s.,
L002740,pirapire,noun,,,,,Uniform,GendNone,Oral,,,s.,
L002741,pirarembi'u,noun,,,,,Uniform,GendNone,Nasal,,,s.,
L002742,pire,noun,,,,,Uniform,GendNone,Oral,,,s.,
L002743,pireguy,adj,,,,,,,Oral,,,adj.,
L002744,pire'o,noun,,,,,Uniform,GendNone,Oral,,,s.|v. air.,
L002744,pire'o,verb,Aireal,Transitive,false,,,,Oral,,CHECK_TRANSITIVITY,s.|v. air.,descascarar
L002745,preporã,adj,,,,,,,Nasal,,,adj.|v.|s.,
L002745,preporã,verb,Areal,,false,,,,Nasal,,CHECK_TRANSITIVITY,adj.|v.|s.,
L002745,preporã,noun,,,,,Uniform,GendNone,Nasal,,,adj.|v.|s.,
L002746,piri,noun,,,,,Uniform,GendNone,Oral,,,s.,
L002747,pirĩ,noun,,,,,Uniform,GendNone,Nasal,,,s.|v. atr.,
L002747,pirĩ,verb,Chendal,,false,,,,Nasal,,CHECK_TRANSITIVITY,s.|v. atr.,
L002748,pirĩmba,adj,,,,,,,Nasal,,CHECK_NASAL_COMPOUND,adj.,
L002749,piriríta,noun,,,,,Uniform,GendNone,Oral,,,h.|s.,
L002750,pirity,noun,,,,,Uniform,GendNone,Oral,,,s.,
L002751,piro,verb,Aireal,Transitive,false,,,,Oral,,CHECK_TRANSITIVITY,v. air.,descascarar
L002752,piropyre,adj,,,,,,,Oral,,,adj.,
L002753,piro'y,adj,,,,,,,Oral,,,adj.|s.,
L002753,piro'y,noun,,,,,Uniform,GendNone,Oral,,,adj.|s.,
L002754,piro'yha,noun,,,,,Uniform,GendNone,Oral,,,s.,
L002755,piru,adj,,,,,,,Oral,,,adj.|s.|v. atr.,
L002755,piru,noun,,,,,Uniform,GendNone,Oral,,,adj.|s.|v. atr.,
L002755,piru,verb,Chendal,,false,,,,Oral,,CHECK_TRANSITIVITY,adj.|s.|v. atr.,
L002756,piru'ã,noun,,,,,Uniform,GendNone,Nasal,,,s.,
L002757,piruchĩ,adj,,,,,,,Nasal,,,adj.,
L002758,pita,verb,Areal,Intransitive,false,,,,Oral,,CHECK_TRANSITIVITY,h.|v.,fumar
L002759,pitarã,other,,,,,,,Nasal,,,neol.,
L002760,pitikiri'ĩ,noun,,,,,Uniform,GendNone,Nasal,,,s.,
L002761,pitikiri'ĩgua,adj,,,,,,,Nasal,,CHECK_NASAL_COMPOUND,adj.,
L002762,pititi,adj,,,,,,,Oral,,,adj.|s.,
L002762,pititi,noun,,,,,Uniform,GendNone,Oral,,,adj.|s.,
L002763,pitogue,noun,,,,,Uniform,GendNone,Oral,,,s.,
L002764,pituva,adj,,,,,,,Oral,,,adj.|s.,
L002764,pituva,noun,,,,,Uniform,GendNone,Oral,,,adj.|s.,
L002765,po,noun,,,,,Uniform,GendNone,Oral,,,s.|adj.|v.,
L002765,po,adj,,,,,,,Oral,,,s.|adj.|v.,
L002765,po,verb,Areal,Intransitive,false,,,,Oral,,CHECK_TRANSITIVITY,s.|adj.|v.,saltar
L002766,po'a,noun,,,,,Uniform,GendNone,Oral,,,s.,
L002767,po'apy,noun,,,,,Uniform,GendNone,Oral,,,s.,
L002768,poapẽ,noun,,,,,Uniform,GendNone,Nasal,,,s.,
L002769,poapyha,adj,,,,,,,Oral,,,neol.|adj.,
L002770,poapypa,adj,,,,,,,Oral,,,neol.|adj.,
L002771,po'areka,noun,,,,,Uniform,GendNone,Oral,,,s.|v. air.,
L002771,po'areka,verb,Aireal,,false,,,,Oral,,CHECK_TRANSITIVITY,s.|v. air.,
L002772,poasu,adj,,,,,,,Oral,,,adj.,
L002773,po'a'ỹ,adj,,,,,,,Nasal,,,adj.|s.,
L002773,po'a'ỹ,noun,,,,,Uniform,GendNone,Nasal,,,adj.|s.,
L002774,pochy,adj,,,,,,,Oral,,,adj.|s.|v. atr.,
L002774,pochy,noun,,,,,Uniform,GendNone,Oral,,,adj.|s.|v. atr.,
L002774,pochy,verb,Chendal,Intransitive,false,,,,Oral,,CHECK_TRANSITIVITY,adj.|s.|v. atr.,rabiar
L002775,po'ẽ,verb,Areal,,false,,,,Nasal,,CHECK_TRANSITIVITY,v.,
L002776,poepy,noun,,,,,Uniform,GendNone,Oral,,,s.|v. air.,
L002776,poepy,verb,Aireal,Transitive,false,,,,Oral,,CHECK_TRANSITIVITY,s.|v. air.,premiar
L002777,poguasu,adj,,,,,,,Oral,,,adj.,
L002778,poguasukue,noun,,,,,Uniform,GendNone,Oral,,,s.,
L002779,poguy,noun,,,,,Uniform,GendNone,Oral,,,s.,
L002780,poguyguy,verb,Aireal,Transitive,false,,,,Oral,,CHECK_TRANSITIVITY,v. air.,revisar
L002781,poguypegua,noun,,,,,Uniform,GendNone,Oral,,,s.,
L002782,poguyrõ,noun,,,,,Uniform,GendNone,Nasal,,,s.,
L002783,pohã,noun,,,,,Uniform,GendNone,Nasal,,,s.,
L002784,pohãjukaha,noun,,,,,Uniform,GendNone,Nasal,,CHECK_NASAL_COMPOUND,s.,
L002785,pohãkutu,noun,,,,,Uniform,GendNone,Nasal,,CHECK_NASAL_COMPOUND,s.,
L002786,pohãngy'u,noun,,,,,Uniform,GendNone,Nasal,,CHECK_NASAL_COMPOUND,s.,
L002787,pohãno,verb,Aireal,,false,,,,Nasal,,CHECK_TRANSITIVITY,v. air.,
L002788,pohanoha,noun,,,,,Uniform,GendNone,Oral,,,s.,
L002789,pohanohára,noun,,,,,Uniform,GendNone,Oral,,,s.,
L002790,pohe,adj,,,,,,,Oral,,,adj.,
L002791,pohéi,verb,Aireal,,false,,,,Oral,,CHECK_TRANSITIVITY,v. air.,
L002792,pohyira'ãha,noun,,,,,Uniform,GendNone,Nasal,,CHECK_NASAL_COMPOUND,neol.|s.,
L002793,poi,verb,Areal,Ambitransitive,false,,,,Oral,,CHECK_VERB_CLASS|CHECK_TRANSITIVITY|CHECK_AMBITRANSITIVE,v. pr.,aflojar
L002794,po'i,adj,,,,,,,Oral,,,adj.,
L002795,poipyre,adj,,,,,,,Oral,,,adj.,
L002796,pojái,verb,Chendal,Transitive,false,,,,Oral,,CHECK_TRANSITIVITY,v. atr.,agarrar
L002797,pojera,adj,,,,,,,Oral,,,adj.|s.,
L002797,pojera,noun,,,,,Uniform,GendNone,Oral,,,adj.|s.,
L002798,pojopy,adj,,,,,,,Oral,,,adj.|s.,
L002798,pojopy,noun,,,,,Uniform,GendNone,Oral,,,adj.|s.,
L002799,poka,verb,Aireal,Transitive,false,,,,Oral,,CHECK_TRANSITIVITY,v. air.,exprimir
L002800,pokã,adj,,,,,,,Nasal,,,adj.|v. atr.,
L002800,pokã,verb,Chendal,,false,,,,Nasal,,CHECK_TRANSITIVITY,adj.|v. atr.,
L002801,pokatu,noun,,,,,Uniform,GendNone,Oral,,,s.,
L002802,poko,verb,Areal,Ambitransitive,false,,,,Oral,,CHECK_VERB_CLASS|CHECK_TRANSITIVITY|CHECK_AMBITRANSITIVE,v. pr.,palpar
L002803,pokõi,adj,,,,,,,Nasal,,,neol.|adj.,
L002804,pokõiha,adj,,,,,,,Nasal,,CHECK_NASAL_COMPOUND,neol.|adj.,
L002805,pokõipa,adj,,,,,,,Nasal,,CHECK_NASAL_COMPOUND,neol.|adj.,
L002806,pokõisa,adj,,,,,,,Nasal,,CHECK_NASAL_COMPOUND,neol.|adj.,
L002807,pokoka,noun,,,,,Uniform,GendNone,Oral,,,s.,
L002808,pokovi,adj,,,,,,,Oral,,,adj.,
L002809,pokua,verb,Aireal,Transitive,false,,,,Oral,,CHECK_TRANSITIVITY,v. air.,maniatar
L002810,pokuaa,noun,,,,,Uniform,GendNone,Oral,,,s.,
L002811,costumbre,verb,Areal,,false,,,,Nasal,,CHECK_VERB_CLASS|CHECK_TRANSITIVITY,v. pr.,
L002812,pokuaha,noun,,,,,Uniform,GendNone,Oral,,,s.|v. pr.,
L002812,pokuaha,verb,Areal,Transitive,false,,,,Oral,,CHECK_VERB_CLASS|CHECK_TRANSITIVITY,s.|v. pr.,acostumbrar
L002813,pokyty,verb,Aireal,Transitive,false,,,,Oral,,CHECK_TRANSITIVITY,v. air.,frotar
L002814,pombéro,noun,,,,,Uniform,GendNone,Nasal,,,s.,
L002815,po'o,verb,Aireal,Transitive,false,,,,Oral,,CHECK_TRANSITIVITY,v. air.,arrancar
L002816,popa,adj,,,,,,,Oral,,,neol.|adj.,
L002817,popaje,noun,,,,,Uniform,GendNone,Oral,,,s.,
L002818,popegua,noun,,,,,Uniform,GendNone,Oral,,,s.,
L002819,popeno,adj,,,,,,,Oral,,,adj.,
L002820,popete,noun,,,,,Uniform,GendNone,Oral,,,s.,
L002821,popi,adj,,,,,,,Oral,,,adj.|v. air.,
L002821,popi,verb,Aireal,,false,,,,Oral,,CHECK_TRANSITIVITY,adj.|v. air.,
L002822,popĩa,noun,,,,,Uniform,GendNone,Nasal,,,s.,
L002823,popo,verb,Areal,Intransitive,false,,,,Oral,,CHECK_VERB_CLASS|CHECK_TRANSITIVITY,v. pr.,brincar
L002824,popyte,noun,,,,,Uniform,GendNone,Oral,,,s.,
L002825,porã,adj,,,,,,,Nasal,,,adj.,
L002826,póra,noun,,,,,Uniform,GendNone,Oral,,,s.,
L002827,porandu,noun,,,,,Uniform,GendNone,Nasal,,,s.,
L002828,porãngareko,noun,,,,,Uniform,GendNone,Nasal,,CHECK_NASAL_COMPOUND,s.,
L002829,porangue,noun,,,,,Uniform,GendNone,Nasal,,,s.,
L002830,porãnguereko,verb,Areal,Transitive,false,,,,Nasal,,CHECK_NASAL_COMPOUND|CHECK_VERB_CLASS|CHECK_TRANSITIVITY,v. pr.,recomendar
L002831,porãve,adj,,,,,,,Nasal,,,adj.,
L002832,poravo,noun,,,,,Uniform,GendNone,Oral,,,s.,
L002833,poravoha,noun,,,,,Uniform,GendNone,Oral,,,s.,
L002834,poravopyre,adj,,,,,,,Oral,,,adj.,
L002835,poreno,noun,,,,,Uniform,GendNone,Oral,,,s.,
L002836,poriahuvereko,noun,,,,,Uniform,GendNone,Oral,,,s.,
L002837,poriahuverekóva,adj,,,,,,,Oral,,,adj.,
L002838,poro'u,verb,Areal,Transitive,false,,,,Oral,,CHECK_VERB_CLASS|CHECK_TRANSITIVITY,v. pr.,estafar
L002839,poru,verb,Aireal,Ambitransitive,false,,,,Oral,,CHECK_TRANSITIVITY|CHECK_AMBITRANSITIVE,v. air.,emplear
L002840,poruha,noun,,,,,Uniform,GendNone,Oral,,,s.,
L002841,porundy,adj,,,,,,,Nasal,,,neol.|adj.,
L002842,porundyha,adj,,,,,,,Nasal,,,neol.|adj.,
L002843,porundypa,adj,,,,,,,Nasal,,,neol.|adj.,
L002844,poruvai,verb,Aireal,,false,,,,Oral,,CHECK_TRANSITIVITY,v. air.,
L002845,posa,adj,,,,,,,Oral,,,neol.|adj.,
L002846,pota,noun,,,,,Uniform,GendNone,Oral,,,s.|v. air.|v.,
L002846,pota,verb,Aireal,Transitive,false,,,,Oral,,CHECK_TRANSITIVITY,s.|v. air.|v.,anhelar
L002847,potaha,noun,,,,,Uniform,GendNone,Oral,,,s.,
L002848,potapyre,adj,,,,,,,Oral,,,adj.,
L002849,potave,verb,Aireal,Transitive,false,,,,Oral,,CHECK_TRANSITIVITY,v. air.,preferir
L002850,pota'ỹ,adj,,,,,,,Nasal,,,adj.,
L002851,pota'ỹme,adv,,,,,,,Nasal,,CHECK_NASAL_COMPOUND,adv.,
L002852,poteĩ,adj,,,,,,,Nasal,,,neol.|adj.,
L002853,poteĩha,adj,,,,,,,Nasal,,CHECK_NASAL_COMPOUND,neol.|adj.,
L002854,poteĩpa,adj,,,,,,,Nasal,,CHECK_NASAL_COMPOUND,neol.|adj.,
L002855,poti,noun,,,,,Uniform,GendNone,Oral,,,s.|v.,
L002855,poti,verb,Areal,Intransitive,false,,,,Oral,,CHECK_TRANSITIVITY,s.|v.,fallar
L002856,potĩ,adj,,,,,,,Nasal,,,adj.,
L002857,potingue,noun,,,,,Uniform,GendNone,Nasal,,,s.,
L002858,poty,noun,,,,,Uniform,GendNone,Oral,,,s.|v. atr.,
L002858,poty,verb,Chendal,Intransitive,false,,,,Oral,,CHECK_TRANSITIVITY,s.|v. atr.,florecer
L002859,potyjera,noun,,,,,Uniform,GendNone,Oral,,,s.|v. atr.,
L002859,potyjera,verb,Chendal,,false,,,,Oral,,CHECK_TRANSITIVITY,s.|v. atr.,
L002860,potykuru,noun,,,,,Uniform,GendNone,Oral,,,s.,
L002861,povã,verb,Aireal,Intransitive,false,,,,Nasal,,CHECK_TRANSITIVITY,v. air.,hilar
L002862,povãha,noun,,,,,Uniform,GendNone,Nasal,,,s.,
L002863,povyvy,verb,Aireal,Ambitransitive,false,,,,Oral,,CHECK_TRANSITIVITY|CHECK_AMBITRANSITIVE,v. air.,escudriñar
L002864,poyhu,noun,,,,,Uniform,GendNone,Oral,,,s.,
L002865,poivi,noun,,,,,Uniform,GendNone,Oral,,,s.,
L002866,pu,noun,,,,,Uniform,GendNone,Oral,,,s.|v. atr.,
L002866,pu,verb,Chendal,Ambitransitive,false,,,,Oral,,CHECK_TRANSITIVITY|CHECK_AMBITRANSITIVE,s.|v. atr.,estallar
L002867,pu'ã,adj,,,,,,,Nasal,,,adj.|s.,
L002867,pu'ã,noun,,,,,Uniform,GendNone,Nasal,,,adj.|s.,
L002868,pu'ae,noun,,,,,Uniform,GendNone,Oral,,,neol.|s.,
L002869,pu'aka,adj,,,,,,,Oral,,,adj.|s.,
L002869,pu'aka,noun,,,,,Uniform,GendNone,Oral,,,adj.|s.,
L002870,pu'akáva,adj,,,,,,,Oral,,,adj.,
L002871,puapy,noun,,,,,Uniform,GendNone,Oral,,,neol.|s.,
L002872,pujojáva,adj,,,,,,,Oral,,,neol.|adj.,
L002873,puka,noun,,,,,Uniform,GendNone,Oral,,,s.|v. pr.,
L002873,puka,verb,Areal,Intransitive,false,,,,Oral,,CHECK_VERB_CLASS|CHECK_TRANSITIVITY,s.|v. pr.,reír
L002874,pukarã,adj,,,,,,,Nasal,,,adj.,
L002875,pukavy,noun,,,,,Uniform,GendNone,Oral,,,s.|v.,
L002875,pukavy,verb,Areal,Intransitive,false,,,,Oral,,CHECK_TRANSITIVITY,s.|v.,sonreír
L002876,puku,adj,,,,,,,Oral,,,adj.|adv.,
L002876,puku,adv,,,,,,,Oral,,,adj.|adv.,
L002877,pukukue,noun,,,,,Uniform,GendNone,Oral,,,s.,
L002878,pumbyry,noun,,,,,Uniform,GendNone,Nasal,,,neol.|s.,
L002879,pundie,noun,,,,,Uniform,GendNone,Nasal,,,neol.|s.,
L002880,punga,noun,,,,,Uniform,GendNone,Nasal,,,s.,
L002881,pupu,noun,,,,,Uniform,GendNone,Oral,,,s.,
L002882,purahéi,noun,,,,,Uniform,GendNone,Oral,,,s.,
L002883,purahéiha,noun,,,,,Uniform,GendNone,Oral,,,s.,
L002884,puru,verb,Aireal,Transitive,false,,,,Oral,,CHECK_TRANSITIVITY,v. air.,usar
L002885,puru'a,adj,,,,,,,Oral,,,adj.|s.,
L002885,puru'a,noun,,,,,Uniform,GendNone,Oral,,,adj.|s.,
L002886,puru'ã,noun,,,,,Uniform,GendNone,Nasal,,,s.,
L002887,puruka,verb,Aireal,,false,,,,Oral,,CHECK_TRANSITIVITY,v. air.,
L002888,pururã,adj,,,,,,,Nasal,,,adj.,
L002889,pururũ,noun,,,,,Uniform,GendNone,Nasal,,,s.|v. pr.,
L002889,pururũ,verb,Areal,,false,,,,Nasal,,CHECK_VERB_CLASS|CHECK_TRANSITIVITY,s.|v. pr.,
L002890,puso,other,,,,,,,Oral,,,neol.,
L002891,puyvoty,noun,,,,,Uniform,GendNone,Oral,,,neol.|s.,
L002892,py,adj,,,,,,,Oral,,,adj.|s.,
L002892,py,noun,,,,,Uniform,GendNone,Oral,,,adj.|s.,
L002893,py'a,noun,,,,,Uniform,GendNone,Oral,,,s.,
L002894,pya'e,adj,,,,,,,Oral,,,adj.,
L002895,pyaguapy,adj,,,,,,,Oral,,,adj.|s.,
L002895,pyaguapy,noun,,,,,Uniform,GendNone,Oral,,,adj.|s.,
L002896,py'aguasu,adj,,,,,,,Oral,,,adj.,
L002897,intrépido,noun,,,,,Uniform,GendNone,Nasal,,,s.,
L002898,pyaha,noun,,,,,Uniform,GendNone,Oral,,,s.|v. air.,
L002898,pyaha,verb,Aireal,Transitive,false,,,,Oral,,CHECK_TRANSITIVITY,s.|v. air.,componer
L002899,pyahái,noun,,,,,Uniform,GendNone,Oral,,,s.,
L002900,py'ahatã,adj,,,,,,,Nasal,,,adj.,
L002901,pyahẽ,noun,,,,,Uniform,GendNone,Nasal,,,s.,
L002902,pyaho,noun,,,,,Uniform,GendNone,Oral,,,s.,
L002903,anhelo,verb,Chendal,,false,,,,Oral,,CHECK_TRANSITIVITY,v. atr.,
L002904,pyahu,adj,,,,,,,Oral,,,adj.,
L002905,py'ajére,noun,,,,,Uniform,GendNone,Oral,,,s.,
L002906,py'ajoko,noun,,,,,Uniform,GendNone,Oral,,,s.,
L002907,py'amano,noun,,,,,Uniform,GendNone,Oral,,,s.,
L002908,vahído,verb,Chendal,,false,,,,Oral,,CHECK_TRANSITIVITY,v. atr.,
L002909,py'amirĩ,adj,,,,,,,Nasal,,,adj.|s.,
L002909,py'amirĩ,noun,,,,,Uniform,GendNone,Nasal,,,adj.|s.,
L002910,Cobardía,verb,Chendal,,false,,,,Oral,,CHECK_TRANSITIVITY,v. atr.,
L002911,py'amonmgeta,noun,,,,,Uniform,GendNone,Oral,,,s.,
L002912,meditación,verb,Chendal,,false,,,,Oral,,CHECK_TRANSITIVITY,v. atr.,
L002913,py'anandi,verb,Chendal,,false,,,,Nasal,,CHECK_TRANSITIVITY,v. atr.,
L002914,pyandu,noun,,,,,Uniform,GendNone,Nasal,,,s.,
L002915,pyangekõi,adj,,,,,,,Nasal,,,adj.|s.,
L002915,pyangekõi,noun,,,,,Uniform,GendNone,Nasal,,,adj.|s.,
L002916,py'añemongeta,noun,,,,,Uniform,GendNone,Nasal,,CHECK_NASAL_COMPOUND,s.,
L002917,py'añopu,verb,Chendal,,false,,,,Nasal,,CHECK_NASAL_COMPOUND|CHECK_TRANSITIVITY,v. atr.,
L002918,pyao,noun,,,,,Uniform,GendNone,Oral,,,neol.|s.,
L002919,py'aporã,noun,,,,,Uniform,GendNone,Nasal,,,s.,
L002920,py'apotĩ,adj,,,,,,,Nasal,,,adj.,
L002921,py'apy,noun,,,,,Uniform,GendNone,Oral,,,s.,
L002922,py'ara'ã,noun,,,,,Uniform,GendNone,Nasal,,,s.,
L002923,py'araku,noun,,,,,Uniform,GendNone,Oral,,,s.,
L002924,py'arasy,noun,,,,,Uniform,GendNone,Oral,,,s.,
L002925,py'aro,adj,,,,,,,Oral,,,adj.,
L002926,py'arory,noun,,,,,Uniform,GendNone,Oral,,,s.,
L002927,py'asangue,noun,,,,,Uniform,GendNone,Nasal,,,s.,
L002928,py'atarova,adj,,,,,,,Oral,,,adj.|s.,
L002928,py'atarova,noun,,,,,Uniform,GendNone,Oral,,,adj.|s.,
L002929,py'atĩ,noun,,,,,Uniform,GendNone,Nasal,,,s.,
L002930,pyáu,adj,,,,,,,Oral,,,adj.|s.,
L002930,pyáu,noun,,,,,Uniform,GendNone,Oral,,,adj.|s.,
L002931,py'avai,noun,,,,,Uniform,GendNone,Oral,,,s.,
L002932,pyguasu,adj,,,,,,,Oral,,,adj.,
L002933,pyhare,adj,,,,,,,Oral,,,adj.|s.,
L002933,pyhare,noun,,,,,Uniform,GendNone,Oral,,,adj.|s.,
L002934,pyharegua,adj,,,,,,,Oral,,,adj.,
L002935,pyharekue,adv,,,,,,,Oral,,,adv.,
L002936,pyharepyte,noun,,,,,Uniform,GendNone,Oral,,,s.,
L002937,pyhéi,noun,,,,,Uniform,GendNone,Oral,,,s.,
L002938,pyho,noun,,,,,Uniform,GendNone,Oral,,,s.,
L002939,pyhy,verb,Aireal,Transitive,false,,,,Oral,,CHECK_TRANSITIVITY,v. air.,agarrar
L002940,pyhyha,adj,,,,,,,Oral,,,adj.|s.,
L002940,pyhyha,noun,,,,,Uniform,GendNone,Oral,,,adj.|s.,
L002941,pyhypyre,adj,,,,,,,Oral,,,adj.,
L002942,py'i,adj,,,,,,,Oral,,,adj.,
L002943,pykasu,noun,,,,,Uniform,GendNone,Oral,,,s.,
L002944,pyko'ẽ,adj,,,,,,,Nasal,,,adj.,
L002945,pykúi,verb,Aireal,Ambitransitive,false,,,,Oral,,CHECK_TRANSITIVITY|CHECK_AMBITRANSITIVE,v. air.,andar
L002946,pynandi,adj,,,,,,,Nasal,,,adj.,
L002947,pyno,noun,,,,,Uniform,GendNone,Oral,,,s.,
L002948,pype,adv,,,,,,,Oral,,,adv.,
L002949,pype,verb,Areal,,false,,,,Oral,,CHECK_TRANSITIVITY,p. n.|v.,
L002950,pypegua,adj,,,,,,,Oral,,,adj.,
L002951,pypo,adj,,,,,,,Oral,,,adj.,
L002952,pypore,noun,,,,,Uniform,GendNone,Oral,,,s.,
L002953,pypyte,noun,,,,,Uniform,GendNone,Oral,,,s.,
L002954,pyrague,noun,,,,,Uniform,GendNone,Oral,,,s.,
L002955,pyratĩ,noun,,,,,Uniform,GendNone,Nasal,,,s.,
L002956,pyru,verb,Aireal,Transitive,false,,,,Oral,,CHECK_TRANSITIVITY,v. air.,permutar
L002957,pyrũ,noun,,,,,Uniform,GendNone,Nasal,,,s.|v. pr.,
L002957,pyrũ,verb,Areal,Ambitransitive,false,,,,Nasal,,CHECK_VERB_CLASS|CHECK_TRANSITIVITY|CHECK_AMBITRANSITIVE,s.|v. pr.,patalear
L002958,pyruru,noun,,,,,Uniform,GendNone,Oral,,,s.,
L002959,pysã,noun,,,,,Uniform,GendNone,Nasal,,,s.,
L002960,pysãpe,noun,,,,,Uniform,GendNone,Nasal,,,s.,
L002961,pyso,adj,,,,,,,Oral,,,adj.|v. air.,
L002961,pyso,verb,Aireal,Transitive,false,,,,Oral,,CHECK_TRANSITIVITY,adj.|v. air.,ampliar
L002962,pysyrõ,noun,,,,,Uniform,GendNone,Nasal,,,s.|v.,
L002962,pysyrõ,verb,Areal,Transitive,false,,,,Nasal,,CHECK_TRANSITIVITY,s.|v.,defender
L002963,pysyry,noun,,,,,Uniform,GendNone,Oral,,,s.|v. atr.,
L002963,pysyry,verb,Chendal,Intransitive,false,,,,Oral,,CHECK_TRANSITIVITY,s.|v. atr.,deslizarse
L002964,pysyrỹi,verb,Chendal,,false,,,,Nasal,,CHECK_TRANSITIVITY,v. atr.,
L002965,pyta,noun,,,,,Uniform,GendNone,Oral,,,s.,
L002966,permanencia,verb,Areal,,false,,,,Oral,,CHECK_VERB_CLASS|CHECK_TRANSITIVITY,v. pr.,
L002967,pytã,adj,,,,,,,Nasal,,,adj.,
L002968,pytagua,adj,,,,,,,Oral,,,adj.,
L002969,pytaha,noun,,,,,Uniform,GendNone,Oral,,,s.,
L002970,pytãngy,adj,,,,,,,Nasal,,CHECK_NASAL_COMPOUND,adj.,
L002971,pytãrovy,adj,,,,,,,Nasal,,CHECK_NASAL_COMPOUND,adj.,
L002972,pytasã,noun,,,,,Uniform,GendNone,Nasal,,,s.,
L002973,pytasãngue,noun,,,,,Uniform,GendNone,Nasal,,CHECK_NASAL_COMPOUND,s.,
L002974,pytaso,verb,Chendal,Transitive,false,,,,Oral,,CHECK_TRANSITIVITY,v. atr.,aguantar
L002975,pytaũ,adj,,,,,,,Nasal,,,adj.,
L002976,pytã'yju,other,,,,,,,Nasal,,CHECK_NASAL_COMPOUND,neol.,
L002977,pyte,verb,Aireal,Transitive,false,,,,Oral,,CHECK_TRANSITIVITY,v. air.,absorber
L002978,pyteha,noun,,,,,Uniform,GendNone,Oral,,,s.,
L002979,pyti'a,noun,,,,,Uniform,GendNone,Oral,,,s.,
L002980,pyti'u,noun,,,,,Uniform,GendNone,Oral,,,s.,
L002981,pytu,noun,,,,,Uniform,GendNone,Oral,,,s.,
L002982,pytũ,adj,,,,,,,Nasal,,,adj.|neol.,
L002983,pytuhẽ,noun,,,,,Uniform,GendNone,Nasal,,,s.|neol.,
L002984,pytũhápe,adj,,,,,,,Nasal,,CHECK_NASAL_COMPOUND,adj.,
L002985,pytuho,noun,,,,,Uniform,GendNone,Oral,,,s.|v. atr.,
L002985,pytuho,verb,Chendal,,false,,,,Oral,,CHECK_TRANSITIVITY,s.|v. atr.,
L002986,pytujoko,verb,Aireal,Transitive,false,,,,Oral,,CHECK_TRANSITIVITY,v. air.,sofocar
L002987,pytũmby,noun,,,,,Uniform,GendNone,Nasal,,CHECK_NASAL_COMPOUND,s.,
L002988,pytu'u,noun,,,,,Uniform,GendNone,Oral,,,s.|v. pr.,
L002988,pytu'u,verb,Areal,Intransitive,false,,,,Oral,,CHECK_VERB_CLASS|CHECK_TRANSITIVITY,s.|v. pr.,descansar
L002989,pyty,verb,Chendal,,false,,,,Oral,,CHECK_TRANSITIVITY,v. atr.,
L002990,pytyvõ,noun,,,,,Uniform,GendNone,Nasal,,,s.|v. air.,
L002990,pytyvõ,verb,Aireal,Ambitransitive,false,,,,Nasal,,CHECK_TRANSITIVITY|CHECK_AMBITRANSITIVE,s.|v. air.,apoyar
L002991,pyvoi,noun,,,,,Uniform,GendNone,Oral,,,s.,
L002992,pyvu,verb,Aireal,Transitive,false,,,,Oral,,CHECK_TRANSITIVITY,v. air.,batir
L002993,py'ỹi,adv,,,,,,,Nasal,,,adv.,
L002994,rã,suf,,,,,,,Nasal,,,suf. a. n.,
L002995,ra'a,noun,,,,,Uniform,GendNone,Oral,,,s.,
L002996,raẽ,adj,,,,,,,Nasal,,,adj.|adv.,
L002996,raẽ,adv,,,,,,,Nasal,,,adj.|adv.,
L002997,previamente,verb,Chendal,,false,,,,Nasal,,CHECK_TRANSITIVITY,v. atr.,
L002998,ra'e,adv,,,,,,,Oral,,,adv.,
L002999,raẽgua,adj,,,,,,,Nasal,,,adj.,
L003000,ra'eve,adj,,,,,,,Oral,,,t.|adj.,
L003001,ragẽ,noun,,,,,Triform,GendNone,Nasal,,,t.|s.|v. atr.,
L003001,ragẽ,verb,Chendal,,false,,,,Nasal,,CHECK_TRANSITIVITY,t.|s.|v. atr.,
L003002,rague,noun,,,,,Triform,GendNone,Oral,,,t.|s.,
L003003,raguino,noun,,,,,Triform,GendNone,Oral,,,t.|s.|v. atr.,
L003003,raguino,verb,Chendal,,false,,,,Oral,,CHECK_TRANSITIVITY,t.|s.|v. atr.,
L003004,raha,verb,Areal,Transitive,false,,,,Oral,,CHECK_VERB_CLASS|CHECK_TRANSITIVITY,v. pr.,llevar
L003005,rahaha,noun,,,,,Uniform,GendNone,Oral,,,s.,
L003006,rahuaka,verb,Areal,,false,,,,Oral,,CHECK_VERB_CLASS|CHECK_TRANSITIVITY,v. pr.,
L003007,rãi,noun,,,,,Triform,GendNone,Nasal,,,t.|s.|v. atr.,
L003007,rãi,verb,Chendal,,false,,,,Nasal,,CHECK_TRANSITIVITY,t.|s.|v. atr.,
L003008,raimbe,adj,,,,,,,Nasal,,,t.|adj.,
L003009,rãimbíra,adj,,,,,,,Nasal,,,t.|adj.,
L003010,rairõ,noun,,,,,Uniform,GendNone,Nasal,,,s.|v. pr.,
L003010,rairõ,verb,Areal,Transitive,false,,,,Nasal,,CHECK_VERB_CLASS|CHECK_TRANSITIVITY,s.|v. pr.,agredir
L003011,rairõhápe,adv,,,,,,,Nasal,,CHECK_NASAL_COMPOUND,adv.,
L003012,rairõ'ỹ,adj,,,,,,,Nasal,,CHECK_NASAL_COMPOUND,adj.,
L003013,raity,noun,,,,,Triform,GendNone,Oral,,,t.|s.,
L003014,rajy,noun,,,,,Uniform,GendNone,Oral,,,s.,
L003015,rakã,noun,,,,,Triform,GendNone,Nasal,,,t.|s.,
L003016,raka'e,adv,,,,,,,Oral,,,adv.,
L003017,rako,noun,,,,,Triform,GendNone,Oral,,,t.|s.,
L003018,rakykuerigua,adj,,,,,,,Oral,,,t.|adj.,
L003019,rambeypy,noun,,,,,Triform,GendNone,Nasal,,,t.|s.,
L003020,rambi,verb,Areal,,false,,,,Nasal,,CHECK_VERB_CLASS|CHECK_TRANSITIVITY,v. pr.,
L003021,rambosa,noun,,,,,Uniform,GendNone,Nasal,,,h.|s.|v. pr.,
L003021,rambosa,verb,Areal,Intransitive,false,,,,Nasal,,CHECK_VERB_CLASS|CHECK_TRANSITIVITY,h.|s.|v. pr.,almorzar
L003022,ramo,adv,,,,,,,Oral,,,adv.,
L003023,ramogua,adj,,,,,,,Oral,,,adj.,
L003024,ramói,noun,,,,,Triform,GendNone,Oral,,,t.|s.,
L003025,rangue,adj,,,,,,,Nasal,,,adj.,
L003026,rañykã,noun,,,,,Triform,GendNone,Nasal,,,t.|s.,
L003027,rañykãguyruru,noun,,,,,Triform,GendNone,Nasal,,,t.|s.,
L003028,ra'o,adj,,,,,,,Oral,,,t.|adj.,
L003029,rapére,adv,,,,,,,Oral,,,t.|adv.,
L003030,rapicha,noun,,,,,Triform,GendNone,Oral,,,t.|s.,
L003031,rapo,noun,,,,,Triform,GendNone,Oral,,,t.|s.|v. atr.,
L003031,rapo,verb,Chendal,,false,,,,Oral,,CHECK_TRANSITIVITY,t.|s.|v. atr.,
L003032,rapykue,noun,,,,,Triform,GendNone,Oral,,,t.|s.,
L003033,rapykuépe,other,,,,,,,Oral,,,t.,
L003034,rapykuere,noun,,,,,Triform,GendNone,Oral,,,t.|s.,
L003035,rapykuére,other,,,,,,,Oral,,,t.,
L003036,rapykuéri,other,,,,,,,Oral,,,t.,
L003037,rapykuerigua,noun,,,,,Triform,GendNone,Oral,,,t.|s.,
L003038,rapykuévo,adv,,,,,,,Oral,,,t.|adv.,
L003039,rari,adj,,,,,,,Oral,,,adj.,
L003040,rasa,adv,,,,,,,Oral,,,adv.,
L003041,rasẽ,adj,,,,,,,Nasal,,,t.|adj.|s.|v. atr.,
L003041,rasẽ,noun,,,,,Triform,GendNone,Nasal,,,t.|adj.|s.|v. atr.,
L003041,rasẽ,verb,Chendal,Intransitive,false,,,,Nasal,,CHECK_TRANSITIVITY,t.|adj.|s.|v. atr.,llorar
L003042,rasẽngy,adj,,,,,,,Nasal,,CHECK_NASAL_COMPOUND,t.|adj.|v. atr.,
L003042,rasẽngy,verb,Chendal,,false,,,,Nasal,,CHECK_NASAL_COMPOUND|CHECK_TRANSITIVITY,t.|adj.|v. atr.,
L003043,raso,noun,,,,,Triform,GendNone,Oral,,,t.|s.|v. atr.,
L003043,raso,verb,Chendal,,false,,,,Oral,,CHECK_TRANSITIVITY,t.|s.|v. atr.,
L003044,rasy,adj,,,,,,,Oral,,,t.|adj.|s.|v. atr.,
L003044,rasy,noun,,,,,Triform,GendNone,Oral,,,t.|adj.|s.|v. atr.,
L003044,rasy,verb,Chendal,Ambitransitive,false,,,,Oral,,CHECK_TRANSITIVITY|CHECK_AMBITRANSITIVE,t.|adj.|s.|v. atr.,sentir
L003045,rata,noun,,,,,Triform,GendNone,Oral,,,t.|s.,
L003046,rataindy,verb,Areal,Intransitive,false,,,,Nasal,,CHECK_TRANSITIVITY,t.|v.,arder
L003047,ratĩ,noun,,,,,Triform,GendNone,Nasal,,,t.|s.,
L003048,ratypykua,noun,,,,,Triform,GendNone,Oral,,,t.|s.,
L003049,ravẽ,noun,,,,,Triform,GendNone,Nasal,,,t.|s.|v. atr.,
L003049,ravẽ,verb,Chendal,,false,,,,Nasal,,CHECK_TRANSITIVITY,t.|s.|v. atr.,
L003050,ravel,noun,,,,,Uniform,GendNone,Oral,,,h.|s.,
L003051,ravichãi,adj,,,,,,,Nasal,,,t.|adj.,
L003052,raviju,adj,,,,,,,Oral,,,t.|adj.,
L003053,ravira,verb,Areal,Transitive,false,,,,Oral,,CHECK_TRANSITIVITY,t.|v.,reprochar
L003054,raviru,adj,,,,,,,Oral,,,t.|adj.,
L003055,ra'y,adj,,,,,,,Oral,,,adj.|s.,
L003055,ra'y,noun,,,,,Uniform,GendNone,Oral,,,adj.|s.,
L003056,ra'yanga,noun,,,,,Uniform,GendNone,Nasal,,,s.,
L003057,rayhu,verb,Areal,,false,,,,Oral,,CHECK_TRANSITIVITY,t.|v.,
L003058,rayhupára,noun,,,,,Triform,GendNone,Oral,,,t.|s.,
L003059,rayhu'ỹ,adj,,,,,,,Nasal,,,t.|adj.,
L003060,ra'ỹi,noun,,,,,Triform,GendNone,Nasal,,,t.|s.,
L003061,ra'ỹingue,noun,,,,,Triform,GendNone,Nasal,,CHECK_NASAL_COMPOUND,t.|s.,
L003062,ra'ykue,noun,,,,,Triform,GendNone,Oral,,,t.|s.,
L003063,ra'ymi,adj,,,,,,,Oral,,,t.|adj.,
L003064,ra'yranga,noun,,,,,Uniform,GendNone,Nasal,,,s.,
L003065,re,other,,,,,,,Oral,,,p. n.,
L003066,per,suf,,,,,,,Oral,,,suf. a. n.,
L003067,re'a,verb,Areal,,false,,,,Oral,,CHECK_TRANSITIVITY,v.,
L003068,rechapy,noun,,,,,Triform,GendNone,Oral,,,t.|s.,
L003069,rechaserei,noun,,,,,Uniform,GendNone,Oral,,,s.,
L003070,rehegua,other,,,,,,,Oral,,,p. n.,
L003071,reheve,other,,,,,,,Oral,,,p. n.,
L003072,rei,adj,,,,,,,Oral,,,adj.|adv.,
L003072,rei,adv,,,,,,,Oral,,,adj.|adv.,
L003073,reihápe,adv,,,,,,,Oral,,,adv.,
L003074,rehe'ỹ,other,,,,,,,Nasal,,,p. n.,
L003075,reike,noun,,,,,Uniform,GendNone,Oral,,,s.,
L003076,reína,adv,,,,,,,Oral,,,adv.,
L003077,reindy,noun,,,,,Triform,GendNone,Nasal,,,t.|s.,
L003078,reka,noun,,,,,Triform,GendNone,Oral,,,t.|s.,
L003079,reko,noun,,,,,Triform,GendNone,Oral,,,t.|s.,
L003080,rekoavy,noun,,,,,Triform,GendNone,Oral,,,t.|s.,
L003081,rekombyai,verb,Areal,,false,,,,Nasal,,CHECK_VERB_CLASS|CHECK_TRANSITIVITY,v. pr.,
L003082,rekorã,noun,,,,,Triform,GendNone,Nasal,,,t.|s.,
L003083,rekose,verb,Areal,Transitive,false,,,,Oral,,CHECK_VERB_CLASS|CHECK_TRANSITIVITY,v. pr.,pretender
L003084,rekotee,noun,,,,,Triform,GendNone,Oral,,,t.|s.,
L003085,rekove,verb,Areal,,false,,,,Oral,,CHECK_VERB_CLASS|CHECK_TRANSITIVITY,v. pr.,
L003086,rekovia,adj,,,,,,,Oral,,,t.|adj.|p. n.,
L003087,rembe,noun,,,,,Triform,GendNone,Nasal,,,t.|s.,
L003088,rembe'y,noun,,,,,Triform,GendNone,Nasal,,,t.|s.,
L003089,rembiasakue,noun,,,,,Triform,GendNone,Nasal,,,t.|s.,
L003090,rembiayhu,noun,,,,,Triform,GendNone,Nasal,,,t.|s.,
L003091,rembipota,noun,,,,,Triform,GendNone,Nasal,,,t.|s.,
L003092,rembireko,noun,,,,,Triform,GendNone,Nasal,,,t.|s.,
L003093,rembi'u,noun,,,,,Triform,GendNone,Nasal,,,t.|s.,
L003094,remby,verb,Areal,Intransitive,false,,,,Nasal,,CHECK_TRANSITIVITY,t.|v.,redundar
L003095,remiandu,noun,,,,,Triform,GendNone,Nasal,,,t.|s.,
L003096,remiarirõ,noun,,,,,Triform,GendNone,Nasal,,,t.|s.,
L003097,remime'ẽ,noun,,,,,Triform,GendNone,Nasal,,,t.|s.,
L003098,remitỹngue,noun,,,,,Triform,GendNone,Nasal,,CHECK_NASAL_COMPOUND,t.|s.,
L003099,remói,noun,,,,,Triform,GendNone,Oral,,,t.|s.|v. atr.,
L003099,remói,verb,Chendal,,false,,,,Oral,,CHECK_TRANSITIVITY,t.|s.|v. atr.,
L003100,renda'ỹ,adj,,,,,,,Nasal,,,t.|adj.,
L003101,rendu,verb,Areal,Transitive,false,,,,Nasal,,CHECK_TRANSITIVITY,t.|v.,entender
L003102,rendy,adj,,,,,,,Nasal,,,t.|adj.,
L003103,renonde,noun,,,,,Triform,GendNone,Nasal,,,t.|s.,
L003104,renondépe,other,,,,,,,Nasal,,,t.,
L003105,renyhẽ,noun,,,,,Triform,GendNone,Nasal,,,t.|s.,
L003106,renypy'ã,other,,,,,,,Nasal,,,t.,
L003107,reñói,noun,,,,,Triform,GendNone,Nasal,,,t.|s.,
L003108,repy,noun,,,,,Triform,GendNone,Oral,,,t.|s.,
L003109,réra,noun,,,,,Triform,GendNone,Oral,,,t.|s.|v. atr.,
L003109,réra,verb,Chendal,,false,,,,Oral,,CHECK_TRANSITIVITY,t.|s.|v. atr.,
L003110,reraguapy,verb,Areal,,false,,,,Oral,,CHECK_TRANSITIVITY,neol.|v.,
L003111,rerakuãva,adj,,,,,,,Nasal,,CHECK_NASAL_COMPOUND,t.|adj.,
L003112,rerovaha,adj,,,,,,,Oral,,,adj.,
L003113,reruha,adj,,,,,,,Oral,,,adj.,
L003114,reruka,verb,Areal,Transitive,false,,,,Oral,,CHECK_VERB_CLASS|CHECK_TRANSITIVITY,v. pr.,remitir
L003115,rerupyre,adj,,,,,,,Oral,,,adj.,
L003116,resa,noun,,,,,Triform,GendNone,Oral,,,t.|s.,
L003117,resa'ãme,other,,,,,,,Nasal,,CHECK_NASAL_COMPOUND,t.,
L003118,resaho,verb,Areal,,false,,,,Oral,,CHECK_TRANSITIVITY,t.|v.,
L003119,resãi,adj,,,,,,,Nasal,,,t.|adj.|v. atr.,
L003119,resãi,verb,Chendal,,false,,,,Nasal,,CHECK_TRANSITIVITY,t.|adj.|v. atr.,
L003120,resake,adj,,,,,,,Oral,,,t.|adj.|s.,
L003120,resake,noun,,,,,Triform,GendNone,Oral,,,t.|adj.|s.,
L003121,resakuaguyry,noun,,,,,Triform,GendNone,Oral,,,t.|s.|v.,
L003121,resakuaguyry,verb,Areal,,false,,,,Oral,,CHECK_TRANSITIVITY,t.|s.|v.,
L003122,resapirĩ,noun,,,,,Triform,GendNone,Nasal,,,t.|s.,
L003123,resarái,verb,Areal,,false,,,,Oral,,CHECK_TRANSITIVITY,t.|v.,
L003124,resatĩ,adj,,,,,,,Nasal,,,t.|adj.,
L003125,resatũ,adj,,,,,,,Nasal,,,t.|adj.,
L003126,resavã,adj,,,,,,,Nasal,,,t.|adj.,
L003127,resavi,adj,,,,,,,Oral,,,t.|adj.|v. atr.,
L003127,resavi,verb,Chendal,Intransitive,false,,,,Oral,,CHECK_TRANSITIVITY,t.|adj.|v. atr.,pestañear
L003128,resa'yju,adj,,,,,,,Oral,,,t.|adj.,
L003129,resaysyry,verb,Areal,,false,,,,Oral,,CHECK_TRANSITIVITY,t.|v.,
L003130,reta,adj,,,,,,,Oral,,,t.|adj.|s.,
L003130,reta,noun,,,,,Triform,GendNone,Oral,,,t.|adj.|s.,
L003131,rete,noun,,,,,Triform,GendNone,Oral,,,t.|s.,
L003132,retia'e,adj,,,,,,,Oral,,,t.|adj.,
L003133,humor,noun,,,,,Uniform,GendNone,Oral,,,s.,
L003134,retyma,noun,,,,,Triform,GendNone,Oral,,,t.|s.,
L003135,reyta,verb,Areal,,false,,,,Oral,,CHECK_TRANSITIVITY,v.,
L003136,ri,suf,,,,,,,Oral,,,p. n.|suf. a. v.,
L003136,ri,verb,Areal,,false,,,,Oral,,CHECK_TRANSITIVITY,p. n.|suf. a. v.,
L003137,rire,adv,,,,,,,Oral,,,adv.|p. n.,
L003138,reiregua,adj,,,,,,,Oral,,,adj.,
L003139,riremi,adv,,,,,,,Oral,,,adv.,
L003140,ro,adj,,,,,,,Oral,,,adj.|s.|pron.,
L003140,ro,noun,,,,,Uniform,GendNone,Oral,,,adj.|s.|pron.,
L003140,ro,pron,,,,,,,Oral,,,adj.|s.|pron.,
L003141,a,verb,Areal,,false,,,,Oral,,CHECK_TRANSITIVITY,v.,
L003142,ro'a,verb,Areal,,false,,,,Oral,,CHECK_TRANSITIVITY,v.,
L003143,ro'e,verb,Irregular,,true,Irreg_E,,,Oral,,CONJUGATED_FORM_OF_E_1pl_excl,v.,
L003144,roguahẽ,verb,Areal,Transitive,false,,,,Nasal,,CHECK_VERB_CLASS|CHECK_TRANSITIVITY,v. pr.,recibir
L003145,roguata,verb,Areal,Transitive,false,,,,Oral,,CHECK_VERB_CLASS|CHECK_TRANSITIVITY,v. pr.,pasear
L003146,rogue,noun,,,,,Triform,GendNone,Oral,,,t.|s.,
L003147,rohasẽ,verb,Areal,Transitive,false,,,,Nasal,,CHECK_VERB_CLASS|CHECK_TRANSITIVITY,v. pr.,lamentar
L003148,rohory,verb,Areal,Transitive,false,,,,Oral,,CHECK_VERB_CLASS|CHECK_TRANSITIVITY,v. pr.,agasajar
L003149,roína,adv,,,,,,,Oral,,,adv.,
L003150,roja,verb,Areal,Transitive,false,,,,Oral,,CHECK_VERB_CLASS|CHECK_TRANSITIVITY,v. pr.,acarrear
L003151,rojahe'o,verb,Areal,Transitive,false,,,,Oral,,CHECK_VERB_CLASS|CHECK_TRANSITIVITY,v. pr.,lamentar
L003152,rojere,verb,Areal,,false,,,,Oral,,CHECK_VERB_CLASS|CHECK_TRANSITIVITY,v. pr.,
L003153,rojevy,verb,Areal,Ambitransitive,false,,,,Oral,,CHECK_VERB_CLASS|CHECK_TRANSITIVITY|CHECK_AMBITRANSITIVE,v. pr.,recuperar
L003154,rojopói,verb,Areal,,false,,,,Oral,,CHECK_VERB_CLASS|CHECK_TRANSITIVITY,v. pr.,
L003155,roju,verb,Irregular,,true,Irreg_Ju,,,Oral,,CONJUGATED_FORM_OF_Ju_1pl_excl,v.,
L003156,rojy,verb,Areal,Intransitive,false,,,,Oral,,CHECK_VERB_CLASS|CHECK_TRANSITIVITY,v. pr.,bajar
L003157,rokái,noun,,,,,Triform,GendNone,Oral,,,t.|s.|neol.,
L003158,rokañy,verb,Areal,,false,,,,Nasal,,CHECK_VERB_CLASS|CHECK_TRANSITIVITY,v. pr.,
L003159,rokirirĩ,verb,Areal,Transitive,false,,,,Nasal,,CHECK_VERB_CLASS|CHECK_TRANSITIVITY,v. pr.,callar
L003160,romandu'a,verb,Areal,Transitive,false,,,,Nasal,,CHECK_VERB_CLASS|CHECK_TRANSITIVITY,v. pr.,mencionar
L003161,rombyasy,verb,Areal,Transitive,false,,,,Nasal,,CHECK_VERB_CLASS|CHECK_TRANSITIVITY,v. pr.,lamentar
L003162,ropáy,verb,Areal,,false,,,,Oral,,CHECK_VERB_CLASS|CHECK_TRANSITIVITY,v. pr.,
L003163,ropeju,adj,,,,,,,Oral,,,t.|adj.,
L003164,ropeky,noun,,,,,Triform,GendNone,Oral,,,t.|s.,
L003165,ropepi,other,,,,,,,Oral,,,t.,
L003166,ropevy,verb,Areal,Intransitive,false,,,,Oral,,CHECK_TRANSITIVITY,t.|v.,dormitar
L003167,ropipi,verb,Areal,,false,,,,Oral,,CHECK_VERB_CLASS|CHECK_TRANSITIVITY,v. pr.,
L003168,ropojái,verb,Areal,Transitive,false,,,,Oral,,CHECK_VERB_CLASS|CHECK_TRANSITIVITY,v. pr.,alargar
L003169,ropu'ã,verb,Areal,Transitive,false,,,,Nasal,,CHECK_TRANSITIVITY,v.,levantar
L003170,ropurahéi,verb,Areal,,false,,,,Oral,,CHECK_VERB_CLASS|CHECK_TRANSITIVITY,v. pr.,
L003171,ropyta,noun,,,,,Triform,GendNone,Oral,,,t.|s.,
L003172,rora,noun,,,,,Uniform,GendNone,Oral,,,s.,
L003173,rory,noun,,,,,Triform,GendNone,Oral,,,t.|s.,
L003174,rosapukái,verb,Areal,Transitive,false,,,,Oral,,CHECK_VERB_CLASS|CHECK_TRANSITIVITY,v. pr.,propalar
L003175,rova,verb,Areal,Transitive,false,,,,Oral,,CHECK_VERB_CLASS|CHECK_TRANSITIVITY,v. pr.,acarrear
L003176,rova'api,noun,,,,,Triform,GendNone,Oral,,,t.|s.,
L003177,rova'atã,adj,,,,,,,Nasal,,,t.|adj.,
L003178,rovái,other,,,,,,,Oral,,,t.,
L003179,rovamokõi,adj,,,,,,,Nasal,,,t.|adj.|v. atr.,
L003179,rovamokõi,verb,Chendal,,false,,,,Nasal,,CHECK_TRANSITIVITY,t.|adj.|v. atr.,
L003180,rovapete,adj,,,,,,,Oral,,,t.|adj.,
L003181,rovapuku,adj,,,,,,,Oral,,,t.|adj.,
L003182,rovasy,adj,,,,,,,Oral,,,t.|adj.,
L003183,rovia,verb,Areal,Ambitransitive,false,,,,Oral,,CHECK_VERB_CLASS|CHECK_TRANSITIVITY|CHECK_AMBITRANSITIVE,v. pr.,confiar
L003184,roviru,adj,,,,,,,Oral,,,adj.,
L003185,rovy,adj,,,,,,,Oral,,,t.|adj.,
L003186,rovyũ,adj,,,,,,,Nasal,,,t.|adj.,
L003187,ro'y,adj,,,,,,,Oral,,,adj.|s.,
L003187,ro'y,noun,,,,,Uniform,GendNone,Oral,,,adj.|s.,
L003188,edad,verb,Chendal,,false,,,,Oral,,CHECK_TRANSITIVITY,v. atr.,
L003189,royrõ,noun,,,,,Uniform,GendNone,Nasal,,,s.|v. pr.,
L003189,royrõ,verb,Areal,Transitive,false,,,,Nasal,,CHECK_VERB_CLASS|CHECK_TRANSITIVITY,s.|v. pr.,despreciar
L003190,ro'yrypy'a,noun,,,,,Uniform,GendNone,Oral,,,s.|v. atr.,
L003190,ro'yrypy'a,verb,Chendal,,false,,,,Oral,,CHECK_TRANSITIVITY,s.|v. atr.,
L003191,ro'ysã,noun,,,,,Triform,GendNone,Nasal,,,t.|s.,
L003192,ru,noun,,,,,Uniform,GendNone,Oral,,,s.|v. pr.,
L003192,ru,verb,Areal,Transitive,false,,,,Oral,,CHECK_VERB_CLASS|CHECK_TRANSITIVITY,s.|v. pr.,portar
L003193,ru'ã,noun,,,,,Triform,GendNone,Nasal,,,t.|s.,
L003194,rugua,noun,,,,,Triform,GendNone,Oral,,,t.|s.,
L003195,ruguái,noun,,,,,Triform,GendNone,Oral,,,t.|s.,
L003196,rupa,noun,,,,,Triform,GendNone,Oral,,,t.|s.,
L003197,rupi,other,,,,,,,Oral,,,p. n.,
L003198,rupi'a,noun,,,,,Triform,GendNone,Oral,,,t.|s.,
L003199,ruru,adj,,,,,,,Oral,,,adj.,
L003200,ruruka,verb,Areal,,false,,,,Oral,,CHECK_VERB_CLASS|CHECK_TRANSITIVITY,v. pr.,
L003201,rusu,adj,,,,,,,Oral,,,adj.,
L003202,ruvicha,noun,,,,,Triform,GendNone,Oral,,,t.|s.,
L003203,ry,noun,,,,,Uniform,GendNone,Oral,,,s.,
L003204,ry'ái,noun,,,,,Triform,GendNone,Oral,,,t.|s.|v. atr.,
L003204,ry'ái,verb,Chendal,Ambitransitive,false,,,,Oral,,CHECK_TRANSITIVITY|CHECK_AMBITRANSITIVE,t.|s.|v. atr.,exudar
L003205,ryakuã,noun,,,,,Triform,GendNone,Nasal,,,t.|s.,
L003206,ryeguasu,adj,,,,,,,Oral,,,t.|adj.,
L003207,ryepy,noun,,,,,Triform,GendNone,Oral,,,t.|s.,
L003208,ryguasu,noun,,,,,Uniform,GendNone,Oral,,,s.,
L003209,ryguatã,adj,,,,,,,Nasal,,,t.|adj.,
L003210,ryke,noun,,,,,Uniform,GendNone,Oral,,,s.,
L003211,ryke'y,noun,,,,,Uniform,GendNone,Oral,,,s.,
L003212,rymba,noun,,,,,Triform,GendNone,Nasal,,,t.|s.,
L003213,rypa,adj,,,,,,,Oral,,,t.|adj.,
L003214,rypy'a,adj,,,,,,,Oral,,,t.|adj.,
L003215,coagulado,verb,Chendal,,false,,,,Oral,,CHECK_TRANSITIVITY,v. atr.,
L003216,rypy'are'ẽ,noun,,,,,Triform,GendNone,Nasal,,,neol.|t.|s.,
L003217,ryru,noun,,,,,Triform,GendNone,Oral,,,t.|s.|v. pr.,
L003217,ryru,verb,Areal,,false,,,,Oral,,CHECK_VERB_CLASS|CHECK_TRANSITIVITY,t.|s.|v. pr.,
L003218,ryvi,noun,,,,,Triform,GendNone,Oral,,,t.|s.,
L003219,ryvy,noun,,,,,Uniform,GendNone,Oral,,,s.,
L003220,sa,adj,,,,,,,Oral,,,neol.|adj.|s.,
L003220,sa,noun,,,,,Uniform,GendNone,Oral,,,neol.|adj.|s.,
L003221,sã,noun,,,,,Uniform,GendNone,Nasal,,,s.,
L003222,sagua'a,adj,,,,,,,Oral,,,adj.,
L003223,saguy,noun,,,,,Uniform,GendNone,Oral,,,s.,
L003224,sa'i,adj,,,,,,,Oral,,,adj.|adv.,
L003224,sa'i,adv,,,,,,,Oral,,,adj.|adv.,
L003225,sái,noun,,,,,Uniform,GendNone,Oral,,,s.,
L003226,sa'iha,noun,,,,,Uniform,GendNone,Oral,,,s.,
L003227,sa'ikue,noun,,,,,Uniform,GendNone,Oral,,,s.,
L003228,saingo,adj,,,,,,,Nasal,,,adj.|v. pr.,
L003228,saingo,verb,Areal,Intransitive,false,,,,Nasal,,CHECK_VERB_CLASS|CHECK_TRANSITIVITY,adj.|v. pr.,colgar
L003229,saite,adj,,,,,,,Oral,,,adj.,
L003230,saite'oha,noun,,,,,Uniform,GendNone,Oral,,,s.,
L003231,saite'opyre,adj,,,,,,,Oral,,,adj.,
L003232,sakã,adj,,,,,,,Nasal,,,adj.,
L003233,sakarõ,noun,,,,,Uniform,GendNone,Nasal,,,h.|s.,
L003234,sake,adj,,,,,,,Oral,,,adj.|s.|v. atr.,
L003234,sake,noun,,,,,Uniform,GendNone,Oral,,,adj.|s.|v. atr.,
L003234,sake,verb,Chendal,Intransitive,false,,,,Oral,,CHECK_TRANSITIVITY,adj.|s.|v. atr.,palidecer
L003235,sako'i,verb,Areal,Transitive,false,,,,Oral,,CHECK_VERB_CLASS|CHECK_TRANSITIVITY,v. pr.,preparar
L003236,sakuape,noun,,,,,Uniform,GendNone,Oral,,,s.,
L003237,sambo,adj,,,,,,,Nasal,,,adj.,
L003238,sãmbuku,adj,,,,,,,Nasal,,,adj.,
L003239,sãmbyhy,verb,Aireal,Transitive,false,,,,Nasal,,CHECK_TRANSITIVITY,v. air.,administrar
L003240,sãmbyhyha,noun,,,,,Uniform,GendNone,Nasal,,,s.,
L003241,sãmbyhypyre,noun,,,,,Uniform,GendNone,Nasal,,,s.,
L003242,sãmbyky,adj,,,,,,,Nasal,,,adj.,
L003243,samu'ũ,noun,,,,,Uniform,GendNone,Nasal,,,s.,
L003244,sandia,noun,,,,,Uniform,GendNone,Nasal,,,h.|s.,
L003245,sangy,adj,,,,,,,Nasal,,,adj.,
L003246,santo'ára,noun,,,,,Uniform,GendNone,Nasal,,,h.|s.,
L003247,santoro,adj,,,,,,,Nasal,,,h.|adj.,
L003248,sã'o,verb,Areal,,false,,,,Nasal,,CHECK_VERB_CLASS|CHECK_TRANSITIVITY,v. pr.,
L003249,sapara,adj,,,,,,,Oral,,,adj.,
L003250,sapatu,noun,,,,,Uniform,GendNone,Oral,,,h.|s.,
L003251,sapatupe,noun,,,,,Uniform,GendNone,Oral,,,h.|s.,
L003252,sapikua,noun,,,,,Uniform,GendNone,Oral,,,s.,
L003253,sapile'u,noun,,,,,Uniform,GendNone,Oral,,,s.,
L003254,sapukái,noun,,,,,Uniform,GendNone,Oral,,,s.|v. pr.,
L003254,sapukái,verb,Areal,Intransitive,false,,,,Oral,,CHECK_VERB_CLASS|CHECK_TRANSITIVITY,s.|v. pr.,chillar
L003255,sapukaihápe,adv,,,,,,,Oral,,,adv.,
L003256,sapukaijoa,noun,,,,,Uniform,GendNone,Oral,,,s.,
L003257,sapy,verb,Areal,,false,,,,Oral,,CHECK_VERB_CLASS|CHECK_TRANSITIVITY,v. pr.,
L003258,sapy'a,adj,,,,,,,Oral,,,adj.|s.,
L003258,sapy'a,noun,,,,,Uniform,GendNone,Oral,,,adj.|s.,
L003259,instante,adv,,,,,,,Nasal,,,adv.,
L003260,sapy'agua,adj,,,,,,,Oral,,,adj.,
L003261,sapy'aitegua,adj,,,,,,,Oral,,,adj.,
L003262,sapy'amigua,noun,,,,,Uniform,GendNone,Oral,,,s.,
L003263,sapy'ante,adv,,,,,,,Nasal,,,adv.,
L003264,sapy'apy'a,adj,,,,,,,Oral,,,adj.,
L003265,discontinuo,adv,,,,,,,Nasal,,,adv.,
L003266,sapy'arã,adj,,,,,,,Nasal,,,adj.,
L003267,sapy'ava,adj,,,,,,,Oral,,,adj.,
L003268,sapymi,verb,Areal,,false,,,,Oral,,CHECK_VERB_CLASS|CHECK_TRANSITIVITY,v. pr.,
L003269,sapyso,noun,,,,,Uniform,GendNone,Oral,,,s.|neol.,
L003270,sarã,noun,,,,,Uniform,GendNone,Nasal,,,s.,
L003271,saraki,adj,,,,,,,Oral,,,adj.|v.,
L003271,saraki,verb,Areal,Intransitive,false,,,,Oral,,CHECK_TRANSITIVITY,adj.|v.,retozar
L003272,sarambi,adj,,,,,,,Nasal,,,adj.,
L003273,desordenado,noun,,,,,Uniform,GendNone,Oral,,,s.|v. atr.,
L003273,desordenado,verb,Chendal,,false,,,,Oral,,CHECK_TRANSITIVITY,s.|v. atr.,
L003274,sarambihápe,adv,,,,,,,Nasal,,,adv.,
L003275,sarãndy,noun,,,,,Uniform,GendNone,Nasal,,CHECK_NASAL_COMPOUND,s.,
L003276,sarapĩu,noun,,,,,Uniform,GendNone,Nasal,,,h.|s.,
L003277,sarĩa,noun,,,,,Uniform,GendNone,Nasal,,,s.,
L003278,sarigue,adj,,,,,,,Oral,,,adj.,
L003279,sarigue'o,verb,Areal,Transitive,false,,,,Oral,,CHECK_VERB_CLASS|CHECK_TRANSITIVITY,v. pr.,domar
L003280,sarigue'oha,noun,,,,,Uniform,GendNone,Oral,,,s.,
L003281,sarigue'opyre,adj,,,,,,,Oral,,,adj.,
L003282,sãso,adj,,,,,,,Nasal,,,adj.|s.,
L003282,sãso,noun,,,,,Uniform,GendNone,Nasal,,,adj.|s.,
L003283,satĩ,adj,,,,,,,Nasal,,,adj.,
L003284,savã,noun,,,,,Uniform,GendNone,Nasal,,,s.,
L003285,savana,noun,,,,,Uniform,GendNone,Oral,,,h.|s.,
L003286,savaypo,noun,,,,,Uniform,GendNone,Oral,,,s.,
L003287,savi,noun,,,,,Uniform,GendNone,Oral,,,s.|adj.,
L003287,savi,adj,,,,,,,Oral,,,s.|adj.,
L003288,sa'y,noun,,,,,Uniform,GendNone,Oral,,,neol.|s.,
L003289,sã'ỹ,adj,,,,,,,Nasal,,,adj.,
L003290,sa'yju,adj,,,,,,,Oral,,,adj.,
L003291,sa'yjuvy,adj,,,,,,,Oral,,,adj.,
L003292,sayke,noun,,,,,Uniform,GendNone,Oral,,,s.,
L003293,sayku,adj,,,,,,,Oral,,,adj.|s.,
L003293,sayku,noun,,,,,Uniform,GendNone,Oral,,,adj.|s.,
L003294,sa'y'ỹ,adj,,,,,,,Nasal,,,neol.|adj.,
L003295,se,noun,,,,,Uniform,GendNone,Oral,,,s.|suf. a. v.,
L003295,se,suf,,,,,,,Oral,,,s.|suf. a. v.,
L003295,se,verb,Areal,Transitive,false,,,,Oral,,CHECK_TRANSITIVITY,s.|suf. a. v.,anhelar
L003296,sẽ,noun,,,,,Uniform,GendNone,Nasal,,,s.|v. pr.,
L003296,sẽ,verb,Areal,Ambitransitive,false,,,,Nasal,,CHECK_VERB_CLASS|CHECK_TRANSITIVITY|CHECK_AMBITRANSITIVE,s.|v. pr.,aparecer
L003297,sevo'i,noun,,,,,Uniform,GendNone,Oral,,,s.,
L003298,sevói,noun,,,,,Uniform,GendNone,Oral,,,h.|s.,
L003299,so,adj,,,,,,,Oral,,,adj.|v. pr.,
L003299,so,verb,Areal,,false,,,,Oral,,CHECK_VERB_CLASS|CHECK_TRANSITIVITY,adj.|v. pr.,
L003300,sogue,adj,,,,,,,Oral,,,adj.|s.,
L003300,sogue,noun,,,,,Uniform,GendNone,Oral,,,adj.|s.,
L003301,soite,verb,Areal,,false,,,,Oral,,CHECK_VERB_CLASS|CHECK_TRANSITIVITY,v. pr.,
L003302,soka,noun,,,,,Uniform,GendNone,Oral,,,s.,
L003303,soki,noun,,,,,Uniform,GendNone,Oral,,,h.|s.,
L003304,so'o,noun,,,,,Triform,GendNone,Oral,,,t.|s.,
L003305,so'ohesy,verb,Areal,,false,,,,Oral,,CHECK_VERB_CLASS|CHECK_TRANSITIVITY,v. pr.,
L003306,so'ohesyha,noun,,,,,Uniform,GendNone,Oral,,,s.,
L003307,soro,adj,,,,,,,Oral,,,adj.|s.,
L003307,soro,noun,,,,,Uniform,GendNone,Oral,,,adj.|s.,
L003308,v,adv,,,,,,,Oral,,,adv.,
L003309,sororo,verb,Areal,,false,,,,Oral,,CHECK_VERB_CLASS|CHECK_TRANSITIVITY,v. pr.|adv.,
L003309,sororo,adv,,,,,,,Oral,,,v. pr.|adv.,
L003310,soso,adj,,,,,,,Oral,,,adj.|s.,
L003310,soso,noun,,,,,Uniform,GendNone,Oral,,,adj.|s.,
L003311,su,adj,,,,,,,Oral,,,neol.|adj.,
L003312,suguy,adj,,,,,,,Oral,,,adj.|adv.,
L003312,suguy,adv,,,,,,,Oral,,,adj.|adv.,
L003313,súiko,noun,,,,,Uniform,GendNone,Oral,,,s.,
L003314,suinda,noun,,,,,Uniform,GendNone,Nasal,,,s.,
L003315,sunu,verb,Areal,Intransitive,false,,,,Oral,,CHECK_VERB_CLASS|CHECK_TRANSITIVITY,v. pr.,zumbar
L003316,sununu,noun,,,,,Uniform,GendNone,Oral,,,s.|v. pr.,
L003316,sununu,verb,Areal,,false,,,,Oral,,CHECK_VERB_CLASS|CHECK_TRANSITIVITY,s.|v. pr.,
L003317,suru,verb,Areal,,false,,,,Oral,,CHECK_VERB_CLASS|CHECK_TRANSITIVITY,v. pr.,
L003318,suruku'a,noun,,,,,Uniform,GendNone,Oral,,,s.,
L003319,sururu,verb,Areal,,false,,,,Oral,,CHECK_VERB_CLASS|CHECK_TRANSITIVITY,v. pr.,
L003320,suruvi,noun,,,,,Uniform,GendNone,Oral,,,s.,
L003321,susu,noun,,,,,Uniform,GendNone,Oral,,,s.|v. pr.,
L003321,susu,verb,Areal,,false,,,,Oral,,CHECK_VERB_CLASS|CHECK_TRANSITIVITY,s.|v. pr.,
L003322,susu'a,noun,,,,,Uniform,GendNone,Oral,,,s.,
L003323,su'u,noun,,,,,Uniform,GendNone,Oral,,,s.,
L003324,su'uha,noun,,,,,Uniform,GendNone,Oral,,,s.,
L003325,su'ukue,noun,,,,,Uniform,GendNone,Oral,,,s.,
L003326,su'upyre,noun,,,,,Uniform,GendNone,Oral,,,s.,
L003327,sy,noun,,,,,Uniform,GendNone,Oral,,,s.,
L003328,syanga,noun,,,,,Uniform,GendNone,Nasal,,,s.,
L003329,syi,noun,,,,,Uniform,GendNone,Oral,,,s.,
L003330,sỹi,adj,,,,,,,Nasal,,,adj.,
L003331,syiñandy,noun,,,,,Uniform,GendNone,Nasal,,CHECK_NASAL_COMPOUND,s.,
L003332,syry,noun,,,,,Uniform,GendNone,Oral,,,s.,
L003333,circulación,verb,Areal,,false,,,,Oral,,CHECK_VERB_CLASS|CHECK_TRANSITIVITY,v. pr.,
L003334,syryko,noun,,,,,Uniform,GendNone,Oral,,,s.,
L003335,syryku,noun,,,,,Uniform,GendNone,Oral,,,s.|v. pr.,
L003335,syryku,verb,Areal,Ambitransitive,false,,,,Oral,,CHECK_VERB_CLASS|CHECK_TRANSITIVITY|CHECK_AMBITRANSITIVE,s.|v. pr.,beber
L003336,syrykue,noun,,,,,Uniform,GendNone,Oral,,,s.,
L003337,syrymbe,noun,,,,,Uniform,GendNone,Nasal,,,s.,
L003338,syryndy,noun,,,,,Uniform,GendNone,Nasal,,,neol.|s.,
L003339,syryry,noun,,,,,Uniform,GendNone,Oral,,,s.|v. pr.,
L003339,syryry,verb,Areal,Intransitive,false,,,,Oral,,CHECK_VERB_CLASS|CHECK_TRANSITIVITY,s.|v. pr.,deslizarse
L003340,syva,noun,,,,,Uniform,GendNone,Oral,,,s.,
L003341,syvy,adv,,,,,,,Oral,,,adv.,
L003342,ta'ã,noun,,,,,Triform,GendNone,Nasal,,,t.|s.,
L003343,ta'ãha,noun,,,,,Triform,GendNone,Nasal,,,neol.|t.|s.,
L003344,ta'anga,noun,,,,,Triform,GendNone,Nasal,,,t.|s.,
L003345,ta'angahai,noun,,,,,Triform,GendNone,Nasal,,,t.|s.,
L003346,ta'anga'i,noun,,,,,Triform,GendNone,Nasal,,,neol.|t.|s.,
L003347,ta'angambyry,noun,,,,,Triform,GendNone,Nasal,,,neol.|t.|s.,
L003348,ta'arõ,noun,,,,,Triform,GendNone,Nasal,,,t.|s.,
L003349,tagẽ,noun,,,,,Triform,GendNone,Nasal,,,t.|s.,
L003350,taguana,noun,,,,,Uniform,GendNone,Oral,,,s.,
L003351,taguato,noun,,,,,Uniform,GendNone,Oral,,,s.,
L003352,tague,noun,,,,,Triform,GendNone,Oral,,,t.|s.,
L003353,tagueky,noun,,,,,Triform,GendNone,Oral,,,t.|s.,
L003354,taguyrõ,noun,,,,,Triform,GendNone,Nasal,,,t.|s.,
L003355,tahachi,noun,,,,,Uniform,GendNone,Oral,,,s.,
L003356,tahachio,noun,,,,,Uniform,GendNone,Oral,,,neol.|s.,
L003357,tahataha,noun,,,,,Uniform,GendNone,Oral,,,s.,
L003358,tai,noun,,,,,Triform,GendNone,Oral,,,neol.|t.|s.,
L003359,tái,adj,,,,,,,Oral,,,adj.|v. atr.,
L003359,tái,verb,Chendal,,false,,,,Oral,,CHECK_TRANSITIVITY,adj.|v. atr.,
L003360,tãi,noun,,,,,Triform,GendNone,Nasal,,,t.|s.,
L003361,taicho,noun,,,,,Triform,GendNone,Oral,,,t.|s.,
L003362,tãímbíra,noun,,,,,Triform,GendNone,Nasal,,,t.|s.,
L003363,tãimbore,noun,,,,,Triform,GendNone,Nasal,,,t.|s.,
L003364,tãimbuku,noun,,,,,Triform,GendNone,Nasal,,,t.|s.,
L003365,tãingue'a,noun,,,,,Triform,GendNone,Nasal,,,t.|s.,
L003366,taipy,noun,,,,,Triform,GendNone,Oral,,,neol.|t.|s.,
L003367,tãirasy,noun,,,,,Triform,GendNone,Nasal,,,t.|s.,
L003368,taita,noun,,,,,Uniform,GendNone,Oral,,,s.,
L003369,taitachu,noun,,,,,Uniform,GendNone,Oral,,,s.,
L003370,taitaguasu,noun,,,,,Uniform,GendNone,Oral,,,s.,
L003371,taitetú,noun,,,,,Uniform,GendNone,Oral,,,s.,
L003372,tayty,noun,,,,,Triform,GendNone,Oral,,,t.|s.,
L003373,taja,noun,,,,,Uniform,GendNone,Oral,,,s.,
L003374,tajao,noun,,,,,Uniform,GendNone,Oral,,,s.,
L003375,tajasu,adj,,,,,,,Oral,,,adj.|s.,
L003375,tajasu,noun,,,,,Uniform,GendNone,Oral,,,adj.|s.,
L003376,taju,noun,,,,,Triform,GendNone,Oral,,,t.|s.,
L003377,tajuja,noun,,,,,Uniform,GendNone,Oral,,,s.,
L003378,tajy,noun,,,,,Uniform,GendNone,Oral,,,s.,
L003379,tajygue,noun,,,,,Triform,GendNone,Oral,,,t.|s.,
L003380,tajykatĩ,noun,,,,,Uniform,GendNone,Nasal,,,s.,
L003381,tajyme,noun,,,,,Uniform,GendNone,Oral,,,s.,
L003382,tajyranga,noun,,,,,Uniform,GendNone,Nasal,,,s.,
L003383,takã,noun,,,,,Triform,GendNone,Nasal,,,t.|s.,
L003384,takamby,noun,,,,,Triform,GendNone,Nasal,,,t.|s.,
L003385,periné,other,,,,,,,Oral,,,neol.,
L003386,takambyapy,noun,,,,,Triform,GendNone,Nasal,,,neol.|t.|s.,
L003387,takambypa'ũ,noun,,,,,Triform,GendNone,Nasal,,,t.|s.,
L003388,takambyrundy,noun,,,,,Triform,GendNone,Nasal,,,neol.|t.|s.,
L003389,takara'a,noun,,,,,Uniform,GendNone,Oral,,,s.,
L003390,takate'ỹ,noun,,,,,Triform,GendNone,Nasal,,,t.|s.,
L003391,takate'ỹme,adv,,,,,,,Nasal,,CHECK_NASAL_COMPOUND,t.|adv.,
L003392,tako,noun,,,,,Triform,GendNone,Oral,,,t.|s.,
L003393,takokũ,noun,,,,,Triform,GendNone,Nasal,,,t.|s.,
L003394,taku,noun,,,,,Triform,GendNone,Oral,,,t.|s.,
L003395,takuapi,noun,,,,,Uniform,GendNone,Oral,,,s.,
L003396,takuapu,noun,,,,,Uniform,GendNone,Oral,,,s.,
L003397,takua,noun,,,,,Uniform,GendNone,Oral,,,s.,
L003398,takuare'ẽ,noun,,,,,Uniform,GendNone,Nasal,,,s.,
L003399,takuare'ẽndy,noun,,,,,Uniform,GendNone,Nasal,,CHECK_NASAL_COMPOUND,s.,
L003400,takuarembo,noun,,,,,Uniform,GendNone,Nasal,,,s.,
L003401,takuari,noun,,,,,Uniform,GendNone,Oral,,,s.,
L003402,takuchi,noun,,,,,Triform,GendNone,Oral,,,t.|s.,
L003403,takuru,noun,,,,,Uniform,GendNone,Oral,,,s.,
L003404,takuvo,noun,,,,,Triform,GendNone,Oral,,,t.|s.,
L003405,taky,verb,Areal,Transitive,false,,,,Oral,,CHECK_VERB_CLASS|CHECK_TRANSITIVITY,v. pr.,acometer
L003406,tamanakuna,noun,,,,,Uniform,GendNone,Oral,,,s.,
L003407,tamba,noun,,,,,Uniform,GendNone,Nasal,,,s.,
L003408,tambeypy,noun,,,,,Triform,GendNone,Nasal,,,t.|s.,
L003409,tambo,adj,,,,,,,Nasal,,,adj.,
L003410,tamói,noun,,,,,Triform,GendNone,Oral,,,t.|s.,
L003411,tamo,other,,,,,,,Oral,,,interj.,
L003412,tangara,noun,,,,,Uniform,GendNone,Nasal,,,s.,
L003413,tanimbu,noun,,,,,Uniform,GendNone,Nasal,,,s.,
L003414,taninbury,noun,,,,,Uniform,GendNone,Oral,,,s.,
L003415,tañykã,noun,,,,,Triform,GendNone,Nasal,,,t.|s.,
L003416,tañykatĩ,noun,,,,,Uniform,GendNone,Nasal,,,s.,
L003417,ta'o,noun,,,,,Triform,GendNone,Oral,,,t.|s.,
L003418,tape,noun,,,,,Triform,GendNone,Oral,,,t.|s.,
L003419,tapeatã,noun,,,,,Triform,GendNone,Nasal,,,neol.|t.|s.,
L003420,tapeavy,noun,,,,,Triform,GendNone,Oral,,,t.|s.,
L003421,tapehũ,noun,,,,,Triform,GendNone,Nasal,,,neol.|t.|s.,
L003422,tapekue,noun,,,,,Triform,GendNone,Oral,,,t.|s.,
L003423,tapéra,noun,,,,,Uniform,GendNone,Oral,,,s.,
L003424,taperã,noun,,,,,Triform,GendNone,Nasal,,,t.|s.,
L003425,tapere,noun,,,,,Triform,GendNone,Oral,,,t.|s.,
L003426,taperyva,noun,,,,,Uniform,GendNone,Oral,,,s.,
L003427,tapesu'a,noun,,,,,Uniform,GendNone,Oral,,,s.,
L003428,tapi'a,noun,,,,,Triform,GendNone,Oral,,,t.|s.,
L003429,tápia,noun,,,,,Uniform,GendNone,Oral,,,h.|s.,
L003430,tapicha,noun,,,,,Triform,GendNone,Oral,,,t.|s.,
L003431,tapiti,noun,,,,,Uniform,GendNone,Oral,,,s.,
L003432,tapo,noun,,,,,Triform,GendNone,Oral,,,t.|s.,
L003433,tapy,noun,,,,,Triform,GendNone,Oral,,,t.|s.,
L003434,tapỹi,noun,,,,,Uniform,GendNone,Nasal,,,s.,
L003435,tapỹity,noun,,,,,Uniform,GendNone,Nasal,,CHECK_NASAL_COMPOUND,s.,
L003436,tapykue,noun,,,,,Triform,GendNone,Oral,,,t.|s.,
L003437,tapykuegua,noun,,,,,Triform,GendNone,Oral,,,t.|s.,
L003438,tapykuere,noun,,,,,Triform,GendNone,Oral,,,t.|s.,
L003439,tapykuerigua,adj,,,,,,,Oral,,,t.|adj.|s.,
L003439,tapykuerigua,noun,,,,,Triform,GendNone,Oral,,,t.|adj.|s.,
L003440,tapykuévo,adv,,,,,,,Oral,,,t.|adv.,
L003441,tapypi,noun,,,,,Triform,GendNone,Oral,,,t.|s.,
L003442,tapypikũ,noun,,,,,Triform,GendNone,Nasal,,,t.|s.,
L003443,tarara,verb,Areal,,false,,,,Oral,,CHECK_VERB_CLASS|CHECK_TRANSITIVITY,v. pr.,
L003444,tarave,noun,,,,,Uniform,GendNone,Oral,,,s.,
L003445,tarova,adj,,,,,,,Oral,,,adj.,
L003446,taruma,noun,,,,,Uniform,GendNone,Oral,,,s.,
L003447,tasẽ,noun,,,,,Triform,GendNone,Nasal,,,t.|s.,
L003448,taso,adj,,,,,,,Oral,,,adj.,
L003449,tasy,noun,,,,,Triform,GendNone,Oral,,,t.|s.,
L003450,tasyo,noun,,,,,Triform,GendNone,Oral,,,t.|neol.|s.,
L003451,tasy'ỹ,noun,,,,,Triform,GendNone,Nasal,,,t.|s.,
L003452,tata,noun,,,,,Triform,GendNone,Oral,,,t.|s.,
L003453,tatã,noun,,,,,Triform,GendNone,Nasal,,,t.|s.,
L003454,tataendy,noun,,,,,Triform,GendNone,Nasal,,,t.|s.,
L003455,tataindy,noun,,,,,Triform,GendNone,Nasal,,,t.|s.,
L003456,tatajyva,noun,,,,,Uniform,GendNone,Oral,,,s.,
L003457,tatakua,noun,,,,,Triform,GendNone,Oral,,,t.|s.,
L003458,tatãgue,noun,,,,,Triform,GendNone,Nasal,,CHECK_NASAL_COMPOUND,t.|s.,
L003459,tatapiriri,noun,,,,,Triform,GendNone,Oral,,,t.|s.,
L003460,tatapỹi,noun,,,,,Triform,GendNone,Nasal,,,t.|s.,
L003461,tatarẽ,noun,,,,,Uniform,GendNone,Nasal,,,s.,
L003462,tatarenda,noun,,,,,Triform,GendNone,Nasal,,,t.|s.,
L003463,tatarendy,noun,,,,,Triform,GendNone,Nasal,,,t.|s.,
L003464,tatatĩ,noun,,,,,Triform,GendNone,Nasal,,,t.|s.,
L003465,tatatimbo,noun,,,,,Triform,GendNone,Nasal,,,t.|s.,
L003466,tatatina,noun,,,,,Triform,GendNone,Oral,,,t.|s.,
L003467,tataupa,noun,,,,,Triform,GendNone,Oral,,,t.|s.,
L003468,tataveve,noun,,,,,Triform,GendNone,Oral,,,t.|s.,
L003469,tata'y,noun,,,,,Triform,GendNone,Oral,,,t.|s.,
L003470,tataypy,noun,,,,,Triform,GendNone,Oral,,,t.|s.,
L003471,tatĩ,noun,,,,,Triform,GendNone,Nasal,,,t.|s.,
L003472,tati'y,noun,,,,,Triform,GendNone,Oral,,,t.|s.,
L003473,tatu,noun,,,,,Uniform,GendNone,Oral,,,s.,
L003474,tatykue,noun,,,,,Triform,GendNone,Oral,,,t.|s.,
L003475,tatypy,noun,,,,,Triform,GendNone,Oral,,,t.|s.,
L003476,tatypykua,noun,,,,,Triform,GendNone,Oral,,,t.|s.,
L003477,tatyu,noun,,,,,Uniform,GendNone,Oral,,,s.,
L003478,tau,noun,,,,,Uniform,GendNone,Oral,,,s.,
L003479,taupéicha,exp,,,,,,,Oral,,,exp.,
L003480,ta'uvõ,noun,,,,,Triform,GendNone,Nasal,,,t.|s.,
L003481,táva,noun,,,,,Uniform,GendNone,Oral,,,s.,
L003482,tavagua,adj,,,,,,,Oral,,,adj.,
L003483,tavaguasu,noun,,,,,Uniform,GendNone,Oral,,,neol.|s.,
L003484,tavahu,verb,Areal,Intransitive,false,,,,Oral,,CHECK_VERB_CLASS|CHECK_TRANSITIVITY,v. pr.,vagabundear
L003485,tavao,noun,,,,,Uniform,GendNone,Oral,,,neol.|s.,
L003486,tavapy,noun,,,,,Uniform,GendNone,Oral,,,s.,
L003487,tavarandu,noun,,,,,Uniform,GendNone,Nasal,,,neol.|s.,
L003488,tavaygua,noun,,,,,Uniform,GendNone,Oral,,,s.,
L003489,tavẽ,noun,,,,,Triform,GendNone,Nasal,,,t.|s.,
L003490,tave'ỹ,noun,,,,,Uniform,GendNone,Nasal,,,s.,
L003491,taviju,noun,,,,,Triform,GendNone,Oral,,,t.|s.,
L003492,tavusu,noun,,,,,Uniform,GendNone,Oral,,,s.,
L003493,tavy,adj,,,,,,,Oral,,,adj.,
L003494,tavy'o,verb,Areal,,false,,,,Oral,,CHECK_TRANSITIVITY,v.,
L003495,ta'y,noun,,,,,Uniform,GendNone,Oral,,,s.,
L003496,tayhu,noun,,,,,Triform,GendNone,Oral,,,t.|s.,
L003497,tayhupápe,adv,,,,,,,Oral,,,t.|adv.,
L003498,tayhupára,noun,,,,,Triform,GendNone,Oral,,,t.|s.,
L003499,tayhu'ỹ,noun,,,,,Triform,GendNone,Nasal,,,t.|s.,
L003500,ta'ỹi,noun,,,,,Triform,GendNone,Nasal,,,t.|s.,
L003501,ta'ỹ,noun,,,,,Triform,GendNone,Nasal,,,t.|s.,
L003502,ta'yranga,noun,,,,,Uniform,GendNone,Nasal,,,s.,
L003503,ta'yrusu,noun,,,,,Uniform,GendNone,Oral,,,s.,
L003504,te,noun,,,,,Uniform,GendNone,Oral,,,s.,
L003505,techa,noun,,,,,Triform,GendNone,Oral,,,t.|s.,
L003506,techanga'u,noun,,,,,Triform,GendNone,Nasal,,,t.|s.,
L003507,techagi,noun,,,,,Triform,GendNone,Oral,,,t.|s.,
L003508,techahára,noun,,,,,Triform,GendNone,Oral,,,t.|s.,
L003509,techakuaha,noun,,,,,Triform,GendNone,Oral,,,t.|s.,
L003510,techambyky,noun,,,,,Triform,GendNone,Nasal,,,t.|s.,
L003511,techapyrã,noun,,,,,Triform,GendNone,Nasal,,,t.|s.,
L003512,techarã,noun,,,,,Triform,GendNone,Nasal,,,t.|s.,
L003513,techase,noun,,,,,Triform,GendNone,Oral,,,t.|s.,
L003514,techaserei,noun,,,,,Triform,GendNone,Oral,,,t.|s.,
L003515,techauka,noun,,,,,Triform,GendNone,Oral,,,t.|s.,
L003516,techaukaha,noun,,,,,Triform,GendNone,Oral,,,t.|s.,
L003517,techaukapy,noun,,,,,Triform,GendNone,Oral,,,t.|s.,
L003518,techaukarã,noun,,,,,Triform,GendNone,Nasal,,,t.|s.,
L003519,techavai,other,,,,,,,Oral,,,t.,
L003520,techa'ỹ,noun,,,,,Triform,GendNone,Nasal,,,t.|s.,
L003521,tee,adj,,,,,,,Oral,,,adj.,
L003522,tei,suf,,,,,,,Oral,,,suf. a. v.,
L003522,tei,verb,Areal,,false,,,,Oral,,CHECK_TRANSITIVITY,suf. a. v.,
L003523,te'i,verb,Areal,,false,,,,Oral,,CHECK_TRANSITIVITY,v.,
L003524,te'ise,noun,,,,,Uniform,GendNone,Oral,,,s.,
L003525,teju,noun,,,,,Uniform,GendNone,Oral,,,s.,
L003526,tejujagua,noun,,,,,Uniform,GendNone,Oral,,,s.,
L003527,tejutara,noun,,,,,Uniform,GendNone,Oral,,,s.,
L003528,teka,other,,,,,,,Oral,,,t.,
L003529,teko,other,,,,,,,Oral,,,t.,
L003530,tekoañete,noun,,,,,Triform,GendNone,Nasal,,CHECK_NASAL_COMPOUND,t.|s.,
L003531,tekoasy,noun,,,,,Triform,GendNone,Oral,,,t.|s.,
L003532,teko'avy,noun,,,,,Triform,GendNone,Oral,,,t.|s.,
L003533,tekochauka,noun,,,,,Triform,GendNone,Oral,,,neol.|t.|s.,
L003534,tekoha,noun,,,,,Triform,GendNone,Oral,,,t.|s.,
L003535,tekoha'ã,noun,,,,,Triform,GendNone,Nasal,,,neol.|t.|s.,
L003536,tekoha'anga,noun,,,,,Triform,GendNone,Nasal,,,neol.|t.|s.,
L003537,tekoite,noun,,,,,Triform,GendNone,Oral,,,t.|s.,
L003538,tekojoja,noun,,,,,Triform,GendNone,Oral,,,t.|s.,
L003539,tekokatu,noun,,,,,Triform,GendNone,Oral,,,t.|s.,
L003540,tekombo'e,noun,,,,,Triform,GendNone,Nasal,,,t.|s.,
L003541,tekoporã,noun,,,,,Triform,GendNone,Nasal,,,t.|s.,
L003542,tekopy,noun,,,,,Triform,GendNone,Oral,,,t.|s.,
L003543,tekopykuaa,noun,,,,,Triform,GendNone,Oral,,,neol.|t.|s.,
L003544,tekorã'ã,noun,,,,,Triform,GendNone,Nasal,,CHECK_NASAL_COMPOUND,t.|s.,
L003545,tekorei,adj,,,,,,,Oral,,,t.|adj.|s.,
L003545,tekorei,noun,,,,,Triform,GendNone,Oral,,,t.|adj.|s.,
L003546,tekoreko,noun,,,,,Triform,GendNone,Oral,,,t.|s.,
L003547,tekosã'ỹ,noun,,,,,Triform,GendNone,Nasal,,CHECK_NASAL_COMPOUND,t.|s.,
L003548,tekotevẽ,noun,,,,,Triform,GendNone,Nasal,,,t.|s.,
L003549,tekovai,noun,,,,,Triform,GendNone,Oral,,,t.|s.,
L003550,tekove,noun,,,,,Triform,GendNone,Oral,,,t.|s.,
L003551,tekovia,noun,,,,,Triform,GendNone,Oral,,,t.|s.,
L003552,tekuái,noun,,,,,Uniform,GendNone,Oral,,,s.,
L003553,tembe,noun,,,,,Triform,GendNone,Nasal,,,t.|s.,
L003554,tembetary,noun,,,,,Uniform,GendNone,Nasal,,,s.,
L003555,tembevo,noun,,,,,Triform,GendNone,Nasal,,,t.|s.,
L003556,tembe'y,noun,,,,,Triform,GendNone,Nasal,,,t.|s.,
L003557,teme'ygua,adj,,,,,,,Oral,,,t.|adj.,
L003558,tembiapo,noun,,,,,Triform,GendNone,Nasal,,,t.|s.,
L003559,tembiapoha,noun,,,,,Triform,GendNone,Nasal,,,t.|s.,
L003560,tembiapohára,noun,,,,,Triform,GendNone,Nasal,,,t.|s.,
L003561,tembiapochauka,noun,,,,,Triform,GendNone,Nasal,,,t.|s.,
L003562,tembiapokuaha,noun,,,,,Triform,GendNone,Nasal,,,t.|s.,
L003563,tembiapokue,noun,,,,,Triform,GendNone,Nasal,,,t.|s.,
L003564,tembiaporã,noun,,,,,Triform,GendNone,Nasal,,,t.|s.,
L003565,tembiapoukapy,other,,,,,,,Nasal,,,t.,
L003566,tembiasa,noun,,,,,Triform,GendNone,Nasal,,,t.|s.,
L003567,tembiasagua'u,noun,,,,,Triform,GendNone,Nasal,,,t.|neol.|s.,
L003568,tembiasakue,noun,,,,,Triform,GendNone,Nasal,,,t.|s.,
L003569,tembiasy,noun,,,,,Triform,GendNone,Nasal,,,t.|s.,
L003570,tembiayhu,noun,,,,,Triform,GendNone,Nasal,,,t.|s.,
L003571,tembiechapyrã,noun,,,,,Triform,GendNone,Nasal,,,t.|s.,
L003572,tembiecharã,noun,,,,,Triform,GendNone,Nasal,,,t.|s.,
L003573,tembiasarái,noun,,,,,Triform,GendNone,Nasal,,,t.|s.,
L003574,tembi'euka,noun,,,,,Triform,GendNone,Nasal,,,t.|s.,
L003575,tembiguái,noun,,,,,Triform,GendNone,Nasal,,,t.|s.,
L003576,tembihai,noun,,,,,Triform,GendNone,Nasal,,,neol.|t.|s.,
L003577,tembijerure,noun,,,,,Triform,GendNone,Nasal,,,t.|s.,
L003578,tembijoavy,noun,,,,,Triform,GendNone,Nasal,,,t.|s.,
L003579,tembijogua,noun,,,,,Triform,GendNone,Nasal,,,t.|s.,
L003580,tembijoja,noun,,,,,Triform,GendNone,Nasal,,,t.|s.,
L003581,tembijokuái,noun,,,,,Triform,GendNone,Nasal,,,t.|s.,
L003582,tembikuaha,noun,,,,,Triform,GendNone,Nasal,,,t.|s.,
L003583,tembikuatia,noun,,,,,Triform,GendNone,Nasal,,,neol.|t.|s.,
L003584,tembipe,noun,,,,,Triform,GendNone,Nasal,,,t.|s.,
L003585,tembiporavo,noun,,,,,Triform,GendNone,Nasal,,,t.|s.,
L003586,tembiporu,noun,,,,,Triform,GendNone,Nasal,,,t.|s.,
L003587,tembiporuenda,noun,,,,,Triform,GendNone,Nasal,,,neol.|t.|s.,
L003588,tembipota,noun,,,,,Triform,GendNone,Nasal,,,t.|s.,
L003589,tembipu,noun,,,,,Triform,GendNone,Nasal,,,t.|s.,
L003590,tembireka,noun,,,,,Triform,GendNone,Nasal,,,t.|s.,
L003591,tembireko,noun,,,,,Triform,GendNone,Nasal,,,t.|s.,
L003592,tembirekorã,noun,,,,,Triform,GendNone,Nasal,,,t.|s.,
L003593,tembirekove'ỹ,noun,,,,,Triform,GendNone,Nasal,,,t.|s.,
L003594,tembi'u,noun,,,,,Triform,GendNone,Nasal,,,t.|s.,
L003595,tembi'u'apoha,noun,,,,,Triform,GendNone,Nasal,,,t.|s.,
L003596,tembi'urã,noun,,,,,Triform,GendNone,Nasal,,,t.|s.,
L003597,tembo,noun,,,,,Triform,GendNone,Nasal,,,t.|s.,
L003598,tembyre,noun,,,,,Triform,GendNone,Nasal,,,t.|s.,
L003599,temiandu,noun,,,,,Triform,GendNone,Nasal,,,t.|s.,
L003600,temiapytũ,noun,,,,,Triform,GendNone,Nasal,,,t.|s.,
L003601,temiarirõ,noun,,,,,Triform,GendNone,Nasal,,,t.|s.,
L003602,temikotevẽ,noun,,,,,Triform,GendNone,Nasal,,,t.|s.,
L003603,temikuave'ẽ,noun,,,,,Triform,GendNone,Nasal,,,t.|s.,
L003604,temimbo'e,noun,,,,,Triform,GendNone,Nasal,,,t.|s.,
L003605,temimbou,noun,,,,,Triform,GendNone,Nasal,,,t.|s.,
L003606,temimbyasy,noun,,,,,Triform,GendNone,Nasal,,,t.|s.,
L003607,temime'ẽ,noun,,,,,Triform,GendNone,Nasal,,,t.|s.,
L003608,temimeno,noun,,,,,Triform,GendNone,Oral,,,t.|s.,
L003609,temimo'ã,noun,,,,,Triform,GendNone,Nasal,,,t.|s.,
L003610,temimondo,noun,,,,,Triform,GendNone,Nasal,,,t.|s.,
L003611,temiñemu,noun,,,,,Triform,GendNone,Nasal,,CHECK_NASAL_COMPOUND,t.|s.,
L003612,temirendu,noun,,,,,Triform,GendNone,Nasal,,,t.|s.,
L003613,temirendy,noun,,,,,Triform,GendNone,Nasal,,,neol.|t.|s.,
L003614,temitỹ,noun,,,,,Triform,GendNone,Nasal,,,t.|s.,
L003615,temitỹhára,noun,,,,,Triform,GendNone,Nasal,,CHECK_NASAL_COMPOUND,t.|s.,
L003616,temitỹndy,noun,,,,,Triform,GendNone,Nasal,,CHECK_NASAL_COMPOUND,t.|s.,
L003617,temitỹngue,noun,,,,,Triform,GendNone,Nasal,,CHECK_NASAL_COMPOUND,t.|s.,
L003618,temói,noun,,,,,Triform,GendNone,Oral,,,t.|s.,
L003619,tenda,noun,,,,,Triform,GendNone,Nasal,,,t.|s.,
L003620,tendagua,adj,,,,,,,Nasal,,,t.|adj.,
L003621,tenda'ỹme,adv,,,,,,,Nasal,,CHECK_NASAL_COMPOUND,t.|adv.,
L003622,tendota,noun,,,,,Triform,GendNone,Nasal,,,t.|s.,
L003623,tendu,noun,,,,,Triform,GendNone,Nasal,,,t.|s.,
L003624,tenduha,noun,,,,,Triform,GendNone,Nasal,,,t.|s.,
L003625,tendy,noun,,,,,Triform,GendNone,Nasal,,,t.|s.,
L003626,tendyva,noun,,,,,Triform,GendNone,Nasal,,,t.|s.,
L003627,ténge,adv,,,,,,,Nasal,,,adv.,
L003628,tenimbe,noun,,,,,Triform,GendNone,Nasal,,,t.|s.,
L003629,tenimbo,noun,,,,,Triform,GendNone,Nasal,,,t.|s.,
L003630,tenói,noun,,,,,Triform,GendNone,Oral,,,t.|s.,
L003631,tenonde,noun,,,,,Uniform,GendNone,Nasal,,,s.|adv.,
L003631,tenonde,adv,,,,,,,Nasal,,,s.|adv.,
L003632,tenondegua,adj,,,,,,,Nasal,,,t.|adj.|s.,
L003632,tenondegua,noun,,,,,Triform,GendNone,Nasal,,,t.|adj.|s.,
L003633,tenondekue,noun,,,,,Triform,GendNone,Nasal,,,t.|s.,
L003634,tenondépe,adv,,,,,,,Nasal,,,t.|adv.,
L003635,tenonderã,noun,,,,,Triform,GendNone,Nasal,,,t.|s.,
L003636,tenondevegua,adj,,,,,,,Nasal,,,t.|adj.,
L003637,tenondévo,adv,,,,,,,Nasal,,,t.|adv.,
L003638,tenyhẽ,noun,,,,,Triform,GendNone,Nasal,,,t.|s.,
L003639,tenypy'ã,noun,,,,,Triform,GendNone,Nasal,,,t.|s.,
L003640,tenyvanga,noun,,,,,Triform,GendNone,Nasal,,,t.|s.,
L003641,teñói,noun,,,,,Triform,GendNone,Nasal,,,t.|s.,
L003642,teñoiha,noun,,,,,Triform,GendNone,Nasal,,,t.|s.,
L003643,te'õ,noun,,,,,Triform,GendNone,Nasal,,,t.|s.,
L003644,te'õngue,noun,,,,,Triform,GendNone,Nasal,,CHECK_NASAL_COMPOUND,t.|s.,
L003645,tepy,noun,,,,,Triform,GendNone,Oral,,,t.|s.,
L003646,tepyguejy,noun,,,,,Triform,GendNone,Oral,,,t.|s.,
L003647,tepykue,noun,,,,,Triform,GendNone,Oral,,,t.|s.,
L003648,téra,noun,,,,,Triform,GendNone,Oral,,,t.|s.,
L003649,tẽra,conj,,,,,,,Nasal,,,conj.,
L003650,teraguapy,noun,,,,,Triform,GendNone,Oral,,,t.|s.,
L003651,teraite,noun,,,,,Triform,GendNone,Oral,,,t.|s.,
L003652,terajoapy,noun,,,,,Triform,GendNone,Oral,,,neol.|t.|s.,
L003653,terakuã,noun,,,,,Triform,GendNone,Nasal,,,t.|s.,
L003654,térare,adv,,,,,,,Oral,,,t.|adv.,
L003655,terarerekoha,noun,,,,,Triform,GendNone,Oral,,,t.|s.,
L003656,teraryru,noun,,,,,Triform,GendNone,Oral,,,t.|s.,
L003657,terei,adv,,,,,,,Oral,,,adv.,
L003658,teekoha,noun,,,,,Triform,GendNone,Oral,,,t.|s.,
L003659,terekose,noun,,,,,Triform,GendNone,Oral,,,t.|s.,
L003660,terekua,noun,,,,,Triform,GendNone,Oral,,,t.|s.,
L003661,terekua'ỹ,noun,,,,,Triform,GendNone,Nasal,,,t.|s.,
L003662,terere,noun,,,,,Uniform,GendNone,Oral,,,s.,
L003663,tero,other,,,,,,,Oral,,,t.,
L003664,tero,noun,,,,,Uniform,GendNone,Oral,,,h.|s.,
L003665,teroja,other,,,,,,,Oral,,,t.,
L003666,tesa,noun,,,,,Triform,GendNone,Oral,,,t.|s.,
L003667,tesa'ã,noun,,,,,Triform,GendNone,Nasal,,,t.|s.,
L003668,tesa'i,noun,,,,,Triform,GendNone,Oral,,,t.|s.,
L003669,tesaĩ,noun,,,,,Triform,GendNone,Nasal,,,t.|s.,
L003670,tesairũ,noun,,,,,Triform,GendNone,Nasal,,,neol.|t.|s.,
L003671,tesajajái,noun,,,,,Triform,GendNone,Oral,,,t.|s.,
L003672,tesaká,noun,,,,,Triform,GendNone,Oral,,,t.|s.,
L003673,tesakãhápe,adv,,,,,,,Nasal,,CHECK_NASAL_COMPOUND,t.|adv.,
L003674,tesakãme,adv,,,,,,,Nasal,,CHECK_NASAL_COMPOUND,t.|adv.,
L003675,tesakã'ỹ,noun,,,,,Triform,GendNone,Nasal,,CHECK_NASAL_COMPOUND,t.|s.,
L003676,tesake,noun,,,,,Triform,GendNone,Oral,,,t.|s.,
L003677,tesakua,noun,,,,,Triform,GendNone,Oral,,,t.|s.,
L003678,tesakuape,adj,,,,,,,Oral,,,t.|adj.,
L003679,tesakuare,noun,,,,,Triform,GendNone,Oral,,,t.|s.,
L003680,tesangy,adj,,,,,,,Nasal,,,t.|adj.,
L003681,tesape,noun,,,,,Triform,GendNone,Oral,,,t.|s.,
L003682,tesape'a,noun,,,,,Triform,GendNone,Oral,,,t.|s.,
L003683,tesapirĩ,noun,,,,,Triform,GendNone,Nasal,,,t.|s.,
L003684,tesapirĩme,adv,,,,,,,Nasal,,CHECK_NASAL_COMPOUND,t.|adv.,
L003685,tesapyso,noun,,,,,Triform,GendNone,Oral,,,t.|s.,
L003686,tesarái,noun,,,,,Triform,GendNone,Oral,,,t.|s.,
L003687,tesareko,noun,,,,,Triform,GendNone,Oral,,,t.|s.,
L003688,tesaruru,noun,,,,,Triform,GendNone,Oral,,,t.|s.,
L003689,tesatĩ,noun,,,,,Triform,GendNone,Nasal,,,t.|s.,
L003690,tesatũ,noun,,,,,Triform,GendNone,Nasal,,,t.|s.,
L003691,tesavi,noun,,,,,Triform,GendNone,Oral,,,t.|s.,
L003692,tesay,noun,,,,,Triform,GendNone,Oral,,,t.|s.,
L003693,tesa'ỹi,noun,,,,,Triform,GendNone,Nasal,,,t.|s.,
L003694,tesa'yju,noun,,,,,Triform,GendNone,Oral,,,t.|s.,
L003695,tesayku,noun,,,,,Triform,GendNone,Oral,,,t.|s.,
L003696,teta,noun,,,,,Triform,GendNone,Oral,,,t.|s.,
L003697,tetã,noun,,,,,Triform,GendNone,Nasal,,,t.|s.,
L003698,tetãygua,adj,,,,,,,Nasal,,CHECK_NASAL_COMPOUND,t.|adj.,
L003699,tete,noun,,,,,Triform,GendNone,Oral,,,t.|s.,
L003700,tetéu,noun,,,,,Triform,GendNone,Oral,,,t.|s.,
L003701,tetia'e,noun,,,,,Triform,GendNone,Oral,,,t.|s.,
L003702,tetyma,noun,,,,,Triform,GendNone,Oral,,,t.|s.,
L003703,tetymakarẽ,noun,,,,,Triform,GendNone,Nasal,,,t.|s.,
L003704,tevi,noun,,,,,Triform,GendNone,Oral,,,t.|s.,
L003705,tevikua,noun,,,,,Triform,GendNone,Oral,,,t.|s.,
L003706,tĩ,noun,,,,,Uniform,GendNone,Nasal,,,s.,
L003707,ti'atã,adj,,,,,,,Nasal,,,adj.|s.,
L003707,ti'atã,noun,,,,,Uniform,GendNone,Nasal,,,adj.|s.,
L003708,tĩcha'ĩ,noun,,,,,Uniform,GendNone,Nasal,,,s.,
L003709,tie'ỹ,adj,,,,,,,Nasal,,,adj.,
L003710,tĩgua,adj,,,,,,,Nasal,,,adj.,
L003711,timbo,noun,,,,,Uniform,GendNone,Nasal,,,s.,
L003712,timbo'o,verb,Areal,Transitive,false,,,,Nasal,,CHECK_VERB_CLASS|CHECK_TRANSITIVITY,v. pr.,desempolvar
L003713,tĩmbu,noun,,,,,Uniform,GendNone,Nasal,,,s.|v. pr.,
L003713,tĩmbu,verb,Areal,,false,,,,Nasal,,CHECK_VERB_CLASS|CHECK_TRANSITIVITY,s.|v. pr.,
L003714,tindy,adj,,,,,,,Nasal,,,adj.|s.,
L003714,tindy,noun,,,,,Uniform,GendNone,Nasal,,,adj.|s.,
L003715,tingua,noun,,,,,Uniform,GendNone,Nasal,,,s.,
L003716,tinguaha,noun,,,,,Uniform,GendNone,Nasal,,,s.,
L003717,tini,adj,,,,,,,Oral,,,adj.,
L003718,tĩñe'ẽ,noun,,,,,Uniform,GendNone,Nasal,,,s.|v. pr.,
L003718,tĩñe'ẽ,verb,Areal,,false,,,,Nasal,,CHECK_VERB_CLASS|CHECK_TRANSITIVITY,s.|v. pr.,
L003719,tĩpa'ã,adj,,,,,,,Nasal,,,adj.|s.|v. atr.,
L003719,tĩpa'ã,noun,,,,,Uniform,GendNone,Nasal,,,adj.|s.|v. atr.,
L003719,tĩpa'ã,verb,Chendal,,false,,,,Nasal,,CHECK_TRANSITIVITY,adj.|s.|v. atr.,
L003720,tiri,adj,,,,,,,Oral,,,adj.|s.|v. pr.,
L003720,tiri,noun,,,,,Uniform,GendNone,Oral,,,adj.|s.|v. pr.,
L003720,tiri,verb,Areal,,false,,,,Oral,,CHECK_VERB_CLASS|CHECK_TRANSITIVITY,adj.|s.|v. pr.,
L003721,tĩruguy,noun,,,,,Uniform,GendNone,Nasal,,,s.,
L003722,tĩsyry,adj,,,,,,,Nasal,,,adj.|s.|v. atr.,
L003722,tĩsyry,noun,,,,,Uniform,GendNone,Nasal,,,adj.|s.|v. atr.,
L003722,tĩsyry,verb,Chendal,,false,,,,Nasal,,CHECK_TRANSITIVITY,adj.|s.|v. atr.,
L003723,togue,noun,,,,,Triform,GendNone,Oral,,,t.|s.,
L003724,togue'a,adj,,,,,,,Oral,,,t.|adj.,
L003725,tokái,noun,,,,,Triform,GendNone,Oral,,,t.|s.,
L003726,tokoro'o,noun,,,,,Uniform,GendNone,Oral,,,s.|v. pr.,
L003726,tokoro'o,verb,Areal,,false,,,,Oral,,CHECK_VERB_CLASS|CHECK_TRANSITIVITY,s.|v. pr.,
L003727,toky,noun,,,,,Triform,GendNone,Oral,,,t.|s.,
L003728,toky'o,noun,,,,,Triform,GendNone,Oral,,,t.|s.,
L003729,tope,noun,,,,,Triform,GendNone,Oral,,,t.|s.,
L003730,topea,noun,,,,,Triform,GendNone,Oral,,,t.|s.,
L003731,topeky,noun,,,,,Triform,GendNone,Oral,,,t.|s.,
L003732,topepi,noun,,,,,Triform,GendNone,Oral,,,t.|s.,
L003733,topepireko,noun,,,,,Triform,GendNone,Oral,,,t.|s.,
L003734,topeta,verb,Areal,Transitive,false,,,,Oral,,CHECK_TRANSITIVITY,h.|v.,chocar
L003735,tororõ,noun,,,,,Uniform,GendNone,Nasal,,,s.,
L003736,tory,noun,,,,,Triform,GendNone,Oral,,,t.|s.,
L003737,toryja,noun,,,,,Triform,GendNone,Oral,,,t.|s.,
L003738,toryjára,noun,,,,,Triform,GendNone,Oral,,,t.|s.,
L003739,torypópe,adv,,,,,,,Oral,,,t.|adv.,
L003740,tosã,noun,,,,,Triform,GendNone,Nasal,,,t.|s.,
L003741,tova,noun,,,,,Triform,GendNone,Oral,,,t.|s.,
L003742,tova'atã,adj,,,,,,,Nasal,,,t.|adj.|s.,
L003742,tova'atã,noun,,,,,Triform,GendNone,Nasal,,,t.|adj.|s.,
L003743,tova'atãme,adv,,,,,,,Nasal,,CHECK_NASAL_COMPOUND,t.|adv.,
L003744,tovacha'ĩ,noun,,,,,Triform,GendNone,Nasal,,,t.|s.,
L003745,továi,adv,,,,,,,Oral,,,t.|adv.,
L003746,tovaja,noun,,,,,Triform,GendNone,Oral,,,t.|s.,
L003747,tovaképe,other,,,,,,,Oral,,,t.,
L003748,tovameguã,noun,,,,,Triform,GendNone,Nasal,,,t.|s.,
L003749,tovameguã,adj,,,,,,,Nasal,,,t.|adj.|s.,
L003749,tovameguã,noun,,,,,Triform,GendNone,Nasal,,,t.|adj.|s.,
L003750,tovapete,noun,,,,,Triform,GendNone,Oral,,,t.|s.,
L003751,tovasa,noun,,,,,Triform,GendNone,Oral,,,t.|s.,
L003752,tovasy,noun,,,,,Triform,GendNone,Oral,,,t.|s.,
L003753,tovatavy,adj,,,,,,,Oral,,,t.|adj.|s.,
L003753,tovatavy,noun,,,,,Triform,GendNone,Oral,,,t.|adj.|s.,
L003754,tovayke,noun,,,,,Triform,GendNone,Oral,,,t.|s.,
L003755,tove,adv,,,,,,,Oral,,,adv.,
L003756,toviru,noun,,,,,Triform,GendNone,Oral,,,t.|s.,
L003757,tovy,noun,,,,,Triform,GendNone,Oral,,,t.|s.,
L003758,tovykã,noun,,,,,Triform,GendNone,Nasal,,,t.|s.,
L003759,to'ysã,noun,,,,,Triform,GendNone,Nasal,,,t.|s.,
L003760,tu'ã,noun,,,,,Triform,GendNone,Nasal,,,t.|s.,
L003761,tu'ãmengua,noun,,,,,Triform,GendNone,Nasal,,CHECK_NASAL_COMPOUND,t.|s.,
L003762,tuanga,noun,,,,,Uniform,GendNone,Nasal,,,s.,
L003763,tu'ã'o,verb,Areal,,false,,,,Nasal,,CHECK_TRANSITIVITY,t.|v.,
L003764,tugua,noun,,,,,Triform,GendNone,Oral,,,t.|s.,
L003765,tuguái,noun,,,,,Triform,GendNone,Oral,,,t.|s.,
L003766,tuguare,noun,,,,,Triform,GendNone,Oral,,,t.|s.,
L003767,tugua,noun,,,,,Triform,GendNone,Oral,,,t.|s.,
L003768,tugua'ỹ,noun,,,,,Triform,GendNone,Nasal,,,t.|s.,
L003769,tuguy,noun,,,,,Triform,GendNone,Oral,,,t.|s.,
L003770,tuguyho,noun,,,,,Triform,GendNone,Oral,,,t.|s.,
L003771,tuguy'i,noun,,,,,Triform,GendNone,Oral,,,t.|s.,
L003772,tuicha,adj,,,,,,,Oral,,,adj.|adv.,
L003772,tuicha,adv,,,,,,,Oral,,,adj.|adv.,
L003773,tuichaite,adj,,,,,,,Oral,,,adj.,
L003774,tuichaiteve,adj,,,,,,,Oral,,,adj.,
L003775,tuja,adj,,,,,,,Oral,,,adj.,
L003776,tujakue,noun,,,,,Uniform,GendNone,Oral,,,s.,
L003777,tuju,noun,,,,,Uniform,GendNone,Oral,,,s.,
L003778,tujuju,noun,,,,,Uniform,GendNone,Oral,,,s.,
L003779,tujukua,noun,,,,,Uniform,GendNone,Oral,,,s.,
L003780,tujupyre,adj,,,,,,,Oral,,,adj.,
L003781,tukã,noun,,,,,Uniform,GendNone,Nasal,,,s.,
L003782,tuku,noun,,,,,Uniform,GendNone,Oral,,,s.,
L003783,tukumbo,adj,,,,,,,Nasal,,,adj.|s.,
L003783,tukumbo,noun,,,,,Uniform,GendNone,Nasal,,,adj.|s.,
L003784,tumby,noun,,,,,Triform,GendNone,Nasal,,,t.|s.,
L003785,tumi,adj,,,,,,,Oral,,,adj.,
L003786,tumipyre,adj,,,,,,,Oral,,,adj.,
L003787,túna,noun,,,,,Uniform,GendNone,Oral,,,s.,
L003788,tungusu,noun,,,,,Uniform,GendNone,Nasal,,,s.,
L003789,tupa,noun,,,,,Triform,GendNone,Oral,,,t.|s.,
L003790,tupã,noun,,,,,Uniform,GendNone,Nasal,,,s.,
L003791,tupãitu,noun,,,,,Uniform,GendNone,Nasal,,CHECK_NASAL_COMPOUND,s.,
L003792,tupãmba'e,noun,,,,,Uniform,GendNone,Nasal,,CHECK_NASAL_COMPOUND,s.,
L003793,tupãmba'ejára,noun,,,,,Uniform,GendNone,Nasal,,CHECK_NASAL_COMPOUND,s.,
L003794,tupanói,verb,Areal,,false,,,,Oral,,CHECK_VERB_CLASS|CHECK_TRANSITIVITY,v. pr.,
L003795,tupão,noun,,,,,Uniform,GendNone,Nasal,,,s.,
L003796,tupãsy,noun,,,,,Uniform,GendNone,Nasal,,,s.,
L003797,tupe,adj,,,,,,,Oral,,,adj.,
L003798,tupi,noun,,,,,Uniform,GendNone,Oral,,,s.,
L003799,tupi'a,noun,,,,,Triform,GendNone,Oral,,,t.|s.,
L003800,tupi'áicha,adj,,,,,,,Oral,,,t.|adj.,
L003801,tupyty,noun,,,,,Triform,GendNone,Oral,,,t.|s.,
L003802,turu,noun,,,,,Uniform,GendNone,Oral,,,s.,
L003803,turuñe'ẽ,noun,,,,,Uniform,GendNone,Nasal,,CHECK_NASAL_COMPOUND,s.|v. pr.,
L003803,turuñe'ẽ,verb,Areal,,false,,,,Nasal,,CHECK_NASAL_COMPOUND|CHECK_VERB_CLASS|CHECK_TRANSITIVITY,s.|v. pr.,
L003804,turuñe'ẽha,noun,,,,,Uniform,GendNone,Nasal,,CHECK_NASAL_COMPOUND,s.,
L003805,tutu,verb,Areal,,false,,,,Oral,,CHECK_VERB_CLASS|CHECK_TRANSITIVITY,v. pr.,
L003806,tu'u,verb,Areal,Intransitive,false,,,,Oral,,CHECK_VERB_CLASS|CHECK_TRANSITIVITY,v. pr.,persistir
L003807,tu'ũ,noun,,,,,Triform,GendNone,Nasal,,,t.|s.,
L003808,túva,noun,,,,,Uniform,GendNone,Oral,,,s.,
L003809,tuvanga,noun,,,,,Uniform,GendNone,Nasal,,,s.,
L003810,tuva'ỹva,noun,,,,,Uniform,GendNone,Nasal,,CHECK_NASAL_COMPOUND,s.,
L003811,tuvicha,noun,,,,,Triform,GendNone,Oral,,,t.|s.,
L003812,ty,noun,,,,,Uniform,GendNone,Oral,,,s.,
L003813,tyai,adj,,,,,,,Oral,,,adj.,
L003814,ty'ái,noun,,,,,Triform,GendNone,Oral,,,t.|s.,
L003815,tyakuã,noun,,,,,Triform,GendNone,Nasal,,,t.|s.,
L003816,tyapu,noun,,,,,Triform,GendNone,Oral,,,t.|s.,
L003817,tyapúpe,adv,,,,,,,Oral,,,t.|adv.,
L003818,tyarõ,adj,,,,,,,Nasal,,,adj.|s.,
L003818,tyarõ,noun,,,,,Uniform,GendNone,Nasal,,,adj.|s.,
L003819,tye,noun,,,,,Triform,GendNone,Oral,,,t.|s.,
L003820,tyeguy,noun,,,,,Triform,GendNone,Oral,,,t.|s.,
L003821,tyeju,noun,,,,,Triform,GendNone,Oral,,,t.|s.,
L003822,tyekuesẽ,noun,,,,,Triform,GendNone,Nasal,,,t.|s.,
L003823,tyembovo,noun,,,,,Triform,GendNone,Nasal,,,neol.|t.|s.,
L003824,tyepy,noun,,,,,Triform,GendNone,Oral,,,t.|s.,
L003825,tyepypegua,adj,,,,,,,Oral,,,t.|adj.,
L003826,tyerasy,noun,,,,,Triform,GendNone,Oral,,,t.|s.,
L003827,tyguatã,noun,,,,,Triform,GendNone,Nasal,,,t.|s.,
L003828,tyjúi,noun,,,,,Triform,GendNone,Oral,,,t.|s.,
L003829,tykéra,noun,,,,,Uniform,GendNone,Oral,,,s.,
L003830,tyku,noun,,,,,Triform,GendNone,Oral,,,t.|s.,
L003831,tykua,verb,Aireal,,false,,,,Oral,,CHECK_TRANSITIVITY,v. air.,
L003832,tykue,noun,,,,,Triform,GendNone,Oral,,,t.|s.,
L003833,tyky,noun,,,,,Uniform,GendNone,Oral,,,s.|v. pr.,
L003833,tyky,verb,Areal,,false,,,,Oral,,CHECK_VERB_CLASS|CHECK_TRANSITIVITY,s.|v. pr.,
L003834,tykyre,noun,,,,,Uniform,GendNone,Oral,,,s.,
L003835,tymba,noun,,,,,Triform,GendNone,Nasal,,,t.|s.,
L003836,tymba'api,noun,,,,,Triform,GendNone,Nasal,,,t.|s.,
L003837,tymba'apiha,noun,,,,,Triform,GendNone,Nasal,,,t.|s.,
L003838,typei,verb,Aireal,,false,,,,Oral,,CHECK_TRANSITIVITY,v. air.,
L003839,typeka,verb,Aireal,Ambitransitive,false,,,,Oral,,CHECK_TRANSITIVITY|CHECK_AMBITRANSITIVE,v. air.,escarbar
L003840,typy,noun,,,,,Triform,GendNone,Oral,,,t.|s.,
L003841,typy'a,noun,,,,,Triform,GendNone,Oral,,,t.|s.,
L003842,typycha,noun,,,,,Uniform,GendNone,Oral,,,s.,
L003843,typy'ũ,noun,,,,,Triform,GendNone,Nasal,,,t.|s.,
L003844,tyrape,noun,,,,,Uniform,GendNone,Oral,,,s.,
L003845,tyre'ỹ,adj,,,,,,,Nasal,,,adj.|s.,
L003845,tyre'ỹ,noun,,,,,Uniform,GendNone,Nasal,,,adj.|s.,
L003846,tyru,noun,,,,,Triform,GendNone,Oral,,,t.|s.,
L003847,tyryry,verb,Areal,Intransitive,false,,,,Oral,,CHECK_VERB_CLASS|CHECK_TRANSITIVITY,v. pr.,reptar
L003848,tyvatã,noun,,,,,Triform,GendNone,Nasal,,,t.|s.,
L003849,tyvi,noun,,,,,Uniform,GendNone,Oral,,,s.,
L003850,tyvy,noun,,,,,Uniform,GendNone,Oral,,,s.,
L003851,tyvyo,noun,,,,,Uniform,GendNone,Oral,,,s.,
L003852,tyvyro,verb,Aireal,Transitive,false,,,,Oral,,CHECK_TRANSITIVITY,v. air.,sacudir
L003853,tyvyta,noun,,,,,Uniform,GendNone,Oral,,,s.,
L003854,tyvyty,noun,,,,,Uniform,GendNone,Oral,,,s.,
L003855,u,verb,Areal,Intransitive,false,,,,Oral,,CHECK_TRANSITIVITY,v.,acudir
L003856,'u,verb,Areal,,false,,,,Oral,,CHECK_TRANSITIVITY,v.,
L003857,uha,noun,,,,,Uniform,GendNone,Oral,,,s.,
L003858,uhéi,noun,,,,,Uniform,GendNone,Oral,,,s.,
L003859,u'i,noun,,,,,Uniform,GendNone,Oral,,,s.,
L003860,uka,suf,,,,,,,Oral,,,suf. a. v.,
L003860,uka,verb,Areal,Transitive,false,,,,Oral,,CHECK_TRANSITIVITY,suf. a. v.,mandar
L003861,uke'i,noun,,,,,Uniform,GendNone,Oral,,,s.,
L003862,umi,adj,,,,,,,Oral,,,adj.,
L003863,umícha,adv,,,,,,,Oral,,,adv.,
L003864,umichagua,adj,,,,,,,Oral,,,adj.,
L003865,umíva,pron,,,,,,,Oral,,,pron. dem.,
L003865,umíva,dem,,,,,,,Oral,,,pron. dem.,
L003866,upe,adj,,,,,,,Oral,,,adj.,
L003867,upearã,conj,,,,,,,Nasal,,,conj.,
L003868,upéare,conj,,,,,,,Oral,,,conj.,
L003869,upéi,adv,,,,,,,Oral,,,adv.,
L003870,upéicha,adv,,,,,,,Oral,,,adv.,
L003871,upeichagua,adj,,,,,,,Oral,,,adj.,
L003872,upeicharõ,conj,,,,,,,Nasal,,,conj.,
L003873,upeigua,adj,,,,,,,Oral,,,adj.,
L003874,upekuévo,conj,,,,,,,Oral,,,conj.,
L003875,upépe,adv,,,,,,,Oral,,,adv.,
L003876,upepete,adv,,,,,,,Oral,,,adv.,
L003877,upepeve,adv,,,,,,,Oral,,,adv.,
L003878,upéramo,adv,,,,,,,Oral,,,adv.|conj.,
L003878,upéramo,conj,,,,,,,Oral,,,adv.|conj.,
L003879,uperiregua,adj,,,,,,,Oral,,,adj.,
L003880,upérõ,adv,,,,,,,Nasal,,,adv.,
L003881,upérupi,adv,,,,,,,Oral,,,adv.,
L003882,upéva,pron,,,,,,,Oral,,,pron. dem.,
L003882,upéva,dem,,,,,,,Oral,,,pron. dem.,
L003883,upévagui,conj,,,,,,,Oral,,,conj.,
L003884,upevaite,exp,,,,,,,Oral,,,exp.,
L003885,upévare,conj,,,,,,,Oral,,,conj.,
L003886,upeve,adv,,,,,,,Oral,,,adv.,
L003887,upevére,conj,,,,,,,Oral,,,conj.,
L003888,upévo,adv,,,,,,,Oral,,,adv.,
L003889,úra,noun,,,,,Uniform,GendNone,Oral,,,s.,
L003890,uru,noun,,,,,Uniform,GendNone,Oral,,,s.,
L003891,urumbe,noun,,,,,Uniform,GendNone,Nasal,,,s.,
L003892,urunde'y,noun,,,,,Uniform,GendNone,Nasal,,,s.,
L003893,urupe,noun,,,,,Uniform,GendNone,Oral,,,s.,
L003894,urutau,noun,,,,,Uniform,GendNone,Oral,,,s.,
L003895,use,noun,,,,,Uniform,GendNone,Oral,,,s.,
L003896,úva,noun,,,,,Uniform,GendNone,Oral,,,s.,
L003897,uvei,conj,,,,,,,Oral,,,conj.,
L003898,va,noun,,,,,Uniform,GendNone,Oral,,,s.|v. pr.,
L003898,va,verb,Areal,Ambitransitive,false,,,,Oral,,CHECK_VERB_CLASS|CHECK_TRANSITIVITY|CHECK_AMBITRANSITIVE,s.|v. pr.,migrar
L003899,vã,adj,,,,,,,Nasal,,,adj.|v. atr.,
L003899,vã,verb,Chendal,,false,,,,Nasal,,CHECK_TRANSITIVITY,adj.|v. atr.,
L003900,va'ekue,adv,,,,,,,Oral,,,adv. de tiempo,
L003901,va'erã,adv,,,,,,,Nasal,,,adv.,
L003902,vai,adj,,,,,,,Oral,,,adj.,
L003903,vaicha,adv,,,,,,,Oral,,,adv.,
L003904,vaietépe,adv,,,,,,,Oral,,,adv.,
L003905,vaiha,noun,,,,,Uniform,GendNone,Oral,,,s.,
L003906,vaihápe,adv,,,,,,,Oral,,,adv.,
L003907,vaikue,adj,,,,,,,Oral,,,adj.,
L003908,váiro,adj,,,,,,,Oral,,,adj.,
L003909,vaive,adj,,,,,,,Oral,,,adj.,
L003910,vaka,noun,,,,,Uniform,GendNone,Oral,,,h.|s.,
L003911,vakame,noun,,,,,Uniform,GendNone,Oral,,,neol.|s.,
L003912,vakapi,noun,,,,,Uniform,GendNone,Oral,,,s.,
L003913,vakara'y,noun,,,,,Uniform,GendNone,Oral,,,h.|s.,
L003914,vava,noun,,,,,Uniform,GendNone,Oral,,,s.,
L003915,va'ỹva,adj,,,,,,,Nasal,,,adj.,
L003916,vera,adj,,,,,,,Oral,,,adj.|s.|v. pr.,
L003916,vera,noun,,,,,Uniform,GendNone,Oral,,,adj.|s.|v. pr.,
L003916,vera,verb,Areal,Intransitive,false,,,,Oral,,CHECK_VERB_CLASS|CHECK_TRANSITIVITY,adj.|s.|v. pr.,brillar
L003917,verapy,noun,,,,,Uniform,GendNone,Oral,,,neol.|s.,
L003918,veve,noun,,,,,Uniform,GendNone,Oral,,,s.|v. pr.,
L003918,veve,verb,Areal,Intransitive,false,,,,Oral,,CHECK_VERB_CLASS|CHECK_TRANSITIVITY,s.|v. pr.,flamear
L003919,vevúi,adj,,,,,,,Oral,,,adj.|v. pr.|adv.,
L003919,vevúi,verb,Areal,Intransitive,false,,,,Oral,,CHECK_VERB_CLASS|CHECK_TRANSITIVITY,adj.|v. pr.|adv.,flotar
L003919,vevúi,adv,,,,,,,Oral,,,adj.|v. pr.|adv.,
L003920,vevuikue,noun,,,,,Uniform,GendNone,Oral,,,s.,
L003921,vira,verb,Areal,,false,,,,Oral,,CHECK_TRANSITIVITY,h.|v.,
L003922,virãi,adj,,,,,,,Nasal,,,adj.,
L003923,viravíra,noun,,,,,Uniform,GendNone,Oral,,,s.,
L003924,viru,noun,,,,,Uniform,GendNone,Oral,,,h.|s.,
L003925,virume'ẽ,noun,,,,,Uniform,GendNone,Nasal,,,s.|v. pr.,
L003925,virume'ẽ,verb,Areal,Transitive,false,,,,Nasal,,CHECK_VERB_CLASS|CHECK_TRANSITIVITY,s.|v. pr.,desembolsar
L003926,virureruha,adj,,,,,,,Oral,,,adj.,
L003927,viruróga,noun,,,,,Uniform,GendNone,Oral,,,neol.|s.,
L003928,vo,noun,,,,,Uniform,GendNone,Oral,,,s.|v. pr.|p. n.,
L003928,vo,verb,Areal,,false,,,,Oral,,CHECK_VERB_CLASS|CHECK_TRANSITIVITY,s.|v. pr.|p. n.,
L003929,vokói,adv,,,,,,,Oral,,,adv.,
L003930,vokóike,adv,,,,,,,Oral,,,adv.,
L003931,vore,noun,,,,,Uniform,GendNone,Oral,,,s.,
L003932,vorivori,noun,,,,,Uniform,GendNone,Oral,,,s.,
L003933,vove,other,,,,,,,Oral,,,p. n.,
L003934,vovo,noun,,,,,Uniform,GendNone,Oral,,,s.,
L003935,vu,verb,Areal,,false,,,,Oral,,CHECK_VERB_CLASS|CHECK_TRANSITIVITY,v. pr.,
L003936,vuruháka,noun,,,,,Uniform,GendNone,Oral,,,s.,
L003937,vy,suf,,,,,,,Oral,,,suf. a. n.|suf. a. v.,
L003937,vy,verb,Areal,,false,,,,Oral,,CHECK_TRANSITIVITY,suf. a. n.|suf. a. v.,
L003938,vy'a,noun,,,,,Uniform,GendNone,Oral,,,s.|v. pr.,
L003938,vy'a,verb,Areal,Intransitive,false,,,,Oral,,CHECK_VERB_CLASS|CHECK_TRANSITIVITY,s.|v. pr.,gozar
L003939,vy'aha,noun,,,,,Uniform,GendNone,Oral,,,s.,
L003940,vy'apavẽ,noun,,,,,Uniform,GendNone,Nasal,,,s.,
L003941,vy'arenda,other,,,,,,,Nasal,,,neol.,
L003942,vy'a'ỹva,noun,,,,,Uniform,GendNone,Nasal,,CHECK_NASAL_COMPOUND,s.,
L003943,vyrorei,noun,,,,,Uniform,GendNone,Oral,,,s.,
L003944,vyso,verb,Areal,Transitive,false,,,,Oral,,CHECK_VERB_CLASS|CHECK_TRANSITIVITY,v. pr.,alargar
L003945,vyvy,verb,Areal,,false,,,,Oral,,CHECK_TRANSITIVITY,v.,
L003946,vyvypy,noun,,,,,Uniform,GendNone,Oral,,,s.,
L003947,y,noun,,,,,Uniform,GendNone,Oral,,,s.,
L003948,'ỹ,other,,,,,,,Nasal,,,p. n.,
L003949,yapeno,noun,,,,,Uniform,GendNone,Oral,,,s.,
L003950,yga,noun,,,,,Uniform,GendNone,Oral,,,s.,
L003951,ygape,noun,,,,,Uniform,GendNone,Oral,,,s.,
L003952,ygapóra,noun,,,,,Uniform,GendNone,Oral,,,s.,
L003953,ygarape,noun,,,,,Uniform,GendNone,Oral,,,s.,
L003954,ygarata,noun,,,,,Uniform,GendNone,Oral,,,s.,
L003955,ygarupa,noun,,,,,Uniform,GendNone,Oral,,,s.,
L003956,ygary,noun,,,,,Uniform,GendNone,Oral,,,s.,
L003957,ygatĩ,noun,,,,,Uniform,GendNone,Nasal,,,s.,
L003958,ygáu,noun,,,,,Uniform,GendNone,Oral,,,s.,
L003959,ygua,noun,,,,,Uniform,GendNone,Oral,,,s.,
L003960,yguasu,noun,,,,,Uniform,GendNone,Oral,,,s.,
L003961,ygue,adj,,,,,,,Oral,,,adj.|s.,
L003961,ygue,noun,,,,,Uniform,GendNone,Oral,,,adj.|s.,
L003962,yguy,adj,,,,,,,Oral,,,adj.|s.|v.,
L003962,yguy,noun,,,,,Uniform,GendNone,Oral,,,adj.|s.|v.,
L003962,yguy,verb,Areal,,false,,,,Oral,,CHECK_TRANSITIVITY,adj.|s.|v.,
L003963,yhasa,noun,,,,,Uniform,GendNone,Oral,,,s.,
L003964,yjere,noun,,,,,Uniform,GendNone,Oral,,,s.,
L003965,yjoapy,noun,,,,,Uniform,GendNone,Oral,,,s.,
L003966,ykarai,noun,,,,,Uniform,GendNone,Oral,,,s.,
L003967,yke,noun,,,,,Uniform,GendNone,Oral,,,s.,
L003968,yke'a,adj,,,,,,,Oral,,,adj.,
L003969,ykegua,adj,,,,,,,Oral,,,adj.,
L003970,yképe,adv,,,,,,,Oral,,,adv.,
L003971,ykére,adv,,,,,,,Oral,,,adv.,
L003972,ykeregua,adj,,,,,,,Oral,,,adj.|s.,
L003972,ykeregua,noun,,,,,Uniform,GendNone,Oral,,,adj.|s.,
L003973,yketeĩ,adj,,,,,,,Nasal,,,adj.,
L003974,ykévo,adv,,,,,,,Oral,,,adv.,
L003975,ykua,noun,,,,,Uniform,GendNone,Oral,,,s.,
L003976,yma,adj,,,,,,,Oral,,,adj.|adv.,
L003976,yma,adv,,,,,,,Oral,,,adj.|adv.,
L003977,ymaguare,adj,,,,,,,Oral,,,adj.,
L003978,anacrónico,noun,,,,,Uniform,GendNone,Oral,,,s.|adv.,
L003978,anacrónico,adv,,,,,,,Oral,,,s.|adv.,
L003979,ymaite,adv,,,,,,,Oral,,,adv.,
L003980,ymave,adv,,,,,,,Oral,,,adv.,
L003981,'ỹme,other,,,,,,,Nasal,,,p. n.,
L003982,ymondoro,verb,Areal,,false,,,,Nasal,,CHECK_VERB_CLASS|CHECK_TRANSITIVITY,v. pr.,
L003983,ynambu,noun,,,,,Uniform,GendNone,Nasal,,,s.,
L003984,yno'õ,noun,,,,,Uniform,GendNone,Nasal,,,s.,
L003985,yno'õmbyre,noun,,,,,Uniform,GendNone,Nasal,,CHECK_NASAL_COMPOUND,s.,
L003986,yno'õngue,noun,,,,,Uniform,GendNone,Nasal,,CHECK_NASAL_COMPOUND,s.,
L003987,ypa,noun,,,,,Uniform,GendNone,Oral,,,s.,
L003988,ypa'i,noun,,,,,Uniform,GendNone,Oral,,,s.,
L003989,ypa'ũ,noun,,,,,Uniform,GendNone,Nasal,,,s.,
L003990,ype,noun,,,,,Uniform,GendNone,Oral,,,s.,
L003991,ypegua,adj,,,,,,,Oral,,,adj.,
L003992,ypeguaho,noun,,,,,Uniform,GendNone,Oral,,,s.,
L003993,ypekũ,noun,,,,,Uniform,GendNone,Nasal,,,s.,
L003994,ypekua,noun,,,,,Uniform,GendNone,Oral,,,s.,
L003995,ypi,adj,,,,,,,Oral,,,adj.,
L003996,mustio,noun,,,,,Uniform,GendNone,Oral,,,s.,
L003997,ypóra,noun,,,,,Uniform,GendNone,Oral,,,s.,
L003998,ypy,adj,,,,,,,Oral,,,adj.|s.|v. atr.,
L003998,ypy,noun,,,,,Uniform,GendNone,Oral,,,adj.|s.|v. atr.,
L003998,ypy,verb,Chendal,,false,,,,Oral,,CHECK_TRANSITIVITY,adj.|s.|v. atr.,
L003999,ypykóto,adv,,,,,,,Oral,,,adv.,
L004000,ypykue,adj,,,,,,,Oral,,,adj.|s.,
L004000,ypykue,noun,,,,,Uniform,GendNone,Oral,,,adj.|s.,
L004001,procedencia,other,,,,,,,Oral,,,p. n.,
L004002,ypypegua,adj,,,,,,,Oral,,,adj.,
L004003,ypytũ,adj,,,,,,,Nasal,,,adj.,
L004004,ỹramo,conj,,,,,,,Nasal,,,conj.,
L004005,yrasẽ,noun,,,,,Uniform,GendNone,Nasal,,,s.,
L004006,yrasẽma,noun,,,,,Uniform,GendNone,Nasal,,CHECK_NASAL_COMPOUND,s.,
L004007,'ỹre,other,,,,,,,Nasal,,,p. n.,
L004008,yrembe'y,noun,,,,,Uniform,GendNone,Nasal,,,s.,
L004009,ỹrõ,conj,,,,,,,Nasal,,,conj.,
L004010,yrupe,noun,,,,,Uniform,GendNone,Oral,,,s.,
L004011,yrypy'a,noun,,,,,Uniform,GendNone,Oral,,,s.,
L004012,yrypy'aveve,noun,,,,,Uniform,GendNone,Oral,,,neol.|s.,
L004013,yryvu,noun,,,,,Uniform,GendNone,Oral,,,s.,
L004014,ysã,noun,,,,,Uniform,GendNone,Nasal,,,s.,
L004015,ysaja,noun,,,,,Uniform,GendNone,Oral,,,s.,
L004016,ysapa,noun,,,,,Uniform,GendNone,Oral,,,s.,
L004017,ysapu,noun,,,,,Uniform,GendNone,Oral,,,neol.|s.,
L004018,ysapy,noun,,,,,Uniform,GendNone,Oral,,,s.,
L004019,ysau,noun,,,,,Uniform,GendNone,Oral,,,s.,
L004020,ysauka'a,noun,,,,,Uniform,GendNone,Oral,,,s.,
L004021,ysẽ,noun,,,,,Uniform,GendNone,Nasal,,,s.,
L004022,ysẽha,noun,,,,,Uniform,GendNone,Nasal,,,s.,
L004023,yso,noun,,,,,Uniform,GendNone,Oral,,,s.,
L004024,ysondy,noun,,,,,Uniform,GendNone,Nasal,,,s.,
L004025,ysokamby,noun,,,,,Uniform,GendNone,Nasal,,,s.,
L004026,ysope,noun,,,,,Uniform,GendNone,Oral,,,s.,
L004027,ysotataurã,noun,,,,,Uniform,GendNone,Nasal,,,s.,
L004028,ysy,noun,,,,,Uniform,GendNone,Oral,,,s.,
L004029,ysypo,noun,,,,,Uniform,GendNone,Oral,,,s.,
L004030,ysypoñe'ẽ,noun,,,,,Uniform,GendNone,Nasal,,CHECK_NASAL_COMPOUND,neol.|s.,
L004031,ysyry,noun,,,,,Uniform,GendNone,Oral,,,s.,
L004032,ysyryha,noun,,,,,Uniform,GendNone,Oral,,,s.,
L004033,ysyrysẽ,noun,,,,,Uniform,GendNone,Nasal,,,s.,
L004034,yta,noun,,,,,Uniform,GendNone,Oral,,,s.,
L004035,fundamento,verb,Areal,,false,,,,Nasal,,CHECK_TRANSITIVITY,v.,
L004036,ytaku,noun,,,,,Uniform,GendNone,Oral,,,s.,
L004037,ytakugua,noun,,,,,Uniform,GendNone,Oral,,,s.,
L004038,ytarã,adj,,,,,,,Nasal,,,adj.,
L004039,ytimbo,noun,,,,,Uniform,GendNone,Nasal,,,s.,
L004040,ytororõ,noun,,,,,Uniform,GendNone,Nasal,,,s.,
L004041,ytu,noun,,,,,Uniform,GendNone,Oral,,,s.,
L004042,yty,noun,,,,,Uniform,GendNone,Oral,,,s.,
L004043,ytyapy,noun,,,,,Uniform,GendNone,Oral,,,s.,
L004044,y'u,verb,Areal,Transitive,false,,,,Oral,,CHECK_TRANSITIVITY,v.,sorber
L004045,y'uhéi,adj,,,,,,,Oral,,,adj.|s.|v. atr.,
L004045,y'uhéi,noun,,,,,Uniform,GendNone,Oral,,,adj.|s.|v. atr.,
L004045,y'uhéi,verb,Chendal,,false,,,,Oral,,CHECK_TRANSITIVITY,adj.|s.|v. atr.,
L004046,y'upa,noun,,,,,Uniform,GendNone,Oral,,,s.,
L004047,yvága,noun,,,,,Uniform,GendNone,Oral,,,s.,
L004048,yvagapegua,adj,,,,,,,Oral,,,adj.,
L004049,yvagapy,noun,,,,,Uniform,GendNone,Oral,,,s.,
L004050,yvapo,adv,,,,,,,Oral,,,adv.,
L004051,yvaporoity,noun,,,,,Uniform,GendNone,Oral,,,s.,
L004052,yvapovõ,noun,,,,,Uniform,GendNone,Nasal,,,s.,
L004053,yvapurũ,noun,,,,,Uniform,GendNone,Nasal,,,s.,
L004054,yvate,adj,,,,,,,Oral,,,adj.|s.|adv.,
L004054,yvate,noun,,,,,Uniform,GendNone,Oral,,,adj.|s.|adv.,
L004054,yvate,adv,,,,,,,Oral,,,adj.|s.|adv.,
L004055,yvatekue,noun,,,,,Uniform,GendNone,Oral,,,s.,
L004056,yvateve,adj,,,,,,,Oral,,,adj.,
L004057,yvatevogua,adj,,,,,,,Oral,,,adj.,
L004058,yvaty,noun,,,,,Uniform,GendNone,Oral,,,s.,
L004059,yvemby,noun,,,,,Uniform,GendNone,Nasal,,,s.,
L004060,yvi,adj,,,,,,,Oral,,,adj.|s.,
L004060,yvi,noun,,,,,Uniform,GendNone,Oral,,,adj.|s.,
L004061,yvíra,noun,,,,,Uniform,GendNone,Oral,,,s.,
L004062,yvope,noun,,,,,Uniform,GendNone,Oral,,,s.,
L004063,yvóra,noun,,,,,Uniform,GendNone,Oral,,,s.,
L004064,yvoty,noun,,,,,Uniform,GendNone,Oral,,,s.,
L004065,yvotyja,other,,,,,,,Oral,,,neol.,
L004066,yvotykuru,noun,,,,,Uniform,GendNone,Oral,,,s.,
L004067,yvotyñe'ẽ,noun,,,,,Uniform,GendNone,Nasal,,CHECK_NASAL_COMPOUND,s.,
L004068,yvotyry,noun,,,,,Uniform,GendNone,Oral,,,s.,
L004069,yvotyty,noun,,,,,Uniform,GendNone,Oral,,,s.,
L004070,yvu,noun,,,,,Uniform,GendNone,Oral,,,s.,
L004071,yvuku,adj,,,,,,,Oral,,,adj.,
L004072,yvy,noun,,,,,Uniform,GendNone,Oral,,,s.,
L004073,yvy'a,noun,,,,,Uniform,GendNone,Oral,,,s.,
L004074,yvy'ã,noun,,,,,Uniform,GendNone,Nasal,,,s.,
L004075,yvyakua,noun,,,,,Uniform,GendNone,Oral,,,s.,
L004076,yvyanga,noun,,,,,Uniform,GendNone,Nasal,,,neol.|s.,
L004077,yvyape,noun,,,,,Uniform,GendNone,Oral,,,s.,
L004078,yvyatatĩ,noun,,,,,Uniform,GendNone,Nasal,,,s.,
L004079,yvyguy,adj,,,,,,,Oral,,,adj.|s.,
L004079,yvyguy,noun,,,,,Uniform,GendNone,Oral,,,adj.|s.,
L004080,yvyhevykóy,noun,,,,,Uniform,GendNone,Oral,,,s.,
L004081,yvyja,noun,,,,,Uniform,GendNone,Oral,,,s.,
L004082,yvyjo'o,noun,,,,,Uniform,GendNone,Oral,,,s.|v. pr.,
L004082,yvyjo'o,verb,Areal,Transitive,false,,,,Oral,,CHECK_VERB_CLASS|CHECK_TRANSITIVITY,s.|v. pr.,arar
L004083,yvyjoso,verb,Areal,,false,,,,Oral,,CHECK_VERB_CLASS|CHECK_TRANSITIVITY,v. pr.,
L004084,yvykarãi,verb,Areal,,false,,,,Nasal,,CHECK_VERB_CLASS|CHECK_TRANSITIVITY,v. pr.,
L004085,yvykua,noun,,,,,Uniform,GendNone,Oral,,,s.,
L004086,yvykuaa,noun,,,,,Uniform,GendNone,Oral,,,neol.|s.,
L004087,yvyku'i,noun,,,,,Uniform,GendNone,Oral,,,s.,
L004088,yvyku'ity,noun,,,,,Uniform,GendNone,Oral,,,s.,
L004089,yvymarae'ỹ,noun,,,,,Uniform,GendNone,Nasal,,,s.,
L004090,yvype,noun,,,,,Uniform,GendNone,Oral,,,s.,
L004091,yvypegua,adj,,,,,,,Oral,,,adj.,
L004092,yvypóra,noun,,,,,Uniform,GendNone,Oral,,,s.,
L004093,yvypu'ã,noun,,,,,Uniform,GendNone,Nasal,,,s.,
L004094,yvyra,noun,,,,,Uniform,GendNone,Oral,,,s.,
L004095,yvyra'i,noun,,,,,Uniform,GendNone,Oral,,,s.,
L004096,yvyrakua,noun,,,,,Uniform,GendNone,Oral,,,s.,
L004097,yvyrape,noun,,,,,Uniform,GendNone,Oral,,,s.,
L004098,yvyrareity,verb,Areal,Transitive,false,,,,Oral,,CHECK_VERB_CLASS|CHECK_TRANSITIVITY,v. pr.,desmontar
L004099,yvyraro,noun,,,,,Uniform,GendNone,Oral,,,s.,
L004100,yvyrata,noun,,,,,Uniform,GendNone,Oral,,,s.,
L004101,yvyraty,noun,,,,,Uniform,GendNone,Oral,,,s.,
L004102,yvyray,noun,,,,,Uniform,GendNone,Oral,,,s.,
L004103,yvyraygue,noun,,,,,Uniform,GendNone,Oral,,,s.,
L004104,yvyreja,verb,Areal,Intransitive,false,,,,Oral,,CHECK_VERB_CLASS|CHECK_TRANSITIVITY,v. pr.,despegar
L004105,yvyrekokuaa,noun,,,,,Uniform,GendNone,Oral,,,neol.|s.,
L004106,yvyrekombo'e,noun,,,,,Uniform,GendNone,Nasal,,,neol.|s.,
L004107,yvyrupigua,noun,,,,,Uniform,GendNone,Oral,,,s.,
L004108,yvysoka,noun,,,,,Uniform,GendNone,Oral,,,s.,
L004109,yvysusũ,noun,,,,,Uniform,GendNone,Nasal,,,s.,
L004110,yvytĩ,noun,,,,,Uniform,GendNone,Nasal,,,s.,
L004111,yvytimbo,noun,,,,,Uniform,GendNone,Nasal,,,s.,
L004112,yvytu,noun,,,,,Uniform,GendNone,Oral,,,s.,
L004113,yvyty,noun,,,,,Uniform,GendNone,Oral,,,s.,
L004114,yvyty'ã,noun,,,,,Uniform,GendNone,Nasal,,,s.,
L004115,yvytykua,noun,,,,,Uniform,GendNone,Oral,,,s.,
L004116,yvytymi,noun,,,,,Uniform,GendNone,Oral,,,s.,
L004117,yvytypa'ũ,noun,,,,,Uniform,GendNone,Nasal,,,s.,
L004118,yvytyrusu,noun,,,,,Uniform,GendNone,Oral,,,s.,
L004119,yvyvo,noun,,,,,Uniform,GendNone,Oral,,,s.,
L004120,yvyvovo,noun,,,,,Uniform,GendNone,Oral,,,s.,
